product_code,YEAR,num_complaints,num_recalls,recalls_next_year,recalls_next_2_year
NBW,2015,60955,0,6,2
MQP,2015,258,0,0,1
MHY,2015,3053,1,3,6
NDN,2015,202,0,1,2
KRH,2015,145,0,0,0
DZE,2015,2841,60,26,15
ITJ,2015,1112,0,1,0
NJL,2015,1061,2,3,9
BRZ,2015,167,0,0,0
GAW,2015,418,0,1,0
NIP,2015,596,0,2,3
FFL,2015,79,0,0,0
IOQ,2015,28,0,0,0
OGE,2015,96,0,0,3
DTQ,2015,1172,3,2,2
NEY,2015,90,0,1,12
NQP,2015,38,0,0,0
HTN,2015,33,0,1,0
DWD,2015,38,0,0,0
HXC,2015,33,4,1,0
KWB,2015,30,0,0,0
JID,2015,39,0,0,0
MAL,2015,29,2,0,0
DTM,2015,34,0,0,0
MUM,2015,50,0,0,0
FAT,2015,3,0,0,0
HBT,2015,17,0,0,0
FZZ,2015,7,0,0,0
KDP,2015,13,0,0,0
HWN,2015,8,0,0,0
GKG,2015,3,0,0,0
MFJ,2015,11,0,0,0
NEG,2015,9,0,0,0
OQG,2015,52,0,0,0
KMK,2015,41,0,2,1
NQM,2015,3,0,0,0
FMR,2015,4,0,0,0
NGY,2015,16,3,0,0
HSH,2015,17,0,0,0
NKC,2015,9,0,0,1
LBM,2015,1,0,,
NON,2015,1,0,0,0
CEK,2015,3,0,0,0
ILK,2015,2,0,0,0
GYB,2015,3,0,0,0
OIR,2015,4,0,0,0
MWJ,2015,1,0,0,0
EJI,2015,3,1,0,0
PCB,2015,3,0,0,0
DYH,2015,2,0,0,0
EYC,2015,1,0,0,0
OHY,2015,1,0,0,0
NHY,2015,1,0,,
JTC,2015,1,0,2,0
FAR,2015,1,0,,
NOJ,2015,1,0,,
NRP,2015,2,0,1,1
JSC,2015,1,1,1,0
JDQ,2015,193,4,0,0
MBF,2015,48,1,0,1
DQX,2015,1297,4,8,25
MDS,2015,39383,1,6,0
MRU,2015,300,0,0,0
CBR,2015,1,0,0,0
GCI,2015,177,1,0,0
NCX,2015,32,0,0,0
BTT,2015,663,16,0,0
MBH,2015,952,14,20,10
HBE,2015,466,38,20,3
NIN,2015,69,0,0,0
DQO,2015,620,4,11,14
FYD,2015,21,10,0,0
OCL,2015,31,0,1,0
HET,2015,124,1,0,1
CAZ,2015,235,2,3,0
HWB,2015,78,0,0,0
BYJ,2015,31,0,0,0
HWM,2015,9,0,0,0
ISW,2015,9,2,0,0
FZY,2015,20,0,0,0
ELZ,2015,6,0,0,0
OTD,2015,71,0,0,1
LFD,2015,26,0,0,0
GDC,2015,100,1,1,0
PAO,2015,55,0,1,0
LZD,2015,145,0,0,0
KOL,2015,47,0,0,0
KGO,2015,10,0,2,1
GAA,2015,31,2,0,0
JAD,2015,4,0,0,1
ITW,2015,3,1,2,0
GKP,2015,23,0,0,0
KJJ,2015,3,0,0,0
ONB,2015,4,0,9,0
FLS,2015,12,0,0,0
KHE,2015,10,0,0,0
HHD,2015,6,0,0,0
EAX,2015,2,0,0,0
FIE,2015,23,0,0,0
NQQ,2015,3,0,0,0
PCD,2015,12,0,2,1
NUC,2015,8,0,0,0
FBQ,2015,1,0,0,0
GCD,2015,9,0,0,4
MSH,2015,3,0,0,0
MGR,2015,7,0,0,0
NLF,2015,2,0,0,0
OCJ,2015,1,0,0,0
HXK,2015,6,0,0,0
MKW,2015,2,0,0,1
HBI,2015,1,0,0,0
FSE,2015,2,0,0,0
FYF,2015,3,0,0,0
MCV,2015,2,0,0,0
JWY,2015,11,7,12,5
MJG,2015,1,0,0,0
LWE,2015,1,0,0,0
OLX,2015,1,0,,
HMF,2015,1,0,0,0
PPM,2015,1,0,2,5
JIN,2015,1,0,0,1
LIT,2015,1267,1,3,0
HIG,2015,10,0,0,0
ILS,2015,691,2,0,0
JEQ,2015,504,0,0,0
EQJ,2015,93,0,0,1
EFW,2015,48,1,0,0
GFF,2015,103,2,2,0
OAD,2015,273,5,0,0
INM,2015,15,0,0,1
DWM,2015,67,0,0,0
JLW,2015,202,1,3,2
DRF,2015,321,3,0,0
FFA,2015,78,0,0,0
MFE,2015,238,0,0,0
MAE,2015,24,0,0,0
HWR,2015,190,0,2,0
DSP,2015,401,3,11,7
FMF,2015,268,3,9,42
CAG,2015,41,0,0,0
GEN,2015,27,0,1,0
HNO,2015,947,1,0,0
MDI,2015,174,1,0,0
MEC,2015,82,1,0,1
DXG,2015,33,0,0,0
CAI,2015,31,0,0,0
NEU,2015,120,0,0,1
LNM,2015,58,0,0,0
GCT,2015,8,0,0,0
LRN,2015,24,0,0,0
NAC,2015,213,0,1,0
EJR,2015,10,0,0,0
MND,2015,75,0,0,0
NLQ,2015,92,0,0,0
OWQ,2015,6,0,0,0
LRK,2015,28,0,0,5
EYQ,2015,11,0,0,0
NRN,2015,4,0,0,0
NRV,2015,1,0,0,0
EPT,2015,14,0,0,1
DZM,2015,10,0,0,0
PAI,2015,10,0,0,0
KMY,2015,2,0,0,0
KIH,2015,6,2,0,0
KLT,2015,9,0,0,0
BYY,2015,2,0,0,0
ESD,2015,6,0,0,0
NWT,2015,1,0,0,
IWJ,2015,2,0,0,0
LCX,2015,2,0,0,0
MMH,2015,3,0,0,0
ISN,2015,19,0,0,0
KWR,2015,40,0,0,0
ODF,2015,1,0,0,0
OMX,2015,2,0,0,0
NYH,2015,1,0,,
MCZ,2015,1,1,1,2
KOT,2015,30,0,0,0
JYG,2015,1,0,0,1
OEV,2015,1,0,0,35
GZB,2015,7437,0,0,0
MAF,2015,651,0,0,1
GEI,2015,4868,14,40,20
MOQ,2015,761,3,1,0
LZY,2015,95,0,0,0
EIA,2015,451,0,1,0
DXY,2015,1019,0,0,4
ETN,2015,198,1,1,0
IPR,2015,12,0,0,0
GWM,2015,481,4,0,0
GAN,2015,75,0,0,0
JHR,2015,6,0,0,0
GFI,2015,12,0,0,0
OYE,2015,6,1,2,3
OCY,2015,273,0,0,0
NAB,2015,10,1,0,0
HXB,2015,33,0,0,0
OHR,2015,10,0,0,0
FRC,2015,175,0,1,0
PFB,2015,4,0,,
NFA,2015,41,0,0,0
EAZ,2015,13,0,1,0
KNF,2015,7,0,0,0
HKN,2015,3,0,1,1
FDP,2015,11,0,0,0
GES,2015,45,0,1,0
OCK,2015,1,0,0,
LRS,2015,6,0,17,1
JZO,2015,4,0,0,2
KST,2015,13,2,0,0
NBE,2015,10,0,3,0
LRY,2015,25,0,1,1
EXB,2015,6,0,0,0
GBL,2015,8,0,1,0
OVG,2015,21,0,0,0
MOF,2015,5,0,0,1
LOK,2015,2,0,0,0
MLY,2015,3,0,0,0
JIR,2015,4,0,0,0
PAA,2015,1,0,0,0
KMC,2015,1,0,0,0
FER,2015,2,0,0,0
EKC,2015,1,0,0,0
MVC,2015,4,0,0,0
LIH,2015,1,0,0,0
BZH,2015,1,0,,
PCA,2015,1,0,0,0
KSS,2015,1,0,0,0
FTJ,2015,1,0,0,0
OSN,2015,1,0,1,0
OYC,2015,103975,2,0,0
MIH,2015,4430,1,6,5
NIQ,2015,6041,0,0,0
DRM,2015,666,0,0,0
NBC,2015,42,1,1,2
DXT,2015,134,2,2,0
LZO,2015,1325,3,15,8
HQL,2015,4657,6,11,0
MCW,2015,371,0,4,6
DRG,2015,126,0,1,2
LRJ,2015,15,0,0,1
DIO,2015,7,0,1,1
KOD,2015,408,6,1,0
MJN,2015,89,1,2,1
HBF,2015,59,0,0,0
EOQ,2015,127,0,4,0
NDP,2015,103,7,2,10
NAA,2015,236,0,0,0
LJT,2015,146,3,0,6
FED,2015,35,0,0,0
NAJ,2015,16,0,0,0
LYZ,2015,1,0,1,0
EYB,2015,9,0,0,0
FZF,2015,1,0,0,
DXF,2015,21,0,1,0
FGO,2015,15,0,0,0
JIT,2015,6,1,3,3
LZA,2015,12,1,1,0
DPS,2015,29,1,0,0
JXL,2015,5,0,0,0
LZJ,2015,5,0,0,0
DTY,2015,3,0,,
GFE,2015,3,0,0,0
EKD,2015,1,0,0,0
DTX,2015,15,0,0,0
CBI,2015,7,4,1,0
NQX,2015,3,0,1,0
ECQ,2015,1,0,0,
MIJ,2015,2,0,1,0
GAI,2015,1,0,0,0
IMI,2015,1,0,0,0
LCD,2015,2,0,0,0
NOF,2015,3,0,0,0
JAQ,2015,7,2,0,0
OCE,2015,3,0,0,0
HGY,2015,9,2,0,0
MIU,2015,2,0,0,1
FRA,2015,1,0,0,0
PAM,2015,1,0,2,0
FKP,2015,1,0,0,0
HHK,2015,2,0,0,0
FEC,2015,2,0,0,0
FWX,2015,2,0,0,0
GCQ,2015,2,0,22,0
MTP,2015,1,0,0,0
ORQ,2015,1,0,0,0
JEX,2015,1,0,0,0
CFP,2015,1,0,0,1
OHT,2015,1,0,0,0
HXX,2015,876,0,2,0
FZP,2015,2850,0,11,1
LOM,2015,136,0,0,0
OUR,2015,116,0,0,0
CBK,2015,11676,13,19,5
FOZ,2015,720,3,5,98
NSA,2015,62,0,0,0
KHO,2015,29,5,3,6
JXG,2015,975,0,6,3
CDZ,2015,5,0,0,3
OLO,2015,460,7,7,14
HWX,2015,65,0,0,0
CGA,2015,154,8,3,0
NSU,2015,2,0,0,4
MAY,2015,115,0,15,0
DXQ,2015,21,0,0,0
HXZ,2015,22,0,0,0
FWZ,2015,69,2,0,1
HDB,2015,12,0,0,0
FCM,2015,5,0,0,0
KPA,2015,11,2,1,0
OKR,2015,7,0,0,0
KYX,2015,9,0,0,0
NTM,2015,2,0,0,0
MBV,2015,18,0,0,0
F T,2015,1,0,,
JSM,2015,1,0,0,0
LYA,2015,27,0,0,0
IMJ,2015,5,1,0,0
FDC,2015,12,0,0,0
ISH,2015,4,2,0,0
HDW,2015,1,1,0,0
MPA,2015,4,0,0,0
FZO,2015,14,1,0,0
EYT,2015,1,0,,
KLA,2015,1,0,0,0
PDU,2015,12,1,0,0
KOB,2015,1,0,0,0
CBF,2015,3,0,0,0
OCO,2015,1,0,0,0
KXJ,2015,2,0,8,0
FGM,2015,1,0,,
FJT,2015,1,0,,
FFH,2015,5,0,0,0
GFJ,2015,1,0,0,0
NSI,2015,1,0,0,0
JEC,2015,1,0,1,0
MVD,2015,1,0,0,
MIX,2015,1,1,0,0
NQO,2015,32,0,0,0
OZO,2015,28402,0,0,3
IOR,2015,4408,2,2,0
IKX,2015,38,1,0,3
HAW,2015,1740,12,13,5
KWS,2015,1154,3,3,6
OTO,2015,441,0,0,0
NVY,2015,8697,0,0,0
FCS,2015,5,0,0,1
JDC,2015,239,0,1,0
FAE,2015,95,1,0,0
FNM,2015,79,1,1,0
GAM,2015,927,1,1,10
NUJ,2015,25,0,1,0
KOC,2015,542,2,1,0
DTZ,2015,651,1,2,0
PAH,2015,270,1,0,0
HIH,2015,210,0,0,0
MQR,2015,71,0,0,0
MAV,2015,119,0,1,4
KZD,2015,31,0,0,1
CHP,2015,18,0,9,3
JES,2015,44,0,0,0
KGL,2015,2,0,,
DTN,2015,27,0,3,24
FHQ,2015,65,0,0,1
NRZ,2015,1,0,0,0
EBG,2015,26,0,0,0
CCK,2015,109,2,2,2
FEB,2015,91,2,2,0
MTF,2015,17,1,4,0
NHJ,2015,2,0,0,0
LFM,2015,6,0,0,0
FGA,2015,1,0,0,0
LTT,2015,10,7,0,0
KZL,2015,16,0,0,0
NEZ,2015,30,0,0,1
FGX,2015,4,0,0,0
NGV,2015,284,2,0,0
H H,2015,1,0,,
DZA,2015,9,0,0,1
MQC,2015,5,0,0,0
CDT,2015,6,1,9,1
GCL,2015,2,0,0,0
OBP,2015,3,0,0,1
PAB,2015,2,0,0,0
OSM,2015,3,0,0,0
MOM,2015,34,0,0,0
MHE,2015,4,0,0,0
OHH,2015,1,0,0,0
LHC,2015,13,9,1,0
FQM,2015,7,0,2,7
NWR,2015,2,2,2,0
CIJ,2015,1,0,,
KPN,2015,8,0,0,0
JLS,2015,1,3,0,5
MRC,2015,1,0,0,0
KEY,2015,1,0,0,0
MES,2015,1,0,0,0
MVU,2015,2,4,2,0
NFK,2015,1,0,0,0
FFE,2015,1,0,,
KRJ,2015,2,0,,
IPY,2015,2,0,0,
IZD,2015,1,0,0,0
NGX,2015,7,0,0,0
JAC,2015,1,0,0,1
JOD,2015,1,0,,
LKK,2015,8377,4,2,4
CAD,2015,40,0,1,1
FGE,2015,1529,3,0,3
LXB,2015,812,0,0,0
MEB,2015,2951,0,0,0
HTJ,2015,137,0,0,0
JAA,2015,2907,6,13,4
MAX,2015,518,2,13,3
GAG,2015,144,0,0,0
OTP,2015,672,0,0,0
GAD,2015,65,2,5,0
EMA,2015,82,0,0,0
EZQ,2015,160,0,0,0
NSP,2015,2,0,0,0
FPP,2015,119,0,3,0
MNH,2015,149,2,1,1
DRB,2015,65,0,0,0
EFB,2015,85,0,1,0
NMJ,2015,11,0,0,0
MRN,2015,153,1,1,0
NXC,2015,42,0,0,0
KNN,2015,3,0,0,0
BZR,2015,39,0,0,0
MSF,2015,1,0,0,
LFX,2015,15,0,2,0
LXG,2015,15,0,2,0
IRP,2015,3,0,0,0
KMJ,2015,4,0,2,0
PEA,2015,2,0,0,0
IMG,2015,4,0,0,0
MVR,2015,40,0,0,0
JDK,2015,7,0,0,0
FSD,2015,3,0,0,0
LZU,2015,1,0,0,0
ISS,2015,3,0,0,0
PFF,2015,1,0,0,3
KXT,2015,1,0,0,1
BWH,2015,3,0,0,0
HQZ,2015,3,0,0,0
ODG,2015,11,1,1,2
KHY,2015,1,0,0,0
MSW,2015,1,1,0,1
EWO,2015,1,0,0,0
FTN,2015,2,0,0,0
EKH,2015,1,0,0,1
FEQ,2015,1,1,0,0
CAX,2015,2,0,0,0
KYT,2015,1,0,0,0
LXH,2015,5901,13,27,29
KWP,2015,1338,2,6,0
IYE,2015,94,22,23,26
MCM,2015,3071,1,0,0
NVN,2015,10050,0,0,0
ETA,2015,5,0,0,0
MHX,2015,1262,13,15,16
MCX,2015,621,3,0,2
CHL,2015,55,8,8,5
GAQ,2015,17,0,0,0
MVK,2015,8254,0,0,1
HWA,2015,112,2,2,3
LWJ,2015,310,0,1,0
FMS,2015,171,0,0,0
JIL,2015,43,0,1,0
HSD,2015,567,1,0,3
DWC,2015,568,8,5,8
IMP,2015,17,0,0,0
KNQ,2015,202,0,0,0
ELC,2015,134,0,2,0
INE,2015,8,0,0,0
OAF,2015,9,0,0,1
JAF,2015,7,0,0,4
OGZ,2015,1,0,0,0
GFC,2015,3,0,0,0
MEQ,2015,2,0,0,
JDP,2015,96,0,0,0
NWB,2015,32,0,1,0
EZO,2015,1,0,0,0
DRX,2015,56,2,0,0
KGE,2015,11,0,0,0
LSL,2015,5,2,0,1
FYA,2015,59,11,2,1
OGO,2015,57,0,0,0
LPO,2015,10,0,0,0
JKP,2015,1,0,,
BYX,2015,16,0,0,0
LWK,2015,5,1,0,0
NVK,2015,4,0,0,
PJO,2015,4,0,0,0
HGP,2015,10,0,0,0
HHM,2015,6,0,1,0
KCP,2015,2,0,0,0
FZS,2015,2,0,0,0
GXC,2015,2,0,0,0
EKM,2015,8,0,1,0
KQM,2015,7,2,0,0
DTW,2015,11,0,0,0
EFS,2015,7,0,0,0
GKJ,2015,1,0,0,0
GJA,2015,1,0,1,0
MCY,2015,2,3,0,0
LDT,2015,2,1,3,0
IKD,2015,3,0,1,2
HFG,2015,2,0,0,0
HAX,2015,1,0,0,0
PDQ,2015,1,0,0,0
HRZ,2015,1,0,0,0
MQX,2015,1,0,0,0
ODA,2015,1,0,0,0
JIO,2015,1,0,0,0
DJR,2015,2,0,0,0
EIC,2015,3,0,0,0
CAO,2015,1,0,0,0
HHR,2015,2,0,,
OBW,2015,1,0,0,0
LWG,2015,1,0,0,0
JWH,2015,6818,19,58,82
JEY,2015,764,1,3,0
ERL,2015,2599,0,7,0
DYE,2015,1227,0,0,0
GEX,2015,2067,37,8,19
FSA,2015,1393,6,6,3
LOD,2015,518,0,1,6
LNR,2015,317,1,0,0
GXD,2015,66,0,1,0
EMJ,2015,44,0,0,0
GEA,2015,11,0,2,0
GWO,2015,18,2,0,0
DZS,2015,2,0,0,
LZN,2015,41,0,0,0
MFK,2015,694,0,0,0
DZL,2015,103,0,2,0
LPL,2015,158,1,0,13
FZW,2015,54,0,0,1
OMP,2015,369,1,3,1
HWT,2015,92,2,0,3
KXF,2015,6,0,0,0
IZL,2015,30,7,2,2
GXZ,2015,12,0,0,0
MMK,2015,13,0,0,0
LCP,2015,63,3,7,1
GBO,2015,47,0,0,5
KNC,2015,15,0,0,0
NIG,2015,29,0,2,1
DRE,2015,82,3,1,0
CEM,2015,7,1,1,0
GXP,2015,13,0,0,0
AED,2015,1,0,,
DPZ,2015,6,0,0,0
HTC,2015,30,0,0,0
OSR,2015,46,0,0,1
LBI,2015,5,2,4,1
DYJ,2015,2,0,0,0
LOE,2015,6,0,0,2
MTG,2015,9,0,0,0
GCB,2015,8,0,0,0
HSA,2015,10,0,0,0
OQI,2015,9,0,0,0
FSH,2015,3,0,0,5
MSQ,2015,4,0,0,0
DWZ,2015,1,0,0,0
PJQ,2015,6,1,0,0
MIR,2015,6,0,0,0
FNK,2015,17,0,0,
MQM,2015,1,0,0,2
FLK,2015,1,0,0,
NYV,2015,2,0,0,0
MMI,2015,823,2,1,1
GDW,2015,4833,15,2,5
MBL,2015,54,1,0,0
NHA,2015,854,93,36,2
JGJ,2015,24,1,1,0
LWP,2015,9376,0,2,21
MPW,2015,10,0,0,0
IKY,2015,72,0,0,0
ESW,2015,173,0,0,0
JYT,2015,2,0,0,0
GFA,2015,374,2,0,0
CAT,2015,106,0,0,1
KWT,2015,173,1,1,2
BTA,2015,14,0,1,0
FTM,2015,969,0,0,0
LZS,2015,1140,1,0,1
NQR,2015,21,0,0,0
JDB,2015,42,3,0,18
JCX,2015,117,4,2,2
DZN,2015,51,1,0,0
NVR,2015,1,0,0,0
GDG,2015,35,0,0,0
GBX,2015,57,0,0,11
LYY,2015,5,0,0,0
NHK,2015,32,0,0,0
EBF,2015,113,1,0,4
MTD,2015,34,1,2,2
GXN,2015,47,1,0,4
DTD,2015,41,0,0,0
DGC,2015,2,0,1,0
PEW,2015,6,0,0,0
HJB,2015,4,0,0,
NPL,2015,5,0,1,0
NZW,2015,5,0,0,0
GAO,2015,5,1,0,0
DOF,2015,1,0,2,3
LQM,2015,68,0,0,1
NCD,2015,6,0,1,0
LWL,2015,3,0,0,0
JHY,2015,2,0,0,0
NTH,2015,1,0,0,
JHW,2015,1,0,0,0
MXH,2015,3,0,0,
KYW,2015,1,0,1,0
BSK,2015,1,0,0,1
JXB,2015,11,0,0,1
NHG,2015,1,0,0,0
CBO,2015,1,0,,
NOT,2015,1,0,0,
MMD,2015,1,0,,
FON,2015,1,0,0,0
HWW,2015,2,0,0,0
KCW,2015,1,0,0,
JSK,2015,1,2,0,0
MSK,2015,1,0,,
GGP,2015,1,2,1,0
DSR,2015,1,0,0,0
MUZ,2015,100,0,0,1
JDI,2015,4864,3,28,6
KDJ,2015,6810,1,0,0
KWA,2015,12258,2,1,2
DSQ,2015,6665,7,3,5
NBH,2015,183,1,3,0
DXE,2015,260,17,2,1
OYS,2015,9,0,0,0
KYF,2015,205,0,1,0
LPM,2015,140,0,0,2
EZL,2015,300,0,27,0
HBL,2015,192,1,0,2
DRY,2015,231,2,1,0
CDP,2015,157,2,1,2
EZB,2015,52,0,0,0
UNK,2015,14,0,0,0
IOL,2015,12,2,0,0
LFJ,2015,26,1,0,0
FMJ,2015,84,0,0,0
ONW,2015,28,0,0,0
KQO,2015,237,1,1,2
EZY,2015,13,0,0,0
DZK,2015,7,0,0,0
FAS,2015,82,0,2,0
OWO,2015,6,0,0,0
CBQ,2015,1,0,0,0
INK,2015,4,0,1,0
KWD,2015,10,0,1,0
CGX,2015,13,0,2,0
OBA,2015,14,0,0,
JIX,2015,4,1,6,5
OCX,2015,9,2,0,0
JCB,2015,1,0,,
OSV,2015,2,0,0,0
FDG,2015,5,0,0,0
GYC,2015,9,0,0,0
JOJ,2015,7,0,0,0
FAG,2015,3,0,0,0
HQY,2015,4,0,0,0
LYR,2015,2,0,0,0
MZA,2015,12,0,0,0
FKK,2015,1,0,0,0
FFG,2015,96,0,0,0
PBI,2015,26,0,0,0
GKN,2015,3,0,0,0
HBO,2015,4,0,0,1
OWN,2015,1,0,0,0
OIG,2015,1,0,0,
FCK,2015,2,0,0,0
OSI,2015,124,0,0,0
GZF,2015,345,0,0,0
LOL,2015,28,0,0,0
FMI,2015,554,2,5,41
FSY,2015,173,254,0,144
DTB,2015,11026,1,0,0
KPI,2015,2,0,0,0
DRC,2015,50,0,1,0
NIO,2015,441,1,0,0
FRO,2015,289,5,4,2
NSC,2015,55,0,0,0
HQF,2015,80,0,2,0
CGZ,2015,2,0,0,0
LMD,2015,9,2,0,0
KFZ,2015,74,1,0,0
NGT,2015,13,16,1,0
FHN,2015,223,0,0,0
KPS,2015,24,46,64,29
LSZ,2015,195,0,0,0
FNG,2015,30,0,0,0
GNX,2015,3,0,0,0
GET,2015,43,0,3,0
GDH,2015,12,0,0,0
JQC,2015,128,0,1,2
OBT,2015,1,0,0,0
JPE,2015,1,0,0,0
LNX,2015,18,0,0,0
MOD,2015,3,0,0,0
EEF,2015,10,0,0,0
LIP,2015,2,0,0,0
WH,2015,1,0,,
FAJ,2015,28,2,2,1
MIA,2015,12,0,0,0
ELW,2015,18,0,3,0
OAT,2015,28,0,0,0
MLM,2015,1,1,0,1
HJM,2015,1,0,0,
NZP,2015,4,0,0,0
PDJ,2015,2,0,0,1
EMN,2015,1,0,0,0
OTE,2015,3,0,1,0
CJY,2015,4,0,1,0
NQW,2015,11,0,0,0
NNI,2015,2,0,0,0
GAF,2015,2,0,0,0
HIM,2015,1,0,0,0
GCZ,2015,3,0,0,0
LPQ,2015,1,0,,
CIT,2015,1,0,2,0
CAL,2015,4,0,1,0
DTA,2015,1,0,0,
JZG,2015,50,2,0,1
OVZ,2015,4,0,0,0
FPX,2015,1,0,0,0
JGQ,2015,1,0,0,0
BYN,2015,1,0,0,0
IOZ,2015,1,0,,
OCM,2015,1,0,0,0
MKJ,2015,15977,3,6,12
LTI,2015,549,0,2,1
FPO,2015,378,3,3,1
BTR,2015,1003,1,6,0
IPS,2015,22,0,0,0
JAK,2015,449,83,109,50
LMF,2015,94,0,0,0
NKE,2015,356,1,0,7
PAJ,2015,276,0,0,0
DXZ,2015,170,1,2,0
GAR,2015,86,0,2,0
GEY,2015,1983,1,12,3
MWI,2015,30,3,1,3
OUG,2015,13,1,6,1
LXT,2015,34,1,1,0
GXI,2015,23,0,1,1
KMW,2015,26,0,0,0
MJK,2015,6,0,0,0
FAD,2015,130,0,4,0
BZO,2015,55,3,0,0
CAF,2015,165,7,2,14
HDY,2015,3,0,0,0
LLI,2015,13,0,4,2
IMM,2015,9,0,0,
LGE,2015,2,0,0,0
HAE,2015,25,0,0,0
KNY,2015,12,0,0,0
EMF,2015,2,0,0,5
BYI,2015,4,0,0,1
NDC,2015,1,0,2,3
MVO,2015,1,0,,
MDV,2015,1,0,,
IXW,2015,2,0,1,0
MSB,2015,1,0,0,
OEI,2015,1,0,0,
PHL,2015,1,0,0,1
FRJ,2015,2,0,1,0
EBZ,2015,8,0,0,0
NOC,2015,2,0,0,0
HXD,2015,6,1,0,0
LDH,2015,1,1,0,
NFO,2015,1,0,0,0
LEJ,2015,4,0,1,2
DSH,2015,8,0,0,0
NUV,2015,2,0,0,0
BXB,2015,5,0,0,0
BSS,2015,4,0,0,0
GZX,2015,6,0,0,0
JSO,2015,28,9,0,2
NKG,2015,4,0,0,0
HHI,2015,4,0,1,0
FRW,2015,5,0,0,0
JWX,2015,4,0,0,0
JTQ,2015,4,0,0,9
PJF,2015,1,0,0,0
OTK,2015,3,0,0,0
FRL,2015,4,0,2,1
GCC,2015,1,0,0,0
KBD,2015,1,0,0,0
OWI,2015,1,0,0,1
OCC,2015,1,3,3,1
NXT,2015,360,3,0,0
JJE,2015,2765,41,21,29
LOX,2015,2040,0,0,5
KWZ,2015,628,5,0,0
FZX,2015,446,6,4,2
KXA,2015,1666,0,0,0
NDJ,2015,48,1,0,0
OBJ,2015,392,5,1,5
BTO,2015,170,1,1,0
JEA,2015,26,0,7,0
BSO,2015,43,0,0,2
DXX,2015,2,1,1,0
CCQ,2015,132,0,5,0
OOY,2015,63,0,0,0
LJS,2015,1298,8,45,15
KTW,2015,26,0,0,0
GBM,2015,20,0,0,0
GWG,2015,37,0,0,1
BSZ,2015,555,11,6,8
FZM,2015,58,0,0,0
LDF,2015,81,0,1,0
KKY,2015,18,0,1,1
MKN,2015,5,0,0,
HGB,2015,4,0,0,0
MFR,2015,71,0,0,0
DWS,2015,26,2,1,0
OBI,2015,2,0,0,0
HDA,2015,6,0,0,0
HTX,2015,38,0,0,6
DHX,2015,33,1,0,0
MNS,2015,50,0,0,0
FTY,2015,3,1,0,0
KOO,2015,79,0,0,0
NTO,2015,2,0,0,0
OAB,2015,11,0,0,0
HMX,2015,18,1,0,0
NPZ,2015,15,0,0,0
KLW,2015,4,0,,
LDJ,2015,1,0,,
CAE,2015,14,1,2,0
FSS,2015,10,0,0,0
FPL,2015,1,0,0,0
HIL,2015,3,0,0,0
MJC,2015,25,4,1,1
OAR,2015,8,0,0,4
CHI,2015,5,1,0,2
MRZ,2015,117,0,0,0
EFQ,2015,26,5,1,0
EBW,2015,13,0,0,1
PKL,2015,34,0,0,0
PIO,2015,119,0,0,0
LXS,2015,17,1,0,0
MDA,2015,2,0,0,0
ONA,2015,1,0,,
NFB,2015,4,0,0,0
GDR,2015,2,0,0,0
MOV,2015,2,0,0,0
CDW,2015,1,0,,
DWI,2015,3,0,0,0
NRU,2015,1,0,0,0
KLC,2015,1,0,0,
KDT,2015,1,0,0,0
DSJ,2015,2,0,0,0
KOI,2015,1,0,0,0
EIX,2015,1,0,0,
LLK,2015,6,0,0,0
HFW,2015,1,0,0,0
HTO,2015,651,4,9,8
HWC,2015,2666,19,39,13
KTZ,2015,2,0,0,0
ILJ,2015,71,0,0,0
KRO,2015,331,1,13,19
INX,2015,51,0,0,0
GJS,2015,1257,1,9,5
MPB,2015,51,0,0,4
FJK,2015,126,1,0,1
OOG,2015,30,3,0,0
FDI,2015,193,1,0,0
FDX,2015,61,0,0,0
GDO,2015,183,1,1,0
NTE,2015,145,0,0,0
IXR,2015,81,0,3,3
JHS,2015,3,0,0,0
LEG,2015,1,0,0,0
FLG,2015,17,0,0,0
DTL,2015,88,1,1,4
JTW,2015,2,0,0,0
HAB,2015,482,2,1,6
KGC,2015,72,1,0,0
MEG,2015,51,1,0,0
LNI,2015,1,0,0,4
GAT,2015,619,1,0,0
LDP,2015,1,1,1,1
MNO,2015,14,0,0,0
DQR,2015,40,0,0,0
BSY,2015,292,36,0,11
FCL,2015,50,0,1,0
MUQ,2015,56,0,0,1
INO,2015,22,0,0,0
FNJ,2015,9,0,0,0
MBP,2015,11,0,2,0
HQD,2015,5,0,0,0
LGZ,2015,34,1,2,0
ODE,2015,5,0,0,0
FHF,2015,14,0,0,0
MVN,2015,10,0,0,2
OGJ,2015,18,0,0,0
EIG,2015,2,0,0,0
NHS,2015,2,0,,
JQW,2015,6,0,2,2
EIY,2015,1,0,0,0
OYW,2015,3,0,0,0
GXR,2015,7,0,0,0
HJO,2015,7,2,1,0
NSD,2015,2,0,0,0
DKZ,2015,7,0,0,0
JYH,2015,2,0,0,
KOH,2015,1,0,0,0
FET,2015,3,2,1,0
MIB,2015,2,0,0,0
MVF,2015,2,0,0,0
PFJ,2015,3,1,0,0
BZN,2015,6,0,0,0
LII,2015,1,0,0,
IQA,2015,1,0,0,0
OQS,2015,1,0,0,0
PIM,2015,5,0,0,0
EYD,2015,1,0,0,
ODC,2015,3,0,0,0
CCN,2015,1,0,0,0
HBS,2015,1,0,0,0
HSB,2015,1645,14,21,102
FKX,2015,24484,2,2,3
LWR,2015,523,0,1,0
CDD,2015,4,0,0,0
KPO,2015,8309,5,2,2
DRA,2015,350,0,0,0
HBB,2015,432,1,2,1
HST,2015,37,0,1,1
MBB,2015,20,1,0,0
OUT,2015,559,1,1,0
FST,2015,13,0,0,0
GCY,2015,92,11,1,13
EGS,2015,164,1,0,0
KGB,2015,53,0,0,0
MEA,2015,99,1,1,2
KFM,2015,299,1,2,0
FTR,2015,201,0,1,0
JOH,2015,505,2,2,2
FQH,2015,115,2,0,2
LNH,2015,111,18,12,12
MWS,2015,66,1,0,0
MIP,2015,33,0,0,0
KPR,2015,59,9,8,8
NWX,2015,203,0,0,0
GAP,2015,25,0,0,0
OZT,2015,16,0,0,0
GAL,2015,137,1,0,0
FCG,2015,122,0,3,5
ILO,2015,59,1,0,1
KLE,2015,96,0,1,1
KYJ,2015,18,0,2,0
KYB,2015,159,0,1,0
HTZ,2015,15,1,0,0
LON,2015,41,0,3,44
FHW,2015,9,0,0,0
EFT,2015,20,0,0,0
LXA,2015,9,0,0,0
HBG,2015,3,0,0,0
HFX,2015,19,0,1,0
ORG,2015,2,0,0,0
CFR,2015,3,0,1,2
GGN,2015,10,0,1,0
GDX,2015,2,1,0,1
INQ,2015,5,0,1,0
DZC,2015,2,1,0,0
HJN,2015,1,0,0,0
KNA,2015,8,0,0,0
KAR,2015,2,0,0,0
GAE,2015,10,0,0,0
MNR,2015,4,0,0,0
MJJ,2015,2,0,0,0
PEX,2015,23,0,0,0
PDR,2015,8,1,0,
GAX,2015,3,1,0,0
INB,2015,1,0,0,0
HBN,2015,4,0,0,0
CZP,2015,1,0,0,0
JFM,2015,2,0,0,5
NAE,2015,14,1,1,0
LQE,2015,16,0,1,1
MUL,2015,1,0,,
EKR,2015,3,0,0,1
GDM,2015,2,1,0,0
CCM,2015,1,0,0,0
JYA,2015,1,0,,
BXY,2015,1,0,0,0
KXE,2015,1,2,0,0
HRS,2015,3061,33,15,8
LFR,2015,3332,0,1,0
KGX,2015,192,7,0,9
HSN,2015,71,1,2,3
HTW,2015,391,2,3,1
LPC,2015,15,0,1,0
KWL,2015,217,1,0,2
JOW,2015,135,0,0,2
MPN,2015,175,0,0,0
MTA,2015,1267,0,0,0
JJH,2015,13,0,1,1
OXF,2015,107,0,0,0
EZD,2015,21,0,0,3
OVD,2015,43,0,2,0
DWG,2015,9,0,0,0
OAE,2015,270,1,0,0
MED,2015,109,3,1,0
FWP,2015,8,0,0,0
FJL,2015,45,0,0,0
FBM,2015,1,0,0,0
LEI,2015,57,0,0,0
IKT,2015,5,0,0,0
LHI,2015,125,0,3,1
KNP,2015,6,0,0,0
ILM,2015,14,0,0,0
MZI,2015,97,0,0,0
GWQ,2015,13,2,0,0
QCB,2015,3,0,0,0
NHB,2015,8,0,0,0
FMH,2015,12,1,1,0
DAP,2015,38,1,0,0
HQE,2015,8,0,4,0
JDR,2015,47,3,0,3
IZH,2015,8,0,0,0
FTH,2015,4,0,0,0
HKO,2015,4,1,0,1
KKX,2015,31,23,11,2
DTI,2015,4,0,0,0
HNJ,2015,1,0,0,0
EKJ,2015,2,0,,
NHX,2015,4,0,1,1
KOX,2015,5,0,0,0
CEF,2015,1,0,,
HNW,2015,1,0,0,0
OFF,2015,2,1,2,1
NLP,2015,1,0,0,
OIU,2015,1,0,0,0
FFS,2015,4,0,0,1
FGC,2015,1,0,0,0
OFQ,2015,1,0,0,2
LGX,2015,4,0,1,0
EYJ,2015,2,0,0,0
ILZ,2015,1,0,0,0
PIZ,2015,1,0,0,0
PHP,2015,1,0,2,0
KQZ,2015,1,0,6,0
CGI,2015,1,0,0,1
MYA,2015,1,0,0,0
OGG,2015,19,0,0,0
GAJ,2015,1,0,0,
MQV,2015,124,2,4,2
MJO,2015,723,0,0,0
HRX,2015,749,17,2,3
MRM,2015,283,0,0,7
OTN,2015,3895,0,0,0
NRY,2015,592,0,0,9
JOL,2015,27,1,1,0
HEB,2015,128,0,0,0
KRG,2015,3231,0,2,0
DZJ,2015,18,0,0,0
LRC,2015,41,0,0,0
LMH,2015,877,2,1,0
IRT,2015,285,0,14,0
FWM,2015,109,0,0,1
MZV,2015,1,0,,
OWB,2015,2095,46,35,22
LQR,2015,12,0,0,0
HSZ,2015,20,0,1,0
NPF,2015,3,0,0,0
LWH,2015,8,0,1,0
MOS,2015,5,2,2,0
GZJ,2015,18,0,0,0
LYC,2015,13,0,2,0
OGH,2015,7,0,0,2
OCW,2015,55,0,0,0
MUU,2015,42,3,2,2
FDS,2015,28,0,2,1
MRD,2015,9,1,0,0
HXW,2015,11,0,0,0
OBF,2015,3,0,,
EZC,2015,19,0,0,1
NEP,2015,38,2,15,0
HAD,2015,15,0,0,0
JDJ,2015,12,0,0,0
GWJ,2015,3,0,0,0
GAS,2015,1,0,0,0
LQY,2015,59,0,0,0
ONF,2015,4,0,0,0
FXZ,2015,19,0,0,0
NLT,2015,1,0,,
MQF,2015,2,0,0,3
HOZ,2015,1,0,0,0
JSI,2015,3,4,2,0
MGQ,2015,3,2,0,1
DJG,2015,3,0,0,0
MZW,2015,1,0,,
OOD,2015,4,0,1,0
HTT,2015,9,0,0,1
LDS,2015,1,0,1,
HSO,2015,2,0,0,0
MNW,2015,2,0,0,0
KTI,2015,2,0,0,0
OSH,2015,3,0,0,1
FZD,2015,1,0,0,0
GCP,2015,4,0,0,2
DOP,2015,1,0,0,2
EZW,2015,5926,0,0,0
LTJ,2015,12,0,1,0
GKZ,2015,1959,5,10,11
FNL,2015,2996,4,9,3
LJH,2015,642,0,0,0
DXO,2015,112,2,0,0
DSY,2015,458,0,2,0
KYG,2015,78,0,0,0
FLE,2015,67,2,0,0
FAF,2015,4,0,0,0
CCL,2015,5,1,0,0
KIC,2015,31,0,0,1
CAH,2015,51,0,0,1
GDF,2015,18,0,6,1
BTY,2015,51,0,0,2
GDY,2015,120,2,36,4
DSA,2015,32,0,0,0
LWF,2015,39,0,0,0
LSB,2015,3,0,0,0
FTC,2015,8,0,0,1
LZH,2015,83,0,2,0
BZD,2015,113,0,1,0
NAW,2015,34,1,0,0
CCT,2015,4,0,1,0
LWO,2015,2,0,0,0
DIP,2015,65,0,0,1
NLN,2015,1,0,0,
OCZ,2015,241,1,0,0
LKG,2015,3,0,0,0
FMC,2015,38,0,0,0
JIF,2015,3,1,3,3
MAK,2015,1,0,,
BZG,2015,1,0,0,0
JSP,2015,14,0,0,1
FPB,2015,25,0,0,1
CBL,2015,2,0,0,0
LXC,2015,1,0,0,1
FDR,2015,6,0,,
DDG,2015,1,0,,
DRO,2015,40,2,0,0
JCW,2015,3,0,0,0
EFH,2015,1,0,,
OVN,2015,13,0,0,0
OWE,2015,1,0,0,0
EMD,2015,1,0,0,
GTY,2015,1,2,0,0
FDT,2015,246,10,4,2
LDD,2015,84,0,0,0
FRN,2015,26544,13,17,21
KPE,2015,534,0,0,2
DYB,2015,896,5,49,40
EXR,2015,61,0,0,0
HRY,2015,341,1,1,2
MAI,2015,177,0,1,7
HTY,2015,120,0,3,1
JFP,2015,2,0,0,0
BRY,2015,14,1,1,0
MQB,2015,21,4,1,4
KNH,2015,61,0,0,0
JHX,2015,8,2,1,0
DQK,2015,127,7,6,5
GEH,2015,94,2,0,1
GHH,2015,14,0,2,0
KDQ,2015,34,2,6,0
NOU,2015,1198,0,0,0
KRR,2015,18,0,2,2
LOZ,2015,420,1,1,0
CBH,2015,17,0,0,2
OFT,2015,6,0,1,0
BSR,2015,22,4,1,1
GDT,2015,83,1,1,1
DYW,2015,4,0,,
NPV,2015,69,0,0,0
KXK,2015,6,0,1,0
KXG,2015,9,0,0,0
LTK,2015,11,0,0,0
NWJ,2015,8,0,0,0
NOE,2015,1,0,,
HOC,2015,20,0,0,0
CBN,2015,1,1,0,0
BYE,2015,4,1,0,0
GEF,2015,118,0,0,0
IPM,2015,2,0,0,0
HWJ,2015,18,0,0,0
FPK,2015,15,0,0,1
NSB,2015,1,0,1,0
FEM,2015,5,0,0,0
KBZ,2015,1,0,0,0
IME,2015,11,0,0,0
KZF,2015,3,0,1,1
HTG,2015,4,0,0,
KCT,2015,6,0,4,1
EML,2015,7,0,0,0
JNL,2015,2,0,0,0
IPL,2015,3,0,0,0
DHB,2015,1,1,4,2
MJV,2015,1,0,0,0
NHW,2015,1,0,0,0
MGP,2015,3,0,0,0
LQL,2015,18,0,0,3
IQK,2015,7,0,3,0
FPF,2015,1,0,0,0
JEB,2015,2,0,2,3
ISR,2015,1,0,0,
PKE,2015,1,0,0,0
LGW,2015,11552,1,7,4
KDI,2015,4144,12,11,5
LPH,2015,5789,6,19,22
MRG,2015,17,0,2,1
MLV,2015,132,2,0,0
HGX,2015,490,0,0,1
EXE,2015,527,0,0,0
LGD,2015,120,0,0,0
NJE,2015,323,0,0,0
KCY,2015,43,5,1,2
KIJ,2015,36,0,0,0
MXC,2015,230,0,0,0
GKT,2015,351,0,0,0
BTL,2015,77,3,0,2
GBA,2015,67,0,0,0
JPA,2015,45,1,4,0
NTG,2015,308,0,0,0
NWV,2015,23,1,0,1
HIB,2015,5,2,0,0
GBY,2015,1,0,,
OHV,2015,19,0,0,0
FHG,2015,2,0,0,0
FBK,2015,3,0,1,0
MNM,2015,3,0,0,0
MUJ,2015,30,13,17,6
KRB,2015,45,0,0,0
HIF,2015,28,1,2,0
MAH,2015,51,0,0,0
KYZ,2015,11,1,6,3
OTJ,2015,1,0,0,0
IOY,2015,3,0,0,0
FQL,2015,1,0,0,0
FOX,2015,3,1,2,2
MVZ,2015,2,0,0,
FIP,2015,11,0,0,0
LNY,2015,2,0,0,0
BWN,2015,2,0,0,0
IZQ,2015,4,0,0,0
LKQ,2015,2,0,2,0
FCO,2015,3,0,0,0
DQT,2015,6,0,0,0
LYL,2015,1,0,0,0
KQJ,2015,1,0,0,0
PKY,2015,1,0,0,0
NEC,2015,5,0,0,0
OCT,2015,13,0,0,0
LDE,2015,1,0,0,0
HHY,2015,1,0,,
IPG,2015,2,0,0,0
NPM,2015,1,2,0,0
KPH,2015,1,0,0,
KPF,2015,1,0,0,
OWT,2015,1,0,0,0
LRO,2015,621,105,49,168
OVE,2015,172,3,1,1
LYJ,2015,3236,4,0,3
FPA,2015,6552,23,34,22
HBC,2015,1928,0,6,0
LNQ,2015,295,0,0,0
MQN,2015,93,0,6,0
HQC,2015,3327,1,3,0
BZE,2015,154,0,0,0
LRP,2015,13,0,1,19
HWK,2015,5,0,0,0
LKN,2015,304,0,0,0
MOI,2015,28,0,0,4
HQO,2015,42,0,0,0
GZL,2015,14,0,0,0
LSR,2015,25,0,0,0
MDM,2015,161,0,0,3
MUH,2015,3,3,0,0
NEW,2015,277,0,0,0
JOS,2015,13,0,1,0
GBB,2015,4,0,0,0
HDD,2015,40,0,0,0
EKX,2015,68,0,0,0
DWJ,2015,232,2,2,6
EKS,2015,55,0,0,0
FMQ,2015,31,1,0,0
DRS,2015,57,0,186,0
LHX,2015,8,0,0,0
KGZ,2015,19,0,3,1
FFT,2015,345,0,2,0
EIF,2015,8,0,0,0
LPS,2015,2,3,1,1
MNL,2015,10,0,2,1
JZF,2015,1,0,0,0
NHC,2015,3,1,0,0
GCA,2015,19,1,0,0
JXK,2015,4,0,0,0
FRG,2015,9,0,0,29
IDO,2015,4,0,0,0
KOP,2015,3,0,,
KMF,2015,12,0,0,0
KWH,2015,6,0,0,0
CDN,2015,2,0,,
MPK,2015,6,0,0,0
EWY,2015,2,0,0,0
LGH,2015,4,0,0,0
JTO,2015,59,0,0,0
ECI,2015,1,0,0,0
PIN,2015,1,0,,
NUH,2015,11,0,0,0
KSR,2015,7,0,0,0
KCJ,2015,2,0,0,0
LIO,2015,2,0,0,0
FSZ,2015,2,0,0,0
DFD,2015,1,0,0,
OFP,2015,3,0,0,0
HNQ,2015,3,0,0,0
NDY,2015,1,0,0,0
PHX,2015,14,2,0,0
HYA,2015,1,1,0,0
HOY,2015,1,0,0,0
LZG,2015,68538,8,0,0
KNT,2015,1029,1,4,12
GBZ,2015,12,3,8,2
KWQ,2015,553,7,10,10
JHI,2015,133,0,1,0
LWS,2015,13925,2,5,11
MRA,2015,327,0,6,0
NVZ,2015,2763,1,2,2
KMN,2015,22,0,0,0
OOE,2015,683,2,1,0
JCT,2015,250,3,1,1
MBI,2015,503,1,4,5
MLN,2015,56,0,0,0
JDL,2015,457,0,0,0
ITH,2015,1,2,0,0
GXY,2015,19,0,0,0
KAE,2015,8,0,0,0
MJP,2015,388,0,0,0
MSS,2015,127,0,1,2
CAC,2015,86,4,4,2
OEZ,2015,28,57,1,2
LZP,2015,68,0,0,6
NFJ,2015,2,1,3,2
DMF,2015,1,0,,
KMA,2015,2,0,0,0
LRG,2015,30,0,0,0
NBF,2015,17,0,0,0
GCX,2015,52,0,0,1
HXP,2015,14,0,0,0
HCF,2015,6,0,2,0
GDJ,2015,5,0,0,0
DWE,2015,133,1,6,28
KOY,2015,4,0,10,9
PGN,2015,15,0,0,0
FWC,2015,1,0,0,0
NJT,2015,4,6,15,12
HGM,2015,42,0,0,0
FDA,2015,2,0,0,0
KNX,2015,20,7,2,1
KP0,2015,1,0,,
LFY,2015,20,0,0,0
PIF,2015,12,106,0,0
EFN,2015,2,0,0,
JKS,2015,1,0,0,
CDM,2015,4,0,0,1
FMW,2015,1,0,0,0
BWF,2015,16,0,0,0
NUN,2015,6,0,0,0
CEP,2015,1,0,0,
LCJ,2015,13,2,4,0
ECN,2015,2,10,0,0
DSK,2015,7,0,0,0
HXI,2015,2,0,1,0
MNK,2015,2,0,0,0
FRI,2015,2,1,0,0
KAD,2015,4,0,0,0
FKC,2015,2,0,0,0
ORM,2015,3,0,0,
KYR,2015,1,0,0,0
DHA,2015,51,2,1,0
HWE,2015,5475,8,17,61
DQA,2015,2068,3,5,0
JDN,2015,23,0,0,0
FPD,2015,55,1,0,2
MNT,2015,1633,0,0,2
DRT,2015,46,0,0,0
HTD,2015,106,0,0,0
OUB,2015,57,1,0,0
HAO,2015,61,0,0,0
PGW,2015,14,0,0,9
IMD,2015,191,5,2,0
MZO,2015,41,0,1,0
MKQ,2015,21,0,1,0
EWL,2015,11,0,0,0
CAN,2015,12,2,0,0
MSX,2015,31,3,0,2
DXN,2015,60,1,1,1
FZT,2015,6,0,0,0
KGN,2015,9,1,0,1
KSJ,2015,12,0,0,0
HSX,2015,57,0,1,5
EKT,2015,1,0,,
HFM,2015,2,0,0,0
JJQ,2015,13,0,6,0
FSO,2015,10,0,1,0
---,2015,17,0,0,0
OBR,2015,30,0,0,0
IXQ,2015,1,0,0,0
HNF,2015,18,0,0,0
EGJ,2015,2,0,0,3
ORD,2015,3,0,0,0
DWP,2015,25,0,0,0
LMG,2015,2,0,0,0
ODD,2015,1,0,0,0
OXJ,2015,7,0,0,0
FXP,2015,2,0,0,0
DXJ,2015,15,0,0,0
NIE,2015,7,0,0,1
HGI,2015,26,0,0,0
NXM,2015,1,0,,
FEG,2015,1,0,0,0
JWJ,2015,7,0,0,0
HTS,2015,2,0,0,0
ORY,2015,1,0,0,0
KME,2015,2,0,0,1
FGH,2015,19,0,0,0
MZC,2015,1,0,0,0
IZF,2015,1,0,0,0
FIN,2015,1,0,0,0
EQH,2015,1,0,0,0
LLO,2015,1,0,,
KHS,2015,1,0,0,0
LXI,2015,2,0,0,0
UKN,2015,1,0,,
HKI,2015,3,0,2,1
FRZ,2015,2,0,0,0
MQH,2015,1,0,0,0
BTQ,2015,1,0,0,1
CAR,2015,1,0,,
RGI,2015,1,0,,
JAI,2015,1,1,1,2
DTK,2015,849,1,2,0
NKB,2015,1438,7,3,3
MGB,2015,3906,1,1,1
FLH,2015,9,0,0,0
MWH,2015,69,0,0,0
OKS,2015,14,0,0,0
NRA,2015,590,0,17,0
KNS,2015,403,0,6,1
EXD,2015,3,0,0,0
LLZ,2015,206,32,55,18
KNW,2015,586,6,17,5
MNI,2015,259,1,0,145
FOS,2015,75,0,0,0
MNB,2015,315,0,0,0
DTR,2015,94,1,0,0
PCW,2015,1,0,0,0
JGS,2015,157,2,1,0
FQO,2015,106,3,4,0
JDO,2015,19,0,1,1
LNS,2015,21,1,0,0
BSP,2015,38,2,1,0
FTD,2015,45,0,1,0
MPO,2015,11,3,0,0
LRW,2015,14,0,1,0
IKN,2015,13,0,0,0
GWF,2015,22,1,0,2
MIE,2015,25,0,0,0
HCH,2015,9,0,0,0
HIS,2015,8,0,1,0
MKZ,2015,1,0,0,0
JQQ,2015,1,0,,
ONG,2015,8,0,0,0
DTE,2015,342,1,0,0
HNR,2015,9,0,0,0
CIG,2015,7,0,0,1
OES,2015,3,0,0,0
KHP,2015,12,5,5,0
KOJ,2015,2,0,0,0
HHE,2015,2,0,0,0
NYT,2015,2,0,0,0
OVJ,2015,6,0,0,0
KSF,2015,4,0,0,0
MRW,2015,2,0,0,0
JXE,2015,4,0,0,0
GEC,2015,1,0,0,0
EOB,2015,13,0,1,0
MMY,2015,1,0,0,0
DWO,2015,8,1,0,0
FAQ,2015,1,0,0,0
ILY,2015,2,0,1,0
OMZ,2015,3,0,0,0
PBQ,2015,1,0,0,0
PFN,2015,36,0,0,0
KHJ,2015,1,1,0,0
ELA,2015,3,0,,
DTG,2015,2,0,0,0
HLG,2015,4,0,0,0
MMA,2015,1,0,0,
HND,2015,1,0,0,0
HFB,2015,1,0,0,0
LHG,2015,4,0,,
NVE,2015,3,0,1,0
REF,2015,1,0,0,0
CGN,2015,1,1,0,0
OIE,2015,1,0,0,0
KRE,2015,1,0,0,0
GBJ,2015,1,0,0,
NEK,2015,1693,0,0,0
JDH,2015,121,0,0,0
NAY,2015,1695,24,12,19
KSZ,2015,474,0,0,0
LQC,2015,133,0,0,0
DXC,2015,373,1,0,1
KTC,2015,71,0,0,0
LFL,2015,2751,1,1,1
KZH,2015,97,0,0,1
FMK,2015,774,0,0,0
MEH,2015,479,1,5,1
ODP,2015,50,0,0,0
BTS,2015,311,0,0,0
MFA,2015,71,0,0,0
IZI,2015,34,28,25,4
DWB,2015,119,0,0,0
DWA,2015,102,0,0,1
GFD,2015,192,0,8,0
HBA,2015,38,0,49,0
KDC,2015,15,0,1,0
HWQ,2015,14,2,1,0
IKZ,2015,40,0,0,0
GZI,2015,3,0,0,0
GKR,2015,19,0,0,0
KIF,2015,15,0,1,0
PFV,2015,54,0,0,0
ONU,2015,475,0,0,0
DYF,2015,12,0,0,0
NIV,2015,1,0,0,0
ION,2015,3,1,0,0
GIF,2015,2,3,0,0
JXI,2015,5,0,0,0
IWB,2015,5,1,1,1
FBO,2015,10,0,0,0
EJJ,2015,4,0,0,0
JYO,2015,1,0,0,0
HCI,2015,1,0,0,0
MAO,2015,2,0,0,0
PGM,2015,1,0,0,0
JXA,2015,8,0,0,0
NNX,2015,1,0,0,0
CGL,2015,4,0,0,0
BZT,2015,2,0,0,0
KCO,2015,1,0,0,0
JDX,2015,6,0,0,0
GZT,2015,4,0,0,0
OAP,2015,2,0,0,0
OJH,2015,2,18,16,0
OZP,2015,13,0,0,2
KPY,2015,1,1,0,0
FFO,2015,2,2,0,0
LIX,2015,1,0,0,0
GXH,2015,1,1,0,0
MAD,2015,1,0,0,0
GAZ,2015,1,0,1,1
JTR,2015,1,3,,
CDQ,2015,1,0,1,0
OTM,2015,42,0,0,0
KTT,2015,391,2,10,5
NKM,2015,535,0,1,0
OIY,2015,281,1,0,0
GCJ,2015,1685,8,9,6
IYO,2015,261,8,0,3
OXO,2015,97,0,4,5
HCG,2015,1562,0,30,0
DQE,2015,58,0,0,0
DYG,2015,162,1,0,0
IEO,2015,105,2,0,1
LZK,2015,3,0,0,0
OWD,2015,1,1,2,0
KWI,2015,95,0,1,19
PAG,2015,73,0,0,0
FLL,2015,53,1,0,2
EJL,2015,7,0,0,0
JKA,2015,39,10,3,5
BSB,2015,11,0,0,0
MDB,2015,12,4,0,0
KXO,2015,1,0,,
HDT,2015,1,0,0,0
CDX,2015,5,0,0,0
FFX,2015,8,0,0,0
ISD,2015,1,1,0,0
EXJ,2015,6,0,0,0
OOK,2015,8,0,0,0
CAK,2015,56,0,0,0
BTM,2015,36,1,0,0
FCX,2015,5,0,0,0
KOE,2015,9,0,0,0
FTA,2015,15,0,0,1
MXD,2015,2,0,0,0
GFO,2015,2,1,0,1
OUO,2015,2,3,0,0
FQP,2015,4,0,0,0
HKY,2015,1,0,0,0
DWH,2015,6,0,0,0
OPP,2015,22,0,0,0
MAJ,2015,3,0,0,0
HTF,2015,2,0,0,0
KGS,2015,1,0,0,0
HAM,2015,1,0,0,0
EEG,2015,1,0,0,0
NAL,2015,1,0,0,
IWI,2015,1,0,,
GCM,2015,1,0,0,0
KOG,2015,1238,0,0,0
MZF,2015,74,0,0,0
MSD,2015,542,42,0,0
CAW,2015,18787,1,1,1
BTI,2015,292,0,0,0
CEW,2015,57,0,3,0
MPV,2015,79,0,0,0
KMI,2015,33,0,0,0
DSI,2015,1630,2,3,1
JJX,2015,65,3,2,3
FEN,2015,24,0,0,0
INP,2015,10,0,6,0
HRM,2015,28,1,0,2
IQI,2015,20,1,9,0
OMD,2015,94,0,0,0
CCW,2015,297,3,1,3
NPJ,2015,54,3,1,0
NZK,2015,21,0,0,0
GFG,2015,18,0,0,14
BYD,2015,17,4,0,0
EHD,2015,106,1,3,1
NSX,2015,24,1,2,2
NLH,2015,34,0,4,0
DRQ,2015,1,1,0,0
NLM,2015,27,5,1,0
GDI,2015,7,1,0,0
OYP,2015,1,1,0,
BZK,2015,12,0,0,1
KDD,2015,53,3,0,5
JBP,2015,26,0,0,0
IYN,2015,116,13,7,14
OQY,2015,5,1,0,0
JFY,2015,7,2,3,2
LTO,2015,4,0,0,0
ESZ,2015,1,0,0,
IPF,2015,11,0,0,0
IYX,2015,4,0,1,0
LQX,2015,2,0,0,
HTR,2015,14,0,0,0
CEO,2015,3,0,0,0
FFK,2015,7,0,0,1
FOD,2015,14,0,0,0
MDD,2015,1,0,1,0
HQR,2015,4,0,0,0
OWL,2015,2,0,0,0
NXB,2015,2,0,0,0
NBL,2015,1,0,0,0
ILI,2015,1,0,0,0
KAM,2015,3,1,0,
JJG,2015,1,0,0,0
HBM,2015,1,0,0,0
OXK,2015,2,0,0,0
BZB,2015,6,0,0,
OND,2015,1,0,,
FNC,2015,1,0,,
JIS,2015,1,0,1,1
NPT,2015,2836,1,1,1
ITI,2015,4613,4,1,2
FMG,2015,95,9,1,65
BTG,2015,3,0,0,0
MCH,2015,41,4,0,0
IML,2015,4,0,0,0
KRA,2015,337,3,4,2
FMT,2015,56,1,7,1
FJI,2015,558,0,1,0
ETD,2015,4,0,0,0
KNO,2015,4,0,0,0
PEP,2015,8,0,0,0
KRD,2015,335,0,0,0
MOL,2015,5,0,0,0
DWF,2015,217,7,6,11
JQP,2015,142,13,16,7
NIU,2015,167,0,0,0
EZN,2015,28,0,0,0
EZX,2015,9,1,0,0
EBI,2015,8,0,3,0
CEC,2015,164,0,0,1
FXX,2015,14,0,0,0
NEI,2015,1,0,0,0
LHM,2015,1,0,,
EJF,2015,9,0,0,0
INN,2015,16,13,0,0
MCN,2015,68,0,0,0
LKB,2015,1,0,0,1
ECX,2015,6,0,0,0
LOJ,2015,3,0,1,0
LLX,2015,1,0,,
HDJ,2015,2,0,0,
EBA,2015,4,0,0,0
FSR,2015,4,0,0,0
DYN,2015,8,0,0,0
DWL,2015,1,0,0,0
FMP,2015,9,1,0,0
FWB,2015,6,1,0,1
JYQ,2015,1,0,0,
LRQ,2015,1,0,2,2
MFQ,2015,1,0,,
HBP,2015,2,0,,
DCN,2015,2,0,0,0
MDP,2015,5,0,0,0
MTL,2015,1,0,0,0
DRK,2015,1,0,0,0
MMP,2015,3,2,0,0
HCA,2015,2,0,0,0
OCV,2015,1,0,0,0
MYP,2015,1,0,0,0
KRL,2015,6,0,0,0
HRN,2015,2,0,0,
DZP,2015,1,0,0,0
OEQ,2015,1,13,1,0
EOX,2015,1,0,2,0
OAZ,2015,1,0,0,0
NKQ,2015,1,0,0,
NYU,2015,1,26,0,0
IYS,2015,1,0,,
LWQ,2015,136,1,0,0
DQY,2015,2319,4,23,16
FTL,2015,2473,2,4,1
OJX,2015,3705,0,0,0
LEH,2015,25,0,1,1
INI,2015,150,0,0,0
MOZ,2015,292,0,0,1
CCX,2015,10,0,0,0
NIM,2015,126,0,2,0
GXQ,2015,62,5,0,0
ETB,2015,1,0,0,0
MLR,2015,397,1,0,2
DZI,2015,38,0,1,0
HNN,2015,393,0,2,44
ITX,2015,182,6,1,1
NAD,2015,248,0,0,3
JXM,2015,5,79,0,0
BYG,2015,63,0,0,19
EIE,2015,2,0,0,0
FCW,2015,23,0,0,0
LFZ,2015,7,1,0,1
LKF,2015,52,1,0,0
MUE,2015,5,1,1,7
BZA,2015,20,1,0,0
MLD,2015,1,0,0,0
HQG,2015,4,0,0,0
PCU,2015,17,0,0,0
BWA,2015,22,0,0,0
BXN,2015,3,0,0,0
MNQ,2015,3,0,0,0
ISY,2015,20,1,1,2
ONJ,2015,1,0,,
KSB,2015,1,0,0,0
EMS,2015,3,0,0,0
JJC,2015,7,0,,
HXO,2015,3,0,0,0
LHN,2015,2,2,9,10
PGT,2015,5,0,0,0
FMZ,2015,8,0,6,0
OHA,2015,1,0,0,0
ITM,2015,2,0,0,0
FBN,2015,2,0,3,1
GDZ,2015,6,0,1,0
PBL,2015,3,0,0,0
LJB,2015,3,0,0,0
FEW,2015,3,0,0,0
DEW,2015,2,0,0,0
HWD,2015,1,0,0,0
MHK,2015,1,0,0,
IRQ,2015,2,0,0,0
NNW,2015,2,0,1,0
JJY,2015,4,2,4,6
OOI,2015,1,1,0,1
LWY,2015,3,0,0,
IXY,2015,1,2,0,0
KWY,2015,1194,0,4,2
LPB,2015,1172,1,0,6
JLX,2015,2,0,0,
HHS,2015,5849,0,0,0
LBH,2015,13,0,0,0
NIK,2015,7726,0,2,12
FGB,2015,16,0,3,0
EXH,2015,27,0,0,0
JDS,2015,313,1,0,2
JDG,2015,390,0,0,0
FRK,2015,29,0,0,0
JDW,2015,66,1,0,2
FSM,2015,77,3,2,0
LPN,2015,175,0,1,0
FEO,2015,6,0,0,0
FJS,2015,58,0,0,2
FDF,2015,98,1,4,0
GAB,2015,12,0,0,0
CBT,2015,10,0,1,1
NZA,2015,10,0,0,0
JDZ,2015,49,0,0,6
LOF,2015,31,0,0,0
NQA,2015,2,0,1,
PEK,2015,3,0,0,0
MTJ,2015,11,0,0,0
HIN,2015,7,0,0,0
BYP,2015,1,0,0,0
ISA,2015,6,0,0,0
DPW,2015,12,10,5,1
MMX,2015,4,0,0,0
FLF,2015,3,0,1,0
HHW,2015,1,2,0,1
LKD,2015,20,3,1,5
HAS,2015,1,0,,
OEA,2015,4,0,1,0
LJE,2015,9,0,3,0
HTE,2015,5,0,0,0
ITQ,2015,6,8,1,0
MZP,2015,1,0,0,0
MLA,2015,1,1,0,0
NGZ,2015,1,0,0,1
EJB,2015,1,0,0,0
ELR,2015,3,0,0,0
OXI,2015,1,0,,
FKJ,2015,2,0,0,0
PER,2015,1,0,0,1
NKL,2015,1,0,0,0
EPP,2015,1,0,0,0
IYB,2015,1,0,2,
JSS,2015,1,0,0,0
OJB,2015,1,0,,
LPF,2015,1,0,0,0
IWE,2015,1,0,0,
FKM,2015,2,0,,
NEK,2016,1526,0,0,1
HQL,2016,2208,11,0,4
FMI,2016,931,5,41,4
NVY,2016,8502,0,0,0
DRM,2016,631,0,0,1
KWS,2016,968,3,6,6
JDO,2016,44,1,1,4
FZX,2016,466,4,2,1
LZS,2016,801,0,1,0
LEI,2016,91,0,0,5
FFK,2016,7,0,1,7
FEB,2016,103,2,0,0
IZI,2016,102,25,4,22
NIO,2016,406,0,0,0
FTR,2016,286,1,0,0
NPJ,2016,93,1,0,1
LFD,2016,66,0,0,0
LTI,2016,513,2,1,0
PDU,2016,26,0,0,1
IPG,2016,5,0,0,0
FFO,2016,32,0,0,0
HIH,2016,171,0,0,0
HIG,2016,10,0,0,0
PFV,2016,82,0,0,0
DXG,2016,67,0,0,0
HWB,2016,162,0,0,1
HXC,2016,99,1,0,0
GCA,2016,14,0,0,0
PGW,2016,33,0,9,0
GDJ,2016,8,0,0,4
BSP,2016,145,1,0,0
FNM,2016,50,1,0,0
KGZ,2016,54,3,1,5
KOO,2016,11,0,0,0
JDX,2016,4,0,0,0
LCO,2016,2,0,2,0
IYN,2016,144,7,14,18
DZA,2016,14,0,1,0
HXI,2016,35,1,0,0
CDT,2016,12,9,1,2
LBH,2016,12,0,0,2
ODD,2016,2,0,0,0
BTM,2016,92,0,0,16
JSM,2016,6,0,0,0
KTA,2016,1,0,0,
KPY,2016,1,0,0,0
HFB,2016,1,0,0,0
BZA,2016,5,0,0,1
BYD,2016,18,0,0,0
NIZ,2016,2,0,,
JTQ,2016,1,0,9,0
FGX,2016,4,0,0,0
MIX,2016,1,0,0,0
FZE,2016,7,0,0,0
EFA,2016,1,0,0,0
LTT,2016,1,0,0,
OFU,2016,2,0,0,0
DYH,2016,1,0,0,0
FQP,2016,4,0,0,0
MRY,2016,1,0,,
PHM,2016,1,0,0,0
OJK,2016,1,3,0,0
IDL,2016,1,0,0,
EIF,2016,1,0,0,0
KDJ,2016,6968,0,0,0
INE,2016,6,0,0,0
KRD,2016,432,0,0,0
JDH,2016,94,0,0,0
FOS,2016,115,0,0,0
MSD,2016,530,0,0,0
PAH,2016,693,0,0,0
EOQ,2016,297,4,0,30
NHX,2016,4,1,1,0
OTD,2016,165,0,1,0
NTE,2016,144,0,0,0
HTW,2016,591,3,1,1
JDP,2016,116,0,0,0
KRB,2016,25,0,0,3
MVR,2016,21,0,0,0
FZO,2016,10,0,0,0
NOU,2016,1153,0,0,1
ETN,2016,145,1,0,0
HXZ,2016,32,0,0,0
JDY,2016,1,0,0,0
FSM,2016,89,2,0,5
MMK,2016,27,0,0,0
FBK,2016,17,1,0,0
NLH,2016,25,4,0,5
OVG,2016,53,0,0,0
GXZ,2016,10,0,0,0
ESD,2016,7,0,0,1
GAZ,2016,15,1,1,0
MPK,2016,2,0,0,0
FDG,2016,7,0,0,0
MLZ,2016,5,0,1,1
NFK,2016,7,0,0,10
NKP,2016,1,0,0,
LEH,2016,10,1,1,0
FTC,2016,2,0,1,0
ONG,2016,8,0,0,0
DTN,2016,6,3,24,2
MPO,2016,8,0,0,0
NWJ,2016,13,0,0,1
NLL,2016,1,0,0,
HXL,2016,4,0,0,0
LYU,2016,49,0,1,0
DRP,2016,1,0,,
NEC,2016,2,0,0,0
FRL,2016,5,2,1,0
JTA,2016,1,0,0,0
JWX,2016,3,0,0,0
CFP,2016,3,0,1,1
MXM,2016,10,0,0,0
OMW,2016,1,0,0,0
IYC,2016,1,0,0,0
EBG,2016,1,0,0,0
GAS,2016,2,0,0,0
EIS,2016,3,0,0,
DCN,2016,1,0,0,2
HND,2016,1,0,0,0
LZK,2016,1,0,0,0
EIY,2016,4,0,0,0
FSS,2016,2,0,0,0
DFC,2016,1,0,0,2
MIU,2016,5,0,1,0
CIZ,2016,1,0,0,
BTR,2016,827,6,0,0
FPO,2016,205,3,1,4
LRC,2016,39,0,0,0
HWE,2016,4922,17,61,1
GZB,2016,4526,0,0,0
OYS,2016,7,0,0,0
NKB,2016,1575,3,3,5
PAO,2016,62,1,0,0
FKJ,2016,48,0,0,0
OAD,2016,239,0,0,4
DXT,2016,150,2,0,2
GDC,2016,140,1,0,0
OMP,2016,394,3,1,1
EMA,2016,16,0,0,0
EZD,2016,20,0,3,0
MMX,2016,16,0,0,0
KNX,2016,82,2,1,0
OYW,2016,2,0,0,
JHX,2016,9,1,0,2
KOZ,2016,3,0,0,0
IOY,2016,12,0,0,0
JXI,2016,8,0,0,0
OXK,2016,6,0,0,0
EBZ,2016,2,0,0,1
KDL,2016,30,2,0,0
DZC,2016,4,0,0,0
EXR,2016,3,0,0,
JIY,2016,2,3,0,0
LWL,2016,13,0,0,0
PFN,2016,27,0,0,0
MKW,2016,4,0,1,0
BYP,2016,2,0,0,0
NGZ,2016,9,0,1,0
JEC,2016,8,1,0,1
LXA,2016,11,0,0,0
OFP,2016,2,0,0,9
HGY,2016,7,0,0,0
MQL,2016,2,2,4,3
KCF,2016,1,0,0,0
HRZ,2016,1,0,0,0
MHZ,2016,1,0,,
NCH,2016,1,0,,
LDO,2016,1,0,0,0
PFC,2016,1,0,0,0
JMG,2016,1,0,1,0
OUL,2016,4,0,,
LQM,2016,1,0,1,0
EYJ,2016,2,0,0,0
NTN,2016,1,0,0,0
POA,2016,2,1,0,
LDE,2016,1,0,0,0
NTR,2016,1,0,0,0
FWC,2016,1,0,0,0
KQS,2016,1,0,0,0
NRU,2016,1,0,0,0
LOD,2016,613,1,6,0
LLZ,2016,290,55,18,21
LZO,2016,1717,15,8,5
LOZ,2016,412,1,0,0
FTL,2016,2365,4,1,3
NRY,2016,495,0,9,1
MRA,2016,365,6,0,0
KXA,2016,614,0,0,0
OUT,2016,537,1,0,0
OBJ,2016,507,1,5,3
LCP,2016,25,7,1,4
HEB,2016,100,0,0,4
LKF,2016,62,0,0,0
GEH,2016,143,0,1,5
OEZ,2016,44,1,2,1
MQR,2016,55,0,0,1
KOD,2016,282,1,0,6
KZH,2016,68,0,1,0
MBF,2016,85,0,1,1
ILH,2016,5,0,0,0
HWK,2016,6,0,0,0
MNL,2016,16,2,1,8
GDT,2016,296,1,1,1
GCP,2016,13,0,2,0
KRL,2016,17,0,0,0
ETA,2016,12,0,0,0
KOL,2016,1,0,0,0
HTE,2016,5,0,0,0
FDA,2016,5,0,0,0
OCX,2016,7,0,0,0
LZP,2016,136,0,6,0
PEW,2016,7,0,0,1
BSO,2016,68,0,2,93
LQZ,2016,4,0,0,0
MZA,2016,16,0,0,0
FLF,2016,3,1,0,0
NCF,2016,22,0,2,0
PJQ,2016,40,0,0,0
EZX,2016,4,0,0,0
BYZ,2016,3,0,0,0
EIB,2016,1,0,0,
HPX,2016,2,0,0,
CAL,2016,7,1,0,0
PMH,2016,14,0,0,0
JZF,2016,5,0,0,0
OUP,2016,3,1,0,0
FSO,2016,12,1,0,0
FON,2016,2,0,0,0
GDI,2016,5,0,0,0
GKL,2016,1,1,0,1
KOE,2016,3,0,0,0
KGN,2016,5,0,1,3
OIV,2016,2,0,0,0
LDS,2016,1,1,,
GCL,2016,4,0,0,0
ONB,2016,12,9,0,0
JEP,2016,2,0,0,
OSM,2016,2,0,0,0
MCV,2016,1,0,0,
PNO,2016,9,0,0,0
FHM,2016,2,0,0,0
FRJ,2016,1,1,0,0
MCQ,2016,1,0,,
NQD,2016,1,1,0,0
MMY,2016,5,0,0,0
FPA,2016,8403,34,22,8
LWS,2016,16520,5,11,19
HSB,2016,1892,21,102,212
MSS,2016,112,1,2,0
OGE,2016,11,0,3,0
GAT,2016,685,0,0,0
EXJ,2016,6,0,0,0
EXE,2016,195,0,0,0
GZT,2016,5,0,0,1
DQX,2016,1451,8,25,15
FMK,2016,534,0,0,0
LIX,2016,7,0,0,2
DXQ,2016,50,0,0,1
HXD,2016,75,0,0,1
NHA,2016,310,36,2,4
HIF,2016,71,2,0,2
KHO,2016,34,3,6,7
MEA,2016,57,1,2,0
JDW,2016,44,0,2,21
JEA,2016,34,7,0,0
MNH,2016,215,1,1,0
OOY,2016,59,0,0,0
DZI,2016,42,1,0,0
NIG,2016,69,2,1,1
EMF,2016,2,0,5,0
DHA,2016,55,1,0,2
NSP,2016,3,0,0,0
GAX,2016,2,0,0,3
IKN,2016,10,0,0,0
IZD,2016,1,0,0,2
FRG,2016,20,0,29,0
FBN,2016,163,3,1,0
KGI,2016,1,1,0,3
ODR,2016,2,0,0,
JXE,2016,5,0,0,0
DIP,2016,69,0,1,1
ECI,2016,1,0,0,0
GET,2016,29,3,0,0
FMQ,2016,24,0,0,0
JWY,2016,20,12,5,1
OCC,2016,36,3,1,1
KLS,2016,2,2,0,
KYG,2016,14,0,0,0
GAO,2016,7,0,0,0
EKM,2016,2,1,0,0
LTJ,2016,8,1,0,1
FEM,2016,9,0,0,0
HFE,2016,1,0,,
HHL,2016,4,0,0,0
GDX,2016,2,0,1,0
NHC,2016,5,0,0,1
KNN,2016,2,0,0,0
OWE,2016,1,0,0,0
MCO,2016,1,0,,
LBR,2016,1,1,0,0
PUB,2016,1,0,0,0
OLL,2016,1,0,0,0
OLZ,2016,1,0,0,0
GAC,2016,2,0,0,0
JDJ,2016,5,0,0,0
OYR,2016,1,0,,
GCQ,2016,1,22,0,0
NDN,2016,182,1,2,0
JOW,2016,149,0,2,0
OTN,2016,1795,0,0,0
JOH,2016,571,2,2,0
MMI,2016,483,1,1,3
FAE,2016,104,0,0,0
JDG,2016,376,0,0,0
DWB,2016,316,0,0,0
JCX,2016,118,2,2,0
NGV,2016,608,0,0,1
PAJ,2016,252,0,0,0
MQN,2016,86,6,0,0
KWL,2016,205,0,2,1
JKA,2016,65,3,5,15
LRN,2016,38,0,0,0
HBA,2016,40,49,0,0
PIO,2016,215,0,0,0
FWM,2016,163,0,1,0
CEW,2016,96,3,0,0
LDF,2016,89,1,0,1
HTJ,2016,178,0,0,0
JKC,2016,1,0,1,2
FZW,2016,19,0,1,0
LLK,2016,14,0,0,
NBE,2016,44,3,0,0
OCW,2016,73,0,0,0
KNY,2016,19,0,0,0
INP,2016,6,6,0,0
ILO,2016,43,0,1,0
MDI,2016,31,0,0,0
FAQ,2016,13,0,0,0
IQI,2016,14,9,0,2
KZF,2016,13,1,1,0
FRW,2016,1,0,0,0
KPS,2016,10,64,29,21
ILM,2016,20,0,0,0
MTG,2016,5,0,0,0
KHE,2016,3,0,0,3
KQM,2016,11,0,0,0
DTW,2016,22,0,0,0
HAM,2016,3,0,0,0
MNM,2016,3,0,0,1
LYG,2016,1,0,0,0
IMG,2016,6,0,0,0
HWQ,2016,28,1,0,0
NYU,2016,3,0,0,0
MAQ,2016,2,0,0,1
LOK,2016,4,0,0,0
OGH,2016,1,0,2,0
BSF,2016,1,0,0,1
HIO,2016,1,0,0,0
DWH,2016,1,0,0,0
KBZ,2016,2,0,0,
CGN,2016,4,0,0,4
HHE,2016,1,0,0,0
KOB,2016,2,0,0,0
EIC,2016,8,0,0,0
OJA,2016,1,0,0,0
PLC,2016,1,0,0,0
EJT,2016,1,0,0,
EJI,2016,1,0,0,0
HSO,2016,1,0,0,0
MVK,2016,9338,0,1,0
MWH,2016,105,0,0,0
IOR,2016,1845,2,0,1
FRN,2016,16385,17,21,11
HNN,2016,434,2,44,1
MJO,2016,161,0,0,1
HNR,2016,14,0,0,0
NAA,2016,147,0,0,0
IYO,2016,252,0,3,3
GBA,2016,64,0,0,0
LQY,2016,126,0,0,0
GWQ,2016,28,0,0,1
ECX,2016,1,0,0,0
LJB,2016,8,0,0,0
EKS,2016,28,0,0,0
EHD,2016,61,3,1,0
HXW,2016,30,0,0,0
IMP,2016,14,0,0,0
MOS,2016,7,2,0,0
OLV,2016,4,0,1,0
LFX,2016,47,2,0,0
JEX,2016,1,0,0,0
BSR,2016,9,1,1,0
ORG,2016,6,0,0,0
GFO,2016,3,0,1,2
GGW,2016,7,0,0,0
GZL,2016,9,0,0,1
MXJ,2016,2,0,0,0
MBV,2016,4,0,0,0
FFD,2016,1,0,0,0
GHH,2016,8,2,0,0
CDD,2016,6,0,0,3
LYY,2016,7,0,0,0
HBT,2016,10,0,0,1
PQF,2016,3,0,0,0
CHH,2016,5,4,1,0
LNY,2016,1,0,0,0
CCL,2016,1,0,0,0
NWR,2016,3,2,0,0
KMJ,2016,5,2,0,0
HOC,2016,3,0,0,0
HFG,2016,5,0,0,0
FXP,2016,2,0,0,0
KSW,2016,1,0,0,
KTE,2016,1,0,0,
JXM,2016,2,0,0,0
KCH,2016,1,0,,
LMG,2016,2,0,0,0
MIB,2016,1,0,0,0
LCR,2016,1,0,0,
CFN,2016,2,1,0,2
PDI,2016,2,0,0,0
MOZ,2016,310,0,1,0
JAK,2016,363,109,50,78
CAT,2016,173,0,1,5
OWB,2016,4022,35,22,41
MPV,2016,65,0,0,0
FMF,2016,678,9,42,7
LGZ,2016,15,2,0,0
GZJ,2016,32,0,0,0
JLW,2016,183,3,2,8
NLQ,2016,70,0,0,1
HGX,2016,372,0,1,0
MDB,2016,291,0,0,3
NUJ,2016,51,1,0,0
DAP,2016,20,0,0,0
FNJ,2016,3,0,0,0
NEW,2016,314,0,0,6
LPL,2016,191,0,13,1
GES,2016,45,1,0,0
NCP,2016,3,0,0,0
CAC,2016,73,4,2,4
JWJ,2016,48,0,0,0
PEZ,2016,5,0,0,0
EWY,2016,12,0,0,0
KXF,2016,11,0,0,0
OIJ,2016,1,1,,
HGM,2016,17,0,0,0
HWJ,2016,24,0,0,0
GAA,2016,45,0,0,0
IOL,2016,1,0,0,1
BYN,2016,1,0,0,
HXO,2016,4,0,0,0
KNA,2016,22,0,0,0
FSH,2016,5,0,5,0
EJL,2016,17,0,0,2
OQO,2016,6,0,0,0
HGB,2016,1,0,0,
OJR,2016,1,0,0,
CFT,2016,6,0,1,2
HCF,2016,10,2,0,0
FHF,2016,4,0,0,0
MIR,2016,8,0,0,0
OHM,2016,1,5,0,0
NPZ,2016,1,0,0,0
FKK,2016,3,0,0,0
LPC,2016,12,1,0,0
KAE,2016,5,0,0,0
DSR,2016,1,0,0,0
HSA,2016,1,0,0,0
HHI,2016,1,1,0,0
HMR,2016,1,0,0,
OLP,2016,1,0,4,0
KDA,2016,1,0,,
HAX,2016,1,0,0,0
PJD,2016,1,0,0,0
DQA,2016,1767,5,0,32
CBK,2016,15898,19,5,10
NPT,2016,2972,1,1,1
OXO,2016,3769,4,5,11
LFL,2016,2665,1,1,2
KNW,2016,296,17,5,0
KWZ,2016,1167,0,0,1
JDC,2016,176,1,0,1
DIO,2016,9,1,1,0
KDQ,2016,77,6,0,0
DRT,2016,55,0,0,0
MQP,2016,128,0,1,0
DWA,2016,108,0,1,0
LSZ,2016,394,0,0,0
FIE,2016,20,0,0,0
IOQ,2016,41,0,0,1
EBF,2016,139,0,4,0
LOM,2016,144,0,0,4
OTM,2016,26,0,0,0
EFB,2016,122,1,0,0
GAB,2016,24,0,0,6
JJH,2016,6,1,1,4
EZL,2016,322,27,0,32
NAW,2016,39,0,0,0
FPF,2016,1,0,0,0
ITW,2016,12,2,0,0
JOS,2016,5,1,0,0
ODE,2016,12,0,0,0
HXK,2016,6,0,0,0
INQ,2016,2,1,0,0
NFO,2016,5,0,0,0
KFM,2016,156,2,0,1
CAG,2016,2,0,0,0
KNF,2016,9,0,0,0
IRQ,2016,1,0,0,0
KSF,2016,16,0,0,0
DZK,2016,1,0,0,0
NLM,2016,39,1,0,1
JIF,2016,4,3,3,0
LXG,2016,12,2,0,9
CFL,2016,2,1,0,1
IZQ,2016,7,0,0,0
HQR,2016,1,0,0,0
MRJ,2016,2,0,0,0
HOY,2016,2,0,0,0
FPL,2016,1,0,0,0
DYJ,2016,2,0,0,0
ILQ,2016,4,1,3,0
OIU,2016,1,0,0,0
LYZ,2016,11,1,0,0
MLM,2016,2,0,1,0
OJE,2016,6,0,0,0
GBQ,2016,1,0,0,0
LLY,2016,3,0,,
OIG,2016,1,0,,
PBC,2016,1,0,0,
IPM,2016,1,0,0,
BSK,2016,1,0,1,0
OIC,2016,1,0,,
NKL,2016,1,0,0,
NJW,2016,1,0,0,
FMT,2016,56,7,1,4
MFK,2016,727,0,0,0
JJE,2016,2557,21,29,34
NIK,2016,13169,2,12,7
HTO,2016,1038,9,8,1
OTP,2016,409,0,0,0
JDS,2016,497,0,2,0
JXG,2016,1084,6,3,0
OOE,2016,478,1,0,2
HET,2016,205,0,1,0
GFD,2016,125,8,0,2
CBT,2016,30,1,1,0
NAY,2016,1044,12,19,11
GXQ,2016,57,0,0,0
LPB,2016,1005,0,6,0
MRN,2016,94,1,0,1
ELC,2016,168,2,0,0
GFG,2016,12,0,14,0
OWO,2016,6,0,0,0
LNS,2016,50,0,0,0
MED,2016,133,1,0,1
LFY,2016,2,0,0,1
DTX,2016,36,0,0,0
ELW,2016,15,3,0,0
OVD,2016,50,2,0,1
CDQ,2016,231,1,0,0
PJO,2016,3,0,0,0
KGB,2016,22,0,0,0
MTD,2016,35,2,2,0
HTX,2016,28,0,6,0
FPP,2016,11,3,0,0
LZN,2016,6,0,0,0
LTO,2016,4,0,0,0
MFJ,2016,6,0,0,0
OWN,2016,4,0,0,0
MZS,2016,1,0,,
IZZ,2016,1,0,0,0
JXB,2016,16,0,1,0
MJT,2016,11,0,0,0
MNR,2016,10,0,0,0
HDT,2016,1,0,0,0
KMK,2016,19,2,1,0
IDO,2016,5,0,0,0
KGO,2016,15,2,1,9
NDY,2016,1,0,0,0
CHI,2016,3,0,2,3
NDC,2016,17,2,3,1
KCP,2016,1,0,0,0
NON,2016,27,0,0,0
HKN,2016,1,1,1,0
LOJ,2016,5,1,0,1
FFF,2016,2,0,,
HXQ,2016,1,0,0,0
NTO,2016,1,0,0,1
PKT,2016,7,0,0,0
PHC,2016,1,0,0,1
DBF,2016,1,0,1,2
OPP,2016,3,0,0,0
JIT,2016,3,3,3,6
JIR,2016,5,0,0,0
DWI,2016,3,0,0,0
MGP,2016,1,0,0,0
OCU,2016,1,0,,
LIB,2016,3,1,0,0
MVG,2016,1,0,0,0
NVR,2016,1,0,0,0
BZK,2016,1,0,1,0
MBH,2016,1027,20,10,5
LYJ,2016,2838,0,3,5
OYC,2016,95770,0,0,1
HTT,2016,9,0,1,0
GDW,2016,5070,2,5,61
MDM,2016,313,0,3,2
OZO,2016,21073,0,3,1
NKM,2016,817,1,0,0
DYE,2016,1738,0,0,0
JHI,2016,143,1,0,1
LJE,2016,26,3,0,0
HWR,2016,435,2,0,0
GAR,2016,122,2,0,0
GKT,2016,437,0,0,0
IWB,2016,7,1,1,1
JDQ,2016,223,0,0,0
MZM,2016,2,0,0,0
LPM,2016,220,0,2,2
EFT,2016,67,0,0,0
GFC,2016,9,0,0,0
MLY,2016,1,0,0,0
MZO,2016,115,1,0,0
MDP,2016,13,0,0,0
PKL,2016,126,0,0,0
ELR,2016,8,0,0,1
BZR,2016,29,0,0,2
LOF,2016,48,0,0,0
DSA,2016,28,0,0,0
FAS,2016,69,2,0,1
NQW,2016,7,0,0,0
EBW,2016,6,0,1,0
JFY,2016,16,3,2,1
EYZ,2016,1,0,0,
LKD,2016,4,1,5,2
EMJ,2016,85,0,0,0
DQT,2016,2,0,0,0
KCJ,2016,2,0,0,0
BZC,2016,4,1,0,0
FTA,2016,15,0,1,0
BRY,2016,9,1,0,0
KGE,2016,9,0,0,0
EEG,2016,8,0,0,0
FWP,2016,6,0,0,0
IZH,2016,9,0,0,0
LSL,2016,6,0,1,0
HGI,2016,56,0,0,1
KIF,2016,5,1,0,0
KGA,2016,1,0,,
KYT,2016,1,0,0,0
PFJ,2016,8,0,0,0
PCC,2016,2,0,0,0
LRH,2016,6,0,0,
CHW,2016,2,0,0,0
JET,2016,1,0,1,0
EIG,2016,3,0,0,0
KSI,2016,1,0,0,
DWD,2016,6,0,0,0
NIP,2016,842,2,3,0
CAF,2016,200,2,14,1
HWA,2016,857,2,3,0
ITX,2016,268,1,1,18
GZF,2016,411,0,0,0
DSP,2016,418,11,7,6
GBS,2016,2,0,0,0
MLR,2016,285,0,2,1
LHI,2016,218,3,1,7
LWQ,2016,201,0,0,0
ISA,2016,12,0,0,0
MCN,2016,70,0,0,0
MKQ,2016,28,1,0,0
LZH,2016,1247,2,0,0
LYA,2016,28,0,0,0
MXH,2016,12,0,,
HQO,2016,56,0,0,0
HST,2016,28,1,1,0
JGQ,2016,3,0,0,0
CHL,2016,118,8,5,4
GWO,2016,18,0,0,18
IPF,2016,8,0,0,0
FQM,2016,10,2,7,1
DRS,2016,89,186,0,12
EIA,2016,150,1,0,0
GEA,2016,63,2,0,14
FAG,2016,1,0,0,
OMD,2016,121,0,0,0
JQP,2016,205,16,7,16
CBL,2016,4,0,0,0
NLF,2016,4,0,0,0
JBX,2016,1,0,,
OUG,2016,20,6,1,0
MGR,2016,3,0,0,
EZY,2016,6,0,0,0
FRK,2016,20,0,0,0
EJR,2016,9,0,0,0
NRP,2016,7,1,1,1
GGN,2016,9,1,0,0
KWF,2016,2,0,0,0
GDF,2016,15,6,1,0
BTG,2016,8,0,0,0
LCX,2016,4,0,0,0
CFR,2016,1,1,2,0
CFJ,2016,4,1,1,1
HIN,2016,2,0,0,0
EEF,2016,8,0,0,0
KEY,2016,2,0,0,0
EKH,2016,1,0,1,0
BTK,2016,2,0,0,0
JQW,2016,5,2,2,1
MUD,2016,9,0,0,0
HWM,2016,7,0,0,0
ONF,2016,6,0,0,0
MYA,2016,1,0,0,1
LPK,2016,2,0,0,0
GKJ,2016,1,0,0,0
NKC,2016,2,0,1,0
HYA,2016,1,0,0,0
MWJ,2016,1,0,0,0
HQB,2016,1,0,0,0
PND,2016,5,0,0,0
KCB,2016,1,0,0,
HXT,2016,1,0,0,0
LYR,2016,4,0,0,0
DYX,2016,1,0,,
NVE,2016,1,1,0,0
NBW,2016,75831,6,2,2
LRO,2016,799,49,168,32
FGE,2016,1440,0,3,43
DQY,2016,2232,23,16,20
MAF,2016,694,0,1,0
KWA,2016,7817,1,2,2
JWH,2016,7530,58,82,30
CAZ,2016,370,3,0,6
DWE,2016,148,6,28,0
KSJ,2016,30,0,0,0
ERL,2016,1444,7,0,0
DTB,2016,11781,0,0,0
MRM,2016,379,0,7,0
EFQ,2016,53,1,0,0
MAI,2016,299,1,7,0
NBC,2016,30,1,2,2
ODB,2016,3,0,0,0
MZP,2016,12,0,0,0
IZL,2016,33,2,2,0
GCI,2016,98,0,0,0
HMX,2016,36,0,0,2
EFW,2016,35,0,0,0
GWF,2016,20,0,2,0
HAE,2016,34,0,0,0
ISY,2016,48,1,2,0
OHV,2016,29,0,0,0
EXH,2016,9,0,0,0
LXT,2016,38,1,0,2
KYX,2016,9,0,0,0
GXP,2016,17,0,0,0
KQZ,2016,3,6,0,0
DTM,2016,27,0,0,0
CBF,2016,5,0,0,0
MQH,2016,2,0,0,1
FSZ,2016,1,0,0,0
CIX,2016,1,0,0,0
KPR,2016,18,8,8,14
EWL,2016,16,0,0,0
FTH,2016,14,0,0,0
OCT,2016,26,0,0,0
PGN,2016,18,0,0,0
OZD,2016,17,0,0,0
HIS,2016,5,1,0,0
OWI,2016,6,0,1,0
OWQ,2016,5,0,0,0
FMZ,2016,12,6,0,3
JTM,2016,1,0,,
PIJ,2016,5,0,0,0
EXD,2016,1,0,0,0
CIC,2016,29,1,0,1
HEE,2016,1,0,0,0
KLT,2016,3,0,0,0
HTQ,2016,71,0,1,0
KYW,2016,1,1,0,0
NDG,2016,1,0,0,0
JFT,2016,2,0,0,1
EAX,2016,4,0,0,0
NUN,2016,1,0,0,0
JTW,2016,2,0,0,4
PJS,2016,1,0,0,0
FIP,2016,3,0,0,0
GBB,2016,1,0,0,0
OFZ,2016,1,0,0,0
EXG,2016,1,0,0,0
GEI,2016,5574,40,20,20
OJX,2016,3018,0,0,0
ITJ,2016,495,1,0,1
BTL,2016,80,0,2,0
LJT,2016,132,0,6,16
KTT,2016,397,10,5,17
KRA,2016,417,4,2,0
FDX,2016,45,0,0,1
DXZ,2016,66,2,0,3
EGS,2016,297,0,0,0
NDP,2016,96,2,10,5
PEX,2016,48,0,0,0
JID,2016,10,0,0,0
NQR,2016,23,0,0,0
JTO,2016,43,0,0,1
MUQ,2016,28,0,1,1
DRX,2016,37,0,0,0
GXY,2016,15,0,0,0
NAD,2016,106,0,3,6
GCX,2016,99,0,1,1
NSI,2016,3,0,0,0
ISH,2016,9,0,0,0
CBH,2016,26,0,2,0
MND,2016,93,0,0,0
FED,2016,29,0,0,0
GYK,2016,2,0,0,0
KDC,2016,11,1,0,0
FHW,2016,7,0,0,0
OLM,2016,4,0,0,0
OFR,2016,2,0,0,0
DAO,2016,1,0,0,0
NJM,2016,2,0,0,0
FSE,2016,2,0,0,
IQA,2016,1,0,0,1
ORM,2016,2,0,,
PJT,2016,2,0,0,0
HQJ,2016,5,0,,
DTP,2016,1,0,,
FGY,2016,5,0,0,0
ITG,2016,1,0,1,0
MSQ,2016,2,0,0,0
FMA,2016,2,0,0,0
FDE,2016,4,0,0,0
HWW,2016,2,0,0,0
KME,2016,2,0,1,0
MEJ,2016,1,0,0,0
GFA,2016,231,0,0,1
FCX,2016,4,0,0,0
NJL,2016,1386,3,9,0
KWY,2016,868,4,2,1
DYB,2016,1226,49,40,17
HWC,2016,2258,39,13,22
GAM,2016,1109,1,10,1
IRT,2016,182,14,0,0
DRA,2016,476,0,0,0
OTO,2016,152,0,0,0
BTS,2016,226,0,0,0
JEQ,2016,503,0,0,0
DRF,2016,382,0,0,1
ONW,2016,19,0,0,0
BTI,2016,138,0,0,0
OAE,2016,308,0,0,0
PGQ,2016,29,0,0,3
OBW,2016,3,0,0,
BTA,2016,25,1,0,1
OBR,2016,16,0,0,0
KYB,2016,256,1,0,0
KOY,2016,4,10,9,0
FCL,2016,64,1,0,0
BYJ,2016,18,0,0,0
PAI,2016,105,0,0,0
NGT,2016,77,1,0,1
FMS,2016,137,0,0,0
FWZ,2016,59,0,1,0
KMF,2016,17,0,0,0
JBP,2016,4,0,0,0
PHX,2016,5,0,0,2
NEP,2016,31,15,0,1
DTE,2016,496,0,0,1
FDS,2016,106,2,1,0
OKS,2016,21,0,0,0
FRZ,2016,2,0,0,0
LCD,2016,8,0,0,4
JHY,2016,4,0,0,1
MJC,2016,132,1,1,2
HFJ,2016,1,0,,
GEF,2016,19,0,0,0
BYF,2016,3,0,0,0
NHK,2016,7,0,0,0
LJH,2016,32,0,0,0
EJJ,2016,2,0,0,0
BZN,2016,6,0,0,0
OZT,2016,9,0,0,0
INK,2016,5,1,0,0
HKY,2016,2,0,0,
LQR,2016,4,0,0,0
MQE,2016,18,0,0,0
NAM,2016,26,0,0,0
NOF,2016,10,0,0,1
GCC,2016,1,0,0,0
CGZ,2016,1,0,0,3
EZK,2016,2,0,,
PCE,2016,1,0,0,0
EGN,2016,2,0,0,0
PNB,2016,1,0,0,0
KSD,2016,1,0,,
DTR,2016,60,0,0,0
KQO,2016,369,1,2,4
LGW,2016,15554,7,4,2
JIL,2016,40,1,0,0
KOG,2016,941,0,0,0
KWQ,2016,499,10,10,2
GWM,2016,416,0,0,0
LWP,2016,12251,2,21,0
MEB,2016,2128,0,0,17
NRA,2016,524,17,0,0
EZB,2016,72,0,0,0
NIE,2016,13,0,1,0
LMH,2016,679,1,0,1
LOX,2016,2550,0,5,0
INI,2016,76,0,0,0
FPD,2016,102,0,2,8
KWT,2016,442,1,2,2
FDI,2016,223,0,0,0
JQC,2016,68,1,2,0
DQO,2016,611,11,14,4
LQE,2016,36,1,1,1
MBL,2016,54,0,0,0
MTA,2016,1434,0,0,0
HWX,2016,69,0,0,0
KDI,2016,763,11,5,9
CAK,2016,96,0,0,0
KTW,2016,41,0,0,0
FHQ,2016,74,0,1,0
KPN,2016,20,0,0,0
MGO,2016,3,0,,
KNH,2016,61,0,0,0
KXG,2016,10,0,0,0
HTC,2016,53,0,0,0
NWB,2016,25,1,0,3
HRT,2016,1,0,0,0
HKI,2016,65,2,1,1
EXB,2016,18,0,0,0
HEW,2016,9,0,0,1
JJY,2016,13,4,6,8
DKZ,2016,8,0,0,1
CGA,2016,36,3,0,0
GXH,2016,1,0,0,0
KGW,2016,12,0,0,0
ORQ,2016,10,0,0,0
MDD,2016,4,1,0,0
FMR,2016,6,0,0,0
HHD,2016,4,0,0,0
PEP,2016,33,0,0,0
MIP,2016,1,0,0,0
GCZ,2016,3,0,0,0
CGX,2016,3,2,0,0
GAK,2016,23,0,0,0
KYI,2016,3,1,0,0
KJJ,2016,2,0,0,7
LEA,2016,1,0,0,0
OGJ,2016,2,0,0,0
LZC,2016,5,0,0,0
HJB,2016,6,0,,
MGZ,2016,3,3,0,0
HBM,2016,2,0,0,0
MDA,2016,5,0,0,0
BTQ,2016,3,0,1,0
HNQ,2016,2,0,0,0
IOD,2016,2,0,0,0
NOC,2016,1,0,0,0
PGM,2016,9,0,0,0
OGD,2016,1,0,0,0
GYZ,2016,1,0,0,
EHL,2016,1,0,0,0
EIL,2016,1,0,0,0
OFC,2016,1,0,0,0
NBL,2016,1,0,0,0
BRW,2016,1,0,0,0
KYF,2016,198,1,0,0
MRZ,2016,55,0,0,1
JDI,2016,3979,28,6,12
MGB,2016,4304,1,1,1
LNQ,2016,374,0,0,0
KNT,2016,1239,4,12,3
MHY,2016,3536,3,6,1
PAG,2016,298,0,0,0
DXC,2016,492,0,1,1
DRO,2016,49,0,0,0
NWX,2016,321,0,0,1
DGC,2016,2,1,0,
IKX,2016,17,0,3,0
NIN,2016,33,0,0,0
FZT,2016,18,0,0,0
OWT,2016,3,0,0,0
LCJ,2016,35,4,0,0
HFX,2016,147,1,0,0
MPB,2016,70,0,4,11
CAH,2016,34,0,1,0
GAD,2016,78,5,0,3
NRN,2016,4,0,0,0
EFS,2016,5,0,0,0
NGX,2016,21,0,0,0
LKB,2016,6,0,1,0
OFT,2016,3,1,0,0
KZD,2016,4,0,1,0
JGS,2016,84,1,0,2
GDG,2016,14,0,0,0
DTD,2016,20,0,0,0
CGL,2016,2,0,0,0
GXR,2016,7,0,0,0
NEG,2016,5,0,0,0
EKR,2016,5,0,1,0
MOM,2016,61,0,0,1
JAA,2016,28,13,4,4
EZN,2016,19,0,0,0
KHS,2016,4,0,0,0
PIZ,2016,2,0,0,0
NYV,2016,2,0,0,0
GAL,2016,87,0,0,0
FEN,2016,10,0,0,1
NHJ,2016,2,0,0,0
MUJ,2016,27,17,6,7
KBD,2016,3,0,0,0
OVQ,2016,1,0,1,
HOZ,2016,2,0,0,0
PCK,2016,2,0,0,0
IQZ,2016,1,0,0,0
LMD,2016,3,0,0,0
LDP,2016,1,1,1,0
EKC,2016,2,0,0,0
PMP,2016,284,0,0,1
HCD,2016,1,0,0,0
MIJ,2016,7,1,0,0
FCS,2016,3,0,1,0
HXA,2016,1,0,0,0
FAM,2016,3,2,0,0
MJG,2016,2,0,0,0
KCM,2016,1,0,,
FMH,2016,2,1,0,1
KDN,2016,3,0,0,1
ITI,2016,1561,1,2,1
MKJ,2016,16912,6,12,12
BZE,2016,211,0,0,0
HBL,2016,280,0,2,3
MLV,2016,123,0,0,0
FSA,2016,726,6,3,6
KNQ,2016,153,0,0,0
GDO,2016,437,1,0,0
LFR,2016,2121,1,0,3
DTQ,2016,711,2,2,5
OOI,2016,3,0,1,1
OHR,2016,25,0,0,0
DWM,2016,48,0,0,0
HAB,2016,355,1,6,1
HBB,2016,272,2,1,0
FTD,2016,17,1,0,2
DRB,2016,55,0,0,0
CDZ,2016,5,0,3,4
FDP,2016,2,0,0,0
LPO,2016,15,0,0,0
INX,2016,10,0,0,0
FLL,2016,58,0,2,1
HRQ,2016,6,0,0,0
CIG,2016,4,0,1,1
JHR,2016,2,0,0,0
GCB,2016,9,0,0,0
MRG,2016,14,2,1,4
NAL,2016,12,0,,
NXC,2016,41,0,0,0
DZN,2016,30,0,0,0
HXP,2016,8,0,0,0
MRW,2016,1,0,0,0
OAR,2016,9,0,4,0
FEG,2016,4,0,0,0
KNM,2016,1,0,0,0
LJX,2016,1,0,1,0
GDH,2016,7,0,0,0
KDP,2016,18,0,0,0
EYB,2016,4,0,0,0
LKM,2016,3,0,0,1
FPK,2016,12,0,1,0
NXQ,2016,1,0,0,0
OHQ,2016,1,0,5,0
MOL,2016,4,0,0,4
KWJ,2016,1,0,0,0
PAB,2016,1,0,0,0
KRI,2016,1,0,0,0
PAW,2016,2,1,0,0
FOB,2016,1,0,0,
LRG,2016,1,0,0,10
BYH,2016,12,0,0,0
KGY,2016,2,0,0,0
GWJ,2016,1,0,0,0
LPH,2016,4879,19,22,22
MIA,2016,23,0,0,0
CAE,2016,69,2,0,1
OXF,2016,52,0,0,0
GAW,2016,435,1,0,19
KGX,2016,157,0,9,0
FZY,2016,45,0,0,0
LKN,2016,206,0,0,0
LPN,2016,493,1,0,0
KPO,2016,239,2,2,13
FFL,2016,87,0,0,0
JCC,2016,32,0,0,0
---,2016,30,0,0,0
CEC,2016,148,0,1,3
MAL,2016,20,0,0,0
MNK,2016,5,0,0,0
MRD,2016,24,0,0,0
NYQ,2016,2,1,,
DXJ,2016,6,0,0,0
CEM,2016,6,1,0,4
MWI,2016,50,1,3,2
OVN,2016,1,0,0,0
GFI,2016,4,0,0,0
EBI,2016,9,3,0,2
BSB,2016,66,0,0,0
OCL,2016,76,1,0,0
MNW,2016,15,0,0,0
JJQ,2016,9,6,0,0
GBW,2016,3,6,1,0
JDZ,2016,16,0,6,0
JAI,2016,2,1,2,0
MZC,2016,9,0,0,0
FXX,2016,16,0,0,0
ETB,2016,5,0,0,0
OQH,2016,1,0,0,0
KMI,2016,24,0,0,1
KYJ,2016,6,2,0,0
KNO,2016,2,0,0,0
OHT,2016,2,0,0,0
EHK,2016,1,0,0,
EEA,2016,1,0,0,0
OBO,2016,1,0,1,2
CZP,2016,2,0,0,0
FEO,2016,2,0,0,0
FSD,2016,2,0,0,0
JKR,2016,3,0,0,0
GCD,2016,3,0,4,0
MTN,2016,17,0,0,0
GEJ,2016,1,0,3,0
KAL,2016,1,0,0,0
JZW,2016,3,0,0,0
EJQ,2016,1,0,0,
MKZ,2016,1,0,0,0
DJG,2016,2,0,0,2
FEQ,2016,1,0,0,0
OVB,2016,2,0,0,0
EMN,2016,1,0,0,0
FKX,2016,6094,2,3,5
NXT,2016,355,0,0,2
ILJ,2016,56,0,0,0
ESW,2016,153,0,0,0
IMD,2016,213,2,0,3
DSI,2016,4329,3,1,5
HSD,2016,780,0,3,3
HAW,2016,1812,13,5,18
HXX,2016,986,2,0,1
BTO,2016,211,1,0,1
KWI,2016,138,1,19,0
KRH,2016,347,0,0,0
DRE,2016,84,1,0,1
HSX,2016,106,1,5,0
JIS,2016,1,1,1,1
LHX,2016,2,0,0,0
MEC,2016,80,0,1,5
FDT,2016,247,4,2,1
FGB,2016,35,3,0,2
FET,2016,25,1,0,2
FNG,2016,5,0,0,0
CAD,2016,9,1,1,0
NTG,2016,86,0,0,2
PCD,2016,9,2,1,0
NAJ,2016,14,0,0,0
DWS,2016,32,1,0,1
LSR,2016,10,0,0,0
MSX,2016,11,0,2,1
EOX,2016,3,2,0,0
JAQ,2016,3,0,0,0
FAF,2016,8,0,0,0
MVN,2016,18,0,2,4
JLS,2016,6,0,5,4
HSP,2016,1,0,,
GCF,2016,1,0,,
HHT,2016,6,0,0,0
GBL,2016,10,1,0,0
OQS,2016,2,0,0,0
BWH,2016,4,0,0,0
JAD,2016,5,0,1,0
HLG,2016,5,0,0,0
OBP,2016,5,0,1,1
KFK,2016,1,0,0,0
FJP,2016,1,0,,
FEI,2016,2,2,0,0
HQP,2016,2,0,0,1
HRK,2016,1,0,0,
NKH,2016,1,0,,
DRQ,2016,2,0,0,0
DZP,2016,1,0,0,0
KNL,2016,1,0,0,0
DJR,2016,1,0,0,
NHI,2016,1,0,0,0
OHP,2016,1,0,0,
FYH,2016,1,0,0,
LPS,2016,1,1,1,0
HFW,2016,1,0,0,0
NCV,2016,1,0,,
LHN,2016,1,9,10,6
OWD,2016,1,2,0,1
KWN,2016,1,0,0,0
NFJ,2016,29,3,2,1
FRO,2016,146,4,2,3
HRS,2016,2251,15,8,32
BSZ,2016,2121,6,8,15
PBI,2016,199,0,0,0
GXD,2016,51,1,0,0
KFZ,2016,84,0,0,0
JCT,2016,216,1,1,5
DWP,2016,18,0,0,0
HHS,2016,4911,0,0,0
MFR,2016,50,0,0,0
EKX,2016,66,0,0,0
NIU,2016,231,0,0,0
FRC,2016,479,1,0,2
FCW,2016,29,0,0,0
CCK,2016,88,2,2,5
DXN,2016,53,1,1,1
BSY,2016,312,0,11,4
NXB,2016,6,0,0,0
PCU,2016,101,0,0,0
OQG,2016,45,0,0,0
GXI,2016,15,1,1,0
PJF,2016,7,0,0,0
DZM,2016,37,0,0,0
IPR,2016,9,0,0,0
LFZ,2016,14,0,1,0
MNO,2016,6,0,0,0
HAO,2016,55,0,0,0
KHP,2016,41,5,0,1
HDD,2016,1,0,0,0
KRE,2016,7,0,0,0
MMH,2016,9,0,0,1
OQI,2016,17,0,0,0
IMI,2016,2,0,0,0
LYC,2016,140,2,0,1
MQG,2016,1,0,1,1
HCC,2016,4,0,1,0
PDQ,2016,4,0,0,0
NUC,2016,13,0,0,0
GBZ,2016,8,8,2,1
MBP,2016,6,2,0,1
DTI,2016,7,0,0,0
KAM,2016,3,0,,
HDA,2016,3,0,0,4
OHD,2016,3,2,0,0
HQE,2016,10,4,0,13
JAF,2016,4,0,4,0
KSB,2016,1,0,0,0
KIM,2016,2,0,0,0
KCG,2016,1,0,0,0
EKP,2016,4,0,0,0
KMY,2016,2,0,0,0
FYD,2016,2,0,0,0
HTS,2016,2,0,0,0
DIF,2016,1,0,,
NQM,2016,1,0,0,1
LXI,2016,2,0,0,0
JXK,2016,1,0,0,
JPW,2016,1,0,0,
OYE,2016,2,2,3,2
OQL,2016,1,0,0,0
MPI,2016,3,0,0,
ONN,2016,1,0,0,
PHL,2016,4,0,1,0
PHU,2016,1,0,0,0
OJH,2016,1,16,0,0
MNT,2016,2486,0,2,0
MCX,2016,710,0,2,1
MAX,2016,643,13,3,6
HBF,2016,76,0,0,0
HTD,2016,231,0,0,1
FJI,2016,556,1,0,0
HDB,2016,15,0,0,0
GFF,2016,104,2,0,0
LRK,2016,18,0,5,0
KLE,2016,47,1,1,0
LRY,2016,73,1,1,0
OSI,2016,72,0,0,0
KTC,2016,18,0,0,0
LPZ,2016,15,0,0,0
OVZ,2016,6,0,0,0
HTN,2016,42,1,0,0
EYQ,2016,6,0,0,0
LZD,2016,129,0,0,1
MQB,2016,26,1,4,36
OEV,2016,29,0,35,0
JOJ,2016,10,0,0,0
NEZ,2016,56,0,1,0
KCT,2016,16,4,1,0
OEX,2016,1,0,0,0
FMP,2016,11,0,0,0
HFF,2016,6,0,0,0
OOD,2016,9,1,0,0
MNQ,2016,10,0,0,1
EJB,2016,1,0,0,0
GWG,2016,25,0,1,0
MKN,2016,1,0,,
OAT,2016,12,0,0,0
FTJ,2016,7,0,0,
MQF,2016,3,0,3,0
HNF,2016,10,0,0,0
JSI,2016,2,2,0,1
OES,2016,4,0,0,1
JAC,2016,1,0,1,3
NZK,2016,8,0,0,0
LJO,2016,1,0,,
LTK,2016,4,0,0,3
FQL,2016,1,0,0,0
JSG,2016,1,3,0,14
EIH,2016,4,22,0,0
JDK,2016,2,0,0,0
OCE,2016,1,0,0,0
NSD,2016,1,0,0,
LWO,2016,1,0,0,0
POE,2016,106,0,0,0
EAJ,2016,4,1,24,0
EYC,2016,7,0,0,0
OAP,2016,1,0,0,0
PNR,2016,1,0,0,0
GCE,2016,2,0,0,0
HJN,2016,1,0,0,0
EIE,2016,1,0,0,0
MBI,2016,785,4,5,4
HSZ,2016,26,1,0,0
HTY,2016,126,3,1,13
NKE,2016,506,0,7,4
LNH,2016,132,12,12,89
HNO,2016,1382,0,0,0
DRY,2016,240,1,0,2
NEU,2016,55,0,1,0
DWC,2016,782,5,8,8
KNP,2016,3,0,0,0
FST,2016,15,0,0,0
FYA,2016,43,2,1,12
KDD,2016,31,0,5,2
LQL,2016,34,0,3,1
NUH,2016,12,0,0,0
HRM,2016,25,0,2,1
HXB,2016,43,0,0,0
OAB,2016,9,0,0,0
KOC,2016,10,1,0,3
GBM,2016,49,0,0,1
LKQ,2016,29,2,0,0
MLN,2016,20,0,0,0
ODF,2016,1,0,0,0
NZA,2016,21,0,0,0
BXB,2016,6,0,0,0
OEE,2016,1,0,,
GEN,2016,18,1,0,1
EMH,2016,4,0,0,
LDQ,2016,3,0,0,0
LRJ,2016,13,0,1,0
BSJ,2016,4,0,0,0
LGH,2016,2,0,0,0
DSB,2016,1,0,0,
FGH,2016,3,0,0,0
OKR,2016,3,0,0,0
FOX,2016,2,2,2,0
KXE,2016,3,0,0,0
OQY,2016,9,0,0,0
KIC,2016,2,0,1,0
NDJ,2016,4,0,0,0
OWV,2016,1,0,0,
MYR,2016,2,0,0,0
MXD,2016,21,0,0,0
LDT,2016,49,3,0,0
ION,2016,6,0,0,0
CJY,2016,3,1,0,2
ISP,2016,1,0,0,
MSW,2016,1,0,1,2
LBS,2016,1,2,1,0
HIB,2016,1,0,0,0
FLH,2016,1,0,0,0
IXI,2016,1,0,,
LDG,2016,2,0,0,0
NZU,2016,1,0,0,0
KZA,2016,1,0,0,0
FFZ,2016,1,0,,
PIF,2016,44,0,0,0
JDL,2016,297,0,0,0
HRY,2016,341,1,2,0
LNR,2016,314,0,0,0
LDD,2016,55,0,0,0
NSA,2016,44,0,0,0
HWT,2016,442,0,3,0
LZY,2016,76,0,0,0
KWR,2016,25,0,0,0
MFE,2016,221,0,0,0
INN,2016,26,0,0,0
CAN,2016,13,0,0,1
DRW,2016,2,0,0,
FAD,2016,182,4,0,0
HHM,2016,8,1,0,0
MFA,2016,89,0,0,0
JGJ,2016,4,1,0,0
MJN,2016,71,2,1,1
NQO,2016,31,0,0,0
NQP,2016,79,0,0,0
MNS,2016,16,0,0,0
NMJ,2016,12,0,0,0
ISW,2016,10,0,0,0
FEC,2016,1,0,0,0
LZJ,2016,4,0,0,0
EML,2016,2,0,0,0
DYT,2016,1,0,0,0
DTS,2016,1,0,0,0
GAE,2016,9,0,0,0
DWO,2016,6,0,0,7
LXC,2016,1,0,1,
BYI,2016,4,0,1,0
MIE,2016,15,0,0,0
MUE,2016,19,1,7,1
HES,2016,5,0,0,0
NNW,2016,4,1,0,0
FLS,2016,3,0,0,0
NCJ,2016,3,0,,
PBX,2016,2,0,1,0
EMX,2016,1,0,0,0
LOE,2016,5,0,2,2
MAO,2016,1,0,0,0
JZO,2016,8,0,2,4
NQN,2016,1,1,0,1
MPA,2016,2,0,0,0
IRP,2016,2,0,0,0
HOG,2016,1,0,0,
JJN,2016,1,0,,
DDR,2016,3,1,0,1
KEM,2016,1,0,0,
LKY,2016,1,0,0,0
NNL,2016,1,0,0,0
KAC,2016,1,0,0,0
HDH,2016,1,0,,
MIH,2016,4260,6,5,4
MDS,2016,96380,6,0,1
FNL,2016,2060,9,3,5
GJS,2016,864,9,5,5
BTT,2016,1079,0,0,0
FTM,2016,505,0,0,21
DXY,2016,541,0,4,0
MXC,2016,193,0,0,4
GAN,2016,61,0,0,0
DSY,2016,214,2,0,0
GKZ,2016,3291,10,11,5
OLO,2016,745,7,14,5
JJX,2016,37,2,3,2
NCX,2016,308,0,0,0
KGC,2016,68,0,0,0
JDR,2016,76,0,3,5
OZP,2016,62,0,2,0
NJE,2016,309,0,0,1
EMS,2016,3,0,0,0
FQO,2016,93,4,0,11
FMC,2016,330,0,0,0
KRG,2016,1875,2,0,0
GCT,2016,15,0,0,0
FDF,2016,170,4,0,0
EZC,2016,167,0,1,0
NSU,2016,3,0,4,1
MAH,2016,303,0,0,0
MBB,2016,325,0,0,0
MTJ,2016,7,0,0,0
OSR,2016,28,0,1,3
MQX,2016,1,0,0,0
MUU,2016,20,2,2,7
LRS,2016,8,17,1,0
FLG,2016,9,0,0,0
IQO,2016,1,0,0,
IKD,2016,57,1,2,0
MJJ,2016,1,0,0,0
LWK,2016,10,0,0,1
FFG,2016,95,0,0,0
KRR,2016,14,2,2,0
KIH,2016,5,0,0,0
IKT,2016,7,0,0,0
EZS,2016,3,0,0,0
FNP,2016,3,0,0,0
LEG,2016,25,0,0,1
KYZ,2016,8,6,3,1
OTE,2016,17,1,0,0
DWZ,2016,1,0,0,0
HNY,2016,2,0,0,0
HRR,2016,3,0,0,0
OGR,2016,1,1,0,5
GYB,2016,2,0,0,0
JCW,2016,5,0,0,0
PNY,2016,222,0,1,0
FCK,2016,1,0,0,0
INB,2016,1,0,0,0
HXR,2016,2,0,0,0
MQM,2016,1,0,2,0
HXY,2016,1,0,0,0
FYB,2016,1,0,,
ITM,2016,1,0,0,0
OXJ,2016,1,0,0,
LYL,2016,6,0,0,0
OLT,2016,1,0,0,0
OVO,2016,1,0,0,0
QCB,2016,1,0,0,0
REF,2016,1,0,0,
CAW,2016,3137,1,1,0
HRX,2016,465,2,3,2
KNS,2016,450,6,1,0
KOT,2016,116,0,0,0
NBH,2016,359,3,0,1
MPN,2016,192,0,0,0
FQH,2016,148,0,2,0
IEO,2016,124,0,1,0
NSX,2016,11,2,2,0
LWF,2016,37,0,0,0
HHW,2016,6,0,1,0
KWD,2016,7,1,0,0
HTZ,2016,34,0,0,0
CCQ,2016,18,5,0,0
FYF,2016,2,0,0,0
FCO,2016,18,0,0,0
LOL,2016,36,0,0,1
MFU,2016,1,0,,
NFA,2016,63,0,0,0
HTR,2016,39,0,0,0
PDR,2016,2,0,,
IPS,2016,21,0,0,0
BTY,2016,24,0,2,0
NLP,2016,1,0,,
PIM,2016,17,0,0,0
HCH,2016,5,0,0,0
PAA,2016,2,0,0,0
BSA,2016,1,0,0,
EOB,2016,16,1,0,0
KXT,2016,4,0,1,0
JHS,2016,1,0,0,5
JEB,2016,2,2,3,0
IWJ,2016,2,0,0,2
KDB,2016,8,0,,
ITH,2016,2,0,0,0
PNJ,2016,84,0,0,0
DPW,2016,1,5,1,0
MCZ,2016,1,1,2,0
ETD,2016,2,0,0,0
IQB,2016,1,0,,
MOD,2016,1,0,0,0
PJK,2016,1,0,0,0
GEG,2016,1,0,0,0
LZG,2016,56128,0,0,3
MJP,2016,285,0,0,0
KWP,2016,1368,6,0,2
NVZ,2016,2554,2,2,0
NVN,2016,9283,0,0,0
CAI,2016,164,0,0,1
KWH,2016,6,0,0,0
EQH,2016,2,0,0,0
GAP,2016,54,0,0,1
FPB,2016,95,0,1,0
HWN,2016,16,0,0,0
LMF,2016,83,0,0,0
DRG,2016,182,1,2,0
KGS,2016,1,0,0,0
FJS,2016,38,0,2,0
DYG,2016,153,0,0,4
OGO,2016,86,0,0,4
DSH,2016,6,0,0,0
MEG,2016,93,0,0,0
GAG,2016,74,0,0,1
LFJ,2016,34,0,0,0
CCX,2016,10,0,0,0
BYG,2016,21,0,19,1
NAE,2016,3,1,0,2
FJL,2016,25,0,0,0
FBO,2016,9,0,0,0
OEA,2016,4,1,0,0
FGA,2016,2,0,0,0
GKR,2016,9,0,0,0
GCM,2016,6,0,0,0
BYX,2016,19,0,0,1
NZP,2016,1,0,0,0
HKO,2016,9,0,1,0
MUH,2016,1,0,0,0
PPM,2016,1,2,5,7
ILX,2016,1,0,0,0
NYT,2016,2,0,0,0
PKE,2016,2,0,0,0
EKB,2016,1,0,0,0
OMA,2016,1,0,1,0
LIH,2016,1,0,0,0
JDN,2016,2,0,0,0
MVA,2016,1,0,0,0
HWD,2016,3,0,0,0
DXX,2016,25,1,0,0
LFM,2016,1,0,0,0
FTT,2016,1,0,0,0
OJU,2016,2,0,0,0
KAI,2016,1,0,,
INY,2016,1,0,,
ILZ,2016,2,0,0,0
FNY,2016,1,0,0,0
LKK,2016,8416,2,4,1
LJS,2016,1110,45,15,53
GEX,2016,2559,8,19,7
HCG,2016,1981,30,0,0
GCJ,2016,2067,9,6,7
LGD,2016,137,0,0,1
OCZ,2016,754,0,0,0
MUM,2016,41,0,0,0
GDY,2016,291,36,4,1
LWR,2016,734,1,0,0
FJK,2016,137,0,1,0
MNB,2016,295,0,0,0
JES,2016,43,0,0,0
LZA,2016,25,1,0,0
LNX,2016,14,0,0,0
CDP,2016,150,1,2,5
MOE,2016,1,0,,
OUR,2016,121,0,0,0
DXF,2016,13,1,0,0
KKY,2016,25,1,1,0
BWA,2016,26,0,0,0
ODG,2016,50,1,2,2
DXH,2016,4,0,0,0
IXR,2016,56,3,3,1
INM,2016,18,0,1,0
JSO,2016,16,0,2,2
NSC,2016,38,0,0,0
GXC,2016,5,0,0,0
MVC,2016,3,0,0,0
GIM,2016,2,0,1,0
FFS,2016,7,0,1,0
JDB,2016,11,0,18,0
FEZ,2016,1,0,0,0
OMZ,2016,2,0,0,0
KHY,2016,2,0,0,0
OSV,2016,1,0,0,0
LXM,2016,3,0,0,0
KMC,2016,1,0,0,0
MOY,2016,1,0,,
PER,2016,2,0,1,0
PMU,2016,1,0,0,0
BSS,2016,1,0,0,0
CGJ,2016,1,1,0,3
NKO,2016,1,0,0,
CFQ,2016,1,0,0,
OHA,2016,1,0,0,1
FWX,2016,1,0,0,0
MCM,2016,2764,0,0,0
NIQ,2016,7174,0,0,0
NIM,2016,121,2,0,0
EZW,2016,7045,0,0,0
OGG,2016,164,0,0,0
MCW,2016,406,4,6,1
OIY,2016,130,0,0,0
EQJ,2016,94,0,1,0
GEY,2016,1917,12,3,1
LHC,2016,69,1,0,0
FWB,2016,11,0,1,0
ODC,2016,8,0,0,0
CCW,2016,823,1,3,0
NAC,2016,59,1,0,0
JEY,2016,550,3,0,1
DZE,2016,1076,26,15,10
KCY,2016,71,1,2,0
KKX,2016,56,11,2,3
BZO,2016,56,0,0,0
OUB,2016,64,0,0,0
NZH,2016,5,0,0,0
DTL,2016,67,1,4,6
FCM,2016,14,0,0,0
PBL,2016,23,0,0,0
DQE,2016,68,0,0,0
CHP,2016,29,9,3,4
MOF,2016,3,0,1,0
NCD,2016,10,1,0,0
KIJ,2016,11,0,0,0
NKG,2016,73,0,0,3
DZJ,2016,16,0,0,0
GBO,2016,38,0,5,0
DZL,2016,34,2,0,0
EZQ,2016,64,0,0,0
KST,2016,10,0,0,0
NNX,2016,12,0,0,0
ISN,2016,2,0,0,0
GYC,2016,2,0,0,0
NUF,2016,4,0,,
CDX,2016,4,0,0,0
MTF,2016,15,4,0,0
NWV,2016,26,0,1,0
HQD,2016,1,0,0,0
FGO,2016,20,0,0,0
DRN,2016,1,0,0,
PEA,2016,3,0,0,0
BYY,2016,20,0,0,0
PSV,2016,16,0,0,0
IYX,2016,2,1,0,0
BZG,2016,1,0,0,0
NKN,2016,1,0,,
MOO,2016,7,0,0,0
FFW,2016,1,0,,
HGP,2016,3,0,0,0
KOX,2016,1,0,0,0
LMO,2016,1,0,,
HNL,2016,1,0,0,0
NPM,2016,1,0,0,1
LTW,2016,1,9,,
OCM,2016,3,0,0,0
OHY,2016,1,0,0,0
MJK,2016,2,0,0,0
LGX,2016,1,1,0,1
HCA,2016,1,0,0,0
EGJ,2016,3,0,3,0
PNF,2016,10,0,0,0
KXJ,2016,1,8,0,1
CKG,2016,2,0,0,1
LIP,2016,1,0,0,0
LLI,2016,4,4,2,0
OHG,2016,1,1,0,5
KRP,2016,1,0,0,0
LRP,2016,8,1,19,4
MOQ,2016,363,1,0,0
FFA,2016,51,0,0,0
HQC,2016,3357,3,0,3
MAY,2016,60,15,0,0
DTK,2016,2560,2,0,0
MZF,2016,79,0,0,0
ILS,2016,410,0,0,0
DXO,2016,151,0,0,0
FMG,2016,148,1,65,29
LXB,2016,686,0,0,1
MEH,2016,347,5,1,3
MAV,2016,123,1,4,1
FHN,2016,201,0,0,0
HXG,2016,2,0,0,0
DWF,2016,144,6,11,20
JXA,2016,9,0,0,0
NEY,2016,175,1,12,3
MQV,2016,104,4,2,2
OOK,2016,21,0,0,0
HQF,2016,106,2,0,0
OVE,2016,145,1,1,0
IYE,2016,97,23,26,17
KPA,2016,31,1,0,3
FCG,2016,190,3,5,0
JOL,2016,59,1,0,0
NGY,2016,62,0,0,0
PKB,2016,1,0,0,0
MNI,2016,116,0,145,1
LJY,2016,5,0,1,
NAB,2016,25,0,0,2
GBX,2016,86,0,11,11
CBI,2016,29,1,0,0
KXK,2016,38,1,0,1
KMN,2016,10,0,0,0
JIX,2016,6,6,5,3
KWB,2016,3,0,0,0
LBI,2016,22,4,1,0
NPV,2016,66,0,0,0
IQK,2016,20,3,0,0
HIL,2016,4,0,0,0
OXH,2016,19,0,0,0
ITQ,2016,16,1,0,0
FZZ,2016,19,0,0,0
FER,2016,14,0,0,1
NHB,2016,9,0,0,0
LMB,2016,21,5,0,0
DHX,2016,22,0,0,3
FBW,2016,1,0,0,0
EJF,2016,5,0,0,0
MHE,2016,8,0,0,0
MGQ,2016,4,0,1,0
HQY,2016,2,0,0,0
KSR,2016,5,0,0,0
KGG,2016,3,0,0,0
NPL,2016,9,1,0,0
OEQ,2016,3,1,0,3
PHY,2016,1,0,,
JPA,2016,6,4,0,0
IXW,2016,1,1,0,0
KAS,2016,1,0,0,
DEW,2016,4,0,0,1
GZX,2016,1,0,0,0
PNW,2016,1,0,0,0
GWE,2016,2,0,0,0
KHR,2016,1,0,0,
PGD,2016,1,0,0,0
NSL,2016,1,0,0,0
ILE,2016,1,0,0,
GER,2016,1,0,0,2
DQK,2016,339,6,5,9
DSQ,2016,7152,3,5,6
MHX,2016,1098,15,16,19
LIT,2016,1510,3,0,2
MUZ,2016,77,0,1,0
DQR,2016,74,0,0,1
KOA,2016,2,0,3,0
DTZ,2016,442,2,0,5
KRO,2016,366,13,19,2
IKK,2016,7,0,0,0
PGT,2016,19,0,0,0
KPE,2016,525,0,2,13
OCY,2016,158,0,0,0
LQC,2016,157,0,0,0
DWJ,2016,1389,2,6,7
FSY,2016,181,0,144,4
MRU,2016,297,0,0,0
MQC,2016,8,0,0,0
DRC,2016,62,1,0,1
BZD,2016,117,1,0,1
MOI,2016,5,0,4,3
BRZ,2016,78,0,0,0
MWS,2016,52,0,0,0
LWH,2016,40,1,0,0
MAE,2016,11,0,0,0
HBO,2016,4,0,1,1
KTI,2016,7,0,0,1
IDP,2016,5,0,0,1
LRW,2016,27,1,0,1
GDZ,2016,5,1,0,0
IKZ,2016,26,0,0,1
GAQ,2016,23,0,0,0
KZL,2016,10,0,0,0
NHG,2016,7,0,0,1
BWF,2016,6,0,0,0
NBF,2016,17,0,0,0
KMW,2016,13,0,0,8
FOK,2016,8,0,0,0
FAJ,2016,74,2,1,0
HJO,2016,15,1,0,1
KAD,2016,2,0,0,0
NQQ,2016,2,0,0,1
PFH,2016,7,0,0,
IME,2016,24,0,0,0
BWC,2016,2,0,0,0
KIA,2016,1,0,0,
FBQ,2016,1,0,0,0
OIR,2016,3,0,0,0
LST,2016,1,0,0,
MMP,2016,1,0,0,0
FAP,2016,1,0,1,0
KSS,2016,8,0,0,0
DYN,2016,1,0,0,0
DSS,2016,2,0,0,0
KOH,2016,30,0,0,0
KWO,2016,2,0,0,0
OOG,2016,4,0,0,0
HGC,2016,1,0,0,0
MZI,2016,6,0,0,0
PNC,2016,1,0,0,0
EKD,2016,3,0,0,0
FME,2016,1,0,0,0
OAZ,2016,2,0,0,0
HJM,2016,1,0,,
EBR,2016,1,0,,
NWI,2016,1,0,,
MRV,2016,1,2,0,0
KAT,2016,1,0,,
LXH,2016,6333,27,29,39
ONU,2016,490,0,0,0
LWJ,2016,293,1,0,0
HBC,2016,2515,6,0,0
FZP,2016,1837,11,1,4
GCY,2016,144,1,13,1
DPS,2016,12,0,0,0
KSZ,2016,609,0,0,0
FOZ,2016,922,5,98,36
DXE,2016,789,2,1,0
LNM,2016,68,0,0,0
HBE,2016,835,20,3,1
DYF,2016,34,0,0,0
FFT,2016,471,2,0,0
ODP,2016,37,0,0,0
INO,2016,34,0,0,0
FLE,2016,75,0,0,2
GXN,2016,33,0,4,6
JSP,2016,13,0,1,1
LON,2016,93,3,44,9
GKP,2016,12,0,0,0
FFX,2016,14,0,0,0
EPT,2016,13,0,1,2
IKY,2016,59,0,0,2
HSN,2016,110,2,3,0
EAZ,2016,9,1,0,0
OYB,2016,1,0,0,0
FXZ,2016,9,0,0,0
DSK,2016,13,0,0,0
NOX,2016,1,0,0,0
LIO,2016,4,0,0,0
FDC,2016,1,0,0,0
MVU,2016,13,2,0,2
DPZ,2016,5,0,0,0
HAD,2016,10,0,0,0
OHL,2016,2,0,,
OSH,2016,9,0,1,0
OVJ,2016,5,0,0,0
FSR,2016,3,0,0,0
OTK,2016,3,0,0,0
IXQ,2016,1,0,0,
ILY,2016,2,1,0,0
GDM,2016,1,0,0,0
FWL,2016,1,0,0,
HXS,2016,1,0,0,0
MRC,2016,2,0,0,0
OCE,2017,6,0,0,0
MKJ,2017,16520,12,12,12
FCL,2017,270,0,0,0
KWA,2017,6795,2,2,2
MDM,2017,183,3,2,0
DTB,2017,11026,0,0,0
CEC,2017,194,1,3,1
GEX,2017,2938,19,7,19
HTQ,2017,224,1,0,0
HBE,2017,832,3,1,0
HXW,2017,22,0,0,0
CAI,2017,154,0,1,1
KYB,2017,334,0,0,0
DRE,2017,99,0,1,0
LYU,2017,11,1,0,0
FPO,2017,227,1,4,0
MED,2017,72,0,1,0
HWT,2017,648,3,0,0
JOH,2017,439,2,0,0
OIY,2017,90,0,0,0
OHV,2017,29,0,0,0
FWZ,2017,102,1,0,0
HRY,2017,400,2,0,0
LQE,2017,178,1,1,0
JQC,2017,31,2,0,3
MBF,2017,191,1,1,2
EGS,2017,312,0,0,0
KGO,2017,20,1,9,0
BSO,2017,37,2,93,5
EKP,2017,5,0,0,0
LFD,2017,50,0,0,0
JCX,2017,102,2,0,0
MLS,2017,1,0,0,0
FZT,2017,4,0,0,0
GCE,2017,1,0,0,0
MRZ,2017,18,0,1,5
MDB,2017,120,0,3,0
JZW,2017,2,0,0,0
NIN,2017,61,0,0,0
DTD,2017,15,0,0,0
KHS,2017,7,0,0,1
NIE,2017,38,1,0,2
IQA,2017,1,0,1,0
FZO,2017,15,0,0,0
FFS,2017,19,1,0,0
NSU,2017,3,4,1,1
JPA,2017,15,0,0,3
GYB,2017,4,0,0,5
FPK,2017,15,1,0,0
IWJ,2017,7,0,2,1
FFA,2017,29,0,0,0
NJH,2017,1,0,,
PKC,2017,1,0,0,2
FSZ,2017,1,0,0,0
EZO,2017,1,0,0,0
ILH,2017,8,0,0,0
GEG,2017,2,0,0,0
PJA,2017,4,0,0,0
MTO,2017,1,0,,
PFQ,2017,1,1,0,
PJO,2017,7,0,0,0
OYE,2017,9,3,2,10
KAC,2017,1,0,0,0
LKQ,2017,14,0,0,0
JMG,2017,1,1,0,1
FEQ,2017,4,0,0,0
PTD,2017,4,0,0,0
HMD,2017,1,0,0,0
CHW,2017,1,0,0,0
MJW,2017,1,0,,
DTK,2017,4323,0,0,6
HQL,2017,2373,0,4,0
LPH,2017,5263,22,22,12
NFA,2017,50,0,0,0
NIQ,2017,6740,0,0,0
LCP,2017,143,1,4,0
DTX,2017,41,0,0,0
PJQ,2017,69,0,0,0
LZD,2017,95,0,1,0
IYN,2017,146,14,18,10
MLV,2017,140,0,0,0
GEF,2017,14,0,0,0
ISY,2017,86,2,0,3
LKF,2017,59,0,0,1
BSY,2017,112,11,4,2
MSH,2017,2,0,0,0
MPO,2017,34,0,0,0
INI,2017,45,0,0,0
KSW,2017,2,0,,
OAB,2017,5,0,0,0
JFY,2017,16,2,1,5
LDT,2017,10,0,0,0
OUB,2017,47,0,0,0
HTC,2017,21,0,0,0
JSM,2017,56,0,0,0
IQK,2017,11,0,0,0
FOX,2017,8,2,0,0
ONW,2017,11,0,0,0
EYB,2017,10,0,0,0
MQR,2017,48,0,1,0
BSK,2017,3,1,0,0
OBP,2017,3,1,1,0
MJV,2017,1,0,0,0
BWH,2017,1,0,0,0
DRO,2017,14,0,0,0
FLD,2017,21,1,0,0
ILZ,2017,1,0,0,0
IPF,2017,2,0,0,0
GCD,2017,4,4,0,0
LWO,2017,3,0,0,0
DWQ,2017,7,0,0,0
BZT,2017,2,0,0,0
LZN,2017,6,0,0,0
OFP,2017,1,0,9,0
FNS,2017,1,0,,
NPZ,2017,1,0,0,
PUK,2017,1,0,,
FKC,2017,1,0,0,
OKX,2017,2,0,0,0
MXK,2017,2,1,0,0
OYB,2017,1,0,0,0
HDD,2017,3,0,0,1
GGP,2017,3,1,0,0
MIH,2017,4089,5,4,2
LPB,2017,1110,6,0,0
MJO,2017,275,0,1,0
LFL,2017,3251,1,2,42
JEQ,2017,857,0,0,0
DYE,2017,2262,0,0,5
DWF,2017,100,11,20,186
MHX,2017,1103,16,19,17
FBN,2017,224,1,0,0
FSM,2017,132,0,5,2
KOD,2017,1849,0,6,2
FFO,2017,20,0,0,0
EMA,2017,13,0,0,0
DYG,2017,115,0,4,2
GAD,2017,89,0,3,1
DXX,2017,3,0,0,0
NPM,2017,3,0,1,3
NSX,2017,5,2,0,0
PAO,2017,172,0,0,0
LPL,2017,277,13,1,1
OBR,2017,24,0,0,0
GAQ,2017,11,0,0,2
HXG,2017,7,0,0,0
FGY,2017,9,0,0,0
NEU,2017,69,1,0,0
IMI,2017,6,0,0,0
OTD,2017,160,1,0,0
JSO,2017,43,2,2,1
BTY,2017,9,2,0,0
CGN,2017,6,0,4,3
DYN,2017,3,0,0,0
MNO,2017,11,0,0,0
GWO,2017,47,0,18,0
HIG,2017,11,0,0,1
FMP,2017,2,0,0,0
JZO,2017,12,2,4,0
CDX,2017,7,0,0,0
FLF,2017,3,0,0,0
HWP,2017,1,0,0,0
QCB,2017,18,0,0,0
PGT,2017,37,0,0,0
LDE,2017,1,0,0,0
DRW,2017,1,0,,
IZD,2017,6,0,2,0
MQF,2017,10,3,0,2
KZA,2017,2,0,0,0
KGN,2017,8,1,3,2
CGZ,2017,2,0,3,2
DWI,2017,2,0,0,
ETB,2017,3,0,0,2
FOK,2017,3,0,0,0
JOZ,2017,1,0,0,1
FFK,2017,9,1,7,0
EBP,2017,1,0,0,0
OAJ,2017,1,0,0,
JSI,2017,3,0,1,0
LIP,2017,3,0,0,0
LRK,2017,31,5,0,0
PNE,2017,2,0,0,0
MYR,2017,1,0,0,
OXQ,2017,1,7,0,19
MMY,2017,2,0,0,0
KYN,2017,1,0,0,0
OYF,2017,2,0,0,0
CDT,2017,3,1,2,1
NTK,2017,1,0,0,0
GBP,2017,1,0,0,0
GTZ,2017,2,0,0,0
OZA,2017,1,0,0,0
KHQ,2017,1,0,1,0
PBN,2017,1,0,0,0
OLI,2017,1,0,0,0
KIJ,2017,1,0,0,0
MQP,2017,141,1,0,0
DYB,2017,1646,40,17,12
MDS,2017,48471,0,1,2
GZB,2017,5468,0,0,0
FCG,2017,268,5,0,0
MRU,2017,163,0,0,0
OXO,2017,1675,5,11,1
FOS,2017,139,0,0,0
DXG,2017,61,0,0,1
KSZ,2017,619,0,0,0
KSJ,2017,70,0,0,0
FJI,2017,177,0,0,0
NIP,2017,781,3,0,1
GAT,2017,1093,0,0,2
POE,2017,751,0,0,0
EJT,2017,1,0,,
OVD,2017,70,0,1,2
LWJ,2017,311,0,0,0
NPJ,2017,149,0,1,0
OUR,2017,157,0,0,0
HTY,2017,81,1,13,2
KKY,2017,19,1,0,2
FER,2017,4,0,1,0
MAV,2017,246,4,1,0
KMK,2017,42,1,0,0
OCY,2017,83,0,0,8
HTZ,2017,32,0,0,0
HQE,2017,59,0,13,0
PEX,2017,94,0,0,0
OGE,2017,65,3,0,0
ILS,2017,47,0,0,0
JDP,2017,46,0,0,0
LJH,2017,17,0,0,0
HEW,2017,15,0,1,2
EFB,2017,151,0,0,0
MTE,2017,2,0,0,0
DTL,2017,106,4,6,1
HSZ,2017,24,0,0,0
DZA,2017,13,1,0,0
GAZ,2017,9,1,0,0
MAE,2017,23,0,0,0
MPR,2017,1,0,1,0
KME,2017,6,1,0,0
FWP,2017,13,0,0,0
EKM,2017,3,0,0,0
HES,2017,29,0,0,0
MIJ,2017,5,0,0,0
HHA,2017,1,0,,
IOY,2017,2,0,0,0
CAN,2017,11,0,1,0
DZH,2017,2,0,,
HDG,2017,1,0,,
HBN,2017,9,0,0,0
GZX,2017,4,0,0,0
DZC,2017,1,0,0,0
PCC,2017,2,0,0,0
FZS,2017,1,0,0,0
GXH,2017,2,0,0,0
ELJ,2017,1,0,,
EKE,2017,1,0,,
LZK,2017,3,0,0,0
EAX,2017,1,0,0,0
LXS,2017,3,0,0,0
PDW,2017,1,0,,
LHX,2017,5,0,0,0
LOS,2017,1,0,0,0
OHY,2017,1,0,0,0
BYH,2017,1,0,0,0
MTP,2017,1,0,0,0
LYS,2017,1,0,0,0
LHP,2017,1,0,0,0
CGS,2017,2,2,2,2
FHN,2017,302,0,0,0
JJE,2017,1850,29,34,45
KRO,2017,543,19,2,0
OOD,2017,33,0,0,0
KWZ,2017,474,0,1,0
MOZ,2017,502,1,0,0
KNS,2017,438,1,0,1
CDP,2017,150,2,5,2
DWE,2017,130,28,0,1
NDP,2017,239,10,5,9
DRB,2017,62,0,0,0
MNB,2017,287,0,0,0
DHX,2017,6,0,3,0
IRT,2017,219,0,0,0
EXE,2017,36,0,0,1
DTW,2017,45,0,0,0
HAE,2017,25,0,0,0
IKZ,2017,34,0,1,0
IYO,2017,236,3,3,1
LPS,2017,8,1,0,1
HXZ,2017,25,0,0,0
FPP,2017,88,0,0,0
KLE,2017,41,1,0,0
OYS,2017,6,0,0,0
NEZ,2017,55,1,0,2
GAP,2017,55,0,1,0
NEP,2017,27,0,1,0
OHS,2017,1,0,3,0
JAY,2017,2,0,0,0
HWD,2017,3,0,0,0
DTE,2017,613,0,1,1
MPK,2017,1,0,0,0
NWV,2017,31,1,0,0
EMG,2017,1,0,0,
HJO,2017,15,0,1,0
MNM,2017,8,0,1,0
FMH,2017,17,0,1,3
KWN,2017,1,0,0,0
PLA,2017,3,0,0,0
MNL,2017,18,1,8,3
HIN,2017,8,0,0,0
HOY,2017,3,0,0,0
FNY,2017,2,0,0,1
HDY,2017,1,0,0,0
OKI,2017,1,0,0,0
KST,2017,1,0,0,0
OYO,2017,1,0,,
MRW,2017,4,0,0,1
NQN,2017,1,0,1,0
JSG,2017,3,0,14,0
HCI,2017,2,0,0,0
NBK,2017,4,0,0,
CFN,2017,4,0,2,1
MPW,2017,1,0,0,0
MIX,2017,3,0,0,0
EGM,2017,1,0,,
POZ,2017,1,0,,
NJM,2017,2,0,0,0
KWG,2017,1,0,0,0
EXG,2017,1,0,0,0
GAX,2017,2,0,3,0
NBW,2017,37355,2,2,16
LXB,2017,378,0,1,0
KPO,2017,80,2,13,3
JDQ,2017,135,0,0,5
GAR,2017,178,0,0,0
GBX,2017,174,11,11,8
NHB,2017,22,0,0,1
FAD,2017,264,0,0,6
GDY,2017,246,4,1,1
MRA,2017,540,0,0,0
PFN,2017,63,0,0,0
OHA,2017,6,0,1,0
MXM,2017,12,0,0,0
KOH,2017,26,0,0,1
OUO,2017,2,0,0,1
JDX,2017,8,0,0,2
LQL,2017,89,3,1,0
GAE,2017,8,0,0,0
QHR,2017,1,0,0,0
NQR,2017,29,0,0,0
IKX,2017,16,3,0,0
HLQ,2017,1,0,,
MJT,2017,26,0,0,0
FBK,2017,27,0,0,1
HAO,2017,26,0,0,0
FFG,2017,33,0,0,0
FGX,2017,4,0,0,0
INX,2017,28,0,0,0
FSR,2017,2,0,0,0
JJQ,2017,10,0,0,0
HAX,2017,1,0,0,
EBD,2017,1,0,0,0
KTW,2017,27,0,0,0
GBZ,2017,21,2,1,0
DWL,2017,4,0,0,0
JOJ,2017,35,0,0,0
DTN,2017,3,24,2,0
NDR,2017,4,0,0,0
DCF,2017,3,1,0,1
EBZ,2017,5,0,1,0
PFJ,2017,11,0,0,0
LZA,2017,4,0,0,4
JDJ,2017,2,0,0,0
JIT,2017,7,3,6,8
OOW,2017,1,0,0,
LQR,2017,11,0,0,0
KLB,2017,1,0,0,
OHP,2017,1,0,,
INQ,2017,4,0,0,0
HQB,2017,2,0,0,0
HWI,2017,2,0,0,0
JAI,2017,3,2,0,
BZQ,2017,11,0,0,0
IKK,2017,2,0,0,1
HXR,2017,3,0,0,0
EIL,2017,1,0,0,0
NZH,2017,1,0,0,
EGD,2017,1,0,0,0
KXE,2017,5,0,0,0
OSP,2017,1,3,0,0
ODR,2017,1,0,,
HHL,2017,1,0,0,0
FIB,2017,2,0,,
DSJ,2017,1,0,0,0
NJT,2017,1,15,12,2
KHE,2017,1,0,3,1
HAB,2017,1340,6,1,0
MEB,2017,1630,0,17,1
LZY,2017,68,0,0,0
ETN,2017,116,0,0,2
KWY,2017,817,2,1,1
JES,2017,49,0,0,0
KOO,2017,9,0,0,0
INN,2017,21,0,0,0
DRM,2017,670,0,1,0
DZE,2017,9573,15,10,15
JIX,2017,15,5,3,8
PMH,2017,22,0,0,0
DZL,2017,73,0,0,0
NQP,2017,28,0,0,0
HWN,2017,29,0,0,0
GAN,2017,67,0,0,0
GAA,2017,76,0,0,10
GDJ,2017,13,0,4,0
IPG,2017,2,0,0,0
JGS,2017,291,0,2,6
ILM,2017,6,0,0,0
PNZ,2017,4,0,0,0
HBM,2017,2,0,0,0
ISS,2017,3,0,0,0
KHY,2017,2,0,0,0
ITM,2017,1,0,0,
KAD,2017,1,0,0,0
PIJ,2017,11,0,0,0
MIC,2017,2,0,0,0
HMX,2017,27,0,2,6
LRZ,2017,2,0,0,0
KMW,2017,4,0,8,0
KCT,2017,3,1,0,2
FKQ,2017,1,0,0,1
LYL,2017,3,0,0,0
CHN,2017,1,6,0,
DWH,2017,3,0,0,0
JIY,2017,1,0,0,0
OCC,2017,1,1,1,2
FCX,2017,3,0,0,0
OVB,2017,3,0,0,0
CFT,2017,18,1,2,0
EWY,2017,2,0,0,0
CCL,2017,2,0,0,0
ONZ,2017,1,0,0,
LIF,2017,1,0,,
JKC,2017,3,1,2,0
KNP,2017,7,0,0,0
HCB,2017,1,0,,
NQM,2017,3,0,1,0
ORG,2017,3,0,0,0
FYD,2017,3,0,0,0
MXJ,2017,1,0,0,0
OFN,2017,2,0,0,
NCP,2017,2,0,0,0
NSI,2017,1,0,0,0
JPE,2017,1,0,0,
BZK,2017,1,1,0,0
KNG,2017,3,1,0,0
EMF,2017,1,5,0,1
EFA,2017,2,0,0,0
DQK,2017,249,5,9,7
MHY,2017,3539,6,1,0
OMP,2017,363,1,1,1
OWB,2017,1597,22,41,57
KWT,2017,550,2,2,3
KWS,2017,1664,6,6,2
NEW,2017,458,0,6,7
NIO,2017,459,0,0,1
LWR,2017,1355,0,0,0
---,2017,5,0,0,0
EZC,2017,960,1,0,0
MBB,2017,286,0,0,0
PHL,2017,8,1,0,1
GXY,2017,10,0,0,0
FQO,2017,97,0,11,0
GCT,2017,14,0,0,0
CCW,2017,412,3,0,4
MRN,2017,106,0,1,0
CGA,2017,91,0,0,3
CJY,2017,26,0,2,0
IXR,2017,24,3,1,3
OEZ,2017,41,2,1,0
PGM,2017,4,0,0,0
FTH,2017,13,0,0,0
MKQ,2017,6,0,0,0
JJI,2017,1,0,,
PHU,2017,11,0,0,0
IMJ,2017,2,0,0,
NOF,2017,4,0,1,0
MTN,2017,26,0,0,0
NEC,2017,2,0,0,0
HFF,2017,3,0,0,0
IME,2017,15,0,0,1
JDY,2017,3,0,0,0
CHI,2017,4,2,3,2
KOX,2017,3,0,0,0
FIE,2017,14,0,0,0
NMJ,2017,4,0,0,0
PQO,2017,2,0,0,0
KAK,2017,1,0,0,
MGP,2017,5,0,0,0
MVM,2017,1,0,0,
MYA,2017,2,0,1,0
KPA,2017,8,0,3,2
GTY,2017,2,0,0,0
EGN,2017,3,0,0,0
FTT,2017,13,0,0,0
OHQ,2017,2,5,0,7
MCH,2017,1,0,0,0
BSE,2017,1,0,,
LZG,2017,43895,0,3,11
OVE,2017,134,1,0,2
KWP,2017,860,0,2,3
GXN,2017,74,4,6,0
NAY,2017,1038,19,11,9
GEY,2017,2075,3,1,0
HTJ,2017,80,0,0,1
PMP,2017,1135,0,1,0
FZW,2017,442,1,0,0
CAC,2017,87,2,4,24
JEY,2017,560,0,1,0
OMD,2017,163,0,0,0
BZD,2017,147,0,1,4
MEC,2017,96,1,5,2
JDG,2017,326,0,0,0
GZJ,2017,58,0,0,0
LRY,2017,71,1,0,0
GES,2017,71,0,0,0
JQP,2017,110,7,16,6
IOQ,2017,22,0,1,0
LJE,2017,60,0,0,1
PAJ,2017,95,0,0,0
OCT,2017,18,0,0,1
LYC,2017,19,0,1,0
FEO,2017,8,0,0,0
GBA,2017,50,0,0,0
KGE,2017,26,0,0,0
KNA,2017,37,0,0,0
HAM,2017,3,0,0,0
ONG,2017,39,0,0,0
KPY,2017,1,0,0,0
GGW,2017,15,0,0,0
GDH,2017,13,0,0,0
KOE,2017,12,0,0,2
NWO,2017,2,0,0,
OAP,2017,1,0,0,1
MUQ,2017,31,1,1,0
KQO,2017,20,2,4,3
HWW,2017,4,0,0,
NVR,2017,1,0,0,
FDC,2017,9,0,0,0
BYE,2017,3,0,0,3
FBW,2017,1,0,0,0
KLT,2017,1,0,0,0
IYC,2017,1,0,0,
CCT,2017,2,1,0,0
GCQ,2017,1,0,0,0
LIB,2017,1,0,0,1
GBB,2017,1,0,0,0
MCZ,2017,2,2,0,0
FNN,2017,3,0,0,0
NQD,2017,1,0,0,0
LQZ,2017,1,0,0,
GQW,2017,1,0,,
OEI,2017,2,0,,
KMJ,2017,1,0,0,0
GEL,2017,1,0,0,
OLP,2017,1,4,0,0
MAJ,2017,2,0,0,0
EHZ,2017,1,0,0,0
HBD,2017,1,0,,
FSQ,2017,1,0,0,0
LDD,2017,49,0,0,0
FZX,2017,367,2,1,3
OUT,2017,446,0,0,0
MSD,2017,481,0,0,30
LNR,2017,261,0,0,0
OVJ,2017,6,0,0,0
MFJ,2017,4,0,0,0
HST,2017,20,1,0,0
IYE,2017,125,26,17,17
HET,2017,88,1,0,0
GFG,2017,28,14,0,0
MNK,2017,5,0,0,0
MOQ,2017,498,0,0,0
DRS,2017,90,0,12,0
HXB,2017,58,0,0,0
NIU,2017,278,0,0,0
DQE,2017,45,0,0,0
KRH,2017,372,0,0,0
NPV,2017,96,0,0,0
MSX,2017,16,2,1,0
GXQ,2017,57,0,0,0
MXD,2017,37,0,0,0
DXQ,2017,66,0,1,2
KFZ,2017,93,0,0,0
MEG,2017,178,0,0,0
NXC,2017,47,0,0,0
GAL,2017,128,0,0,1
HHW,2017,5,1,0,1
JZF,2017,2,0,0,0
MRG,2017,21,1,4,0
BYX,2017,19,0,1,0
EZD,2017,120,3,0,0
LFX,2017,10,0,0,0
MXP,2017,4,0,,
FWB,2017,3,1,0,0
FDA,2017,26,0,0,0
CHH,2017,2,1,0,4
JDZ,2017,20,6,0,0
ISH,2017,6,0,0,0
KNY,2017,21,0,0,0
GZI,2017,2,0,0,0
FOD,2017,4,0,0,0
JEC,2017,12,0,1,1
KOA,2017,3,3,0,1
GDX,2017,4,1,0,0
HYA,2017,2,0,0,0
KRE,2017,1,0,0,0
KQT,2017,6,0,0,0
ILQ,2017,7,3,0,0
ODB,2017,2,0,0,0
KNF,2017,22,0,0,0
LYY,2017,7,0,0,1
HQZ,2017,1,0,0,0
GWJ,2017,43,0,0,1
LBS,2017,4,1,0,0
PDJ,2017,1,0,1,0
NYT,2017,3,0,0,0
CFL,2017,7,0,1,0
KSS,2017,3,0,0,0
RHA,2017,5,0,0,0
INE,2017,1,0,0,0
BTA,2017,4,0,1,0
IDZ,2017,2,0,0,0
PLC,2017,1,0,0,0
KIA,2017,1,0,,
HFS,2017,1,0,0,0
NJR,2017,1,0,0,0
CIC,2017,6,0,1,1
EYI,2017,1,0,0,
KER,2017,1,0,,
EZP,2017,1,0,0,0
DLJ,2017,1,0,0,0
DXE,2017,765,1,0,3
KRD,2017,727,0,0,6
NVN,2017,11446,0,0,0
MJP,2017,309,0,0,0
FMK,2017,524,0,0,0
EQJ,2017,118,1,0,0
MNH,2017,172,1,0,0
HNN,2017,472,44,1,2
ESD,2017,4,0,1,2
KNW,2017,752,5,0,14
GDO,2017,313,0,0,0
NKM,2017,1132,0,0,1
FPD,2017,34,2,8,3
LSZ,2017,139,0,0,0
JTO,2017,42,0,1,0
CBT,2017,19,1,0,0
FET,2017,62,0,2,0
NKG,2017,98,0,3,1
FMS,2017,119,0,0,1
GZT,2017,9,0,1,0
NFJ,2017,4,2,1,0
KDD,2017,12,5,2,3
KZD,2017,38,1,0,0
DXZ,2017,30,0,3,0
PFH,2017,2,0,,
LBH,2017,11,0,2,1
LMG,2017,29,0,0,0
GXR,2017,7,0,0,0
EFS,2017,7,0,0,0
ISW,2017,4,0,0,0
OJK,2017,3,0,0,0
NLH,2017,11,0,5,0
OFT,2017,7,0,0,9
MVR,2017,13,0,0,0
LRJ,2017,6,1,0,0
IKD,2017,32,2,0,1
OUP,2017,4,0,0,0
GFO,2017,19,1,2,0
HPX,2017,1,0,,
OKV,2017,3,1,1,0
ODE,2017,11,0,0,0
HDA,2017,32,0,4,3
MLZ,2017,10,1,1,0
KPZ,2017,1,0,,
KCO,2017,1,0,0,0
PLE,2017,1,0,,
CKA,2017,2,3,0,0
EBO,2017,1,0,,
EEF,2017,4,0,0,1
KTE,2017,1,0,,
ONO,2017,1,0,,
PNB,2017,21,0,0,0
FIN,2017,1,0,0,
KNC,2017,2,0,0,0
HCS,2017,1,0,,
OES,2017,2,0,1,15
LIZ,2017,1,0,,
FWY,2017,1,0,,
EPY,2017,1,0,0,0
PZE,2017,63,0,0,0
LIT,2017,2069,0,2,3
MCM,2017,3116,0,0,5
LGW,2017,18459,4,2,6
OZP,2017,3553,2,0,3
GDW,2017,11500,5,61,28
MBH,2017,998,10,5,5
KCG,2017,1,0,0,0
MTA,2017,1778,0,0,0
ITX,2017,409,1,18,4
DWJ,2017,1466,6,7,5
BSR,2017,12,1,0,0
BTT,2017,996,0,0,4
MZO,2017,116,0,0,0
JJY,2017,12,6,8,14
DSP,2017,2147,7,6,10
JEH,2017,3,0,0,0
PFV,2017,195,0,0,0
DHA,2017,100,0,2,0
PBI,2017,228,0,0,0
LPC,2017,21,0,0,0
OTE,2017,164,0,0,0
NIM,2017,132,0,0,1
LFR,2017,103,0,3,0
OSH,2017,4,1,0,0
DPS,2017,15,0,0,9
PQF,2017,64078,0,0,0
MFA,2017,95,0,0,0
EEG,2017,10,0,0,0
ETD,2017,7,0,0,0
HQF,2017,77,0,0,0
BYD,2017,12,0,0,0
PDU,2017,206,0,1,1
CAK,2017,131,0,0,0
CAE,2017,75,0,1,1
JJX,2017,18,3,2,2
OUG,2017,16,1,0,3
LNM,2017,86,0,0,0
KMI,2017,30,0,1,0
BTI,2017,101,0,0,0
PHX,2017,25,0,2,3
GDT,2017,644,1,1,0
LGZ,2017,58,0,0,2
OEV,2017,49,35,0,0
FAS,2017,121,0,1,0
EXS,2017,29,3,0,0
GXZ,2017,6,0,0,0
MZA,2017,12,0,0,0
IZH,2017,11,0,0,0
HMF,2017,1,0,0,0
PAB,2017,1,0,0,0
HSA,2017,3,0,0,0
JXM,2017,3,0,0,0
LKJ,2017,2,2,0,
DSK,2017,6,0,0,0
EKR,2017,5,1,0,0
KMA,2017,1,0,0,0
MDA,2017,3,0,0,0
PEW,2017,8,0,1,0
GDB,2017,1,0,0,
PHC,2017,1,0,1,1
BWC,2017,1,0,0,1
CIT,2017,2,2,0,0
FMR,2017,2,0,0,0
IDP,2017,1,0,1,0
OWL,2017,2,0,0,1
OLL,2017,2,0,0,0
NSN,2017,1,0,0,
IXW,2017,1,0,0,
ELZ,2017,1,0,0,
KOJ,2017,1,0,0,
FFD,2017,1,0,0,0
NHW,2017,1,0,0,0
OSN,2017,1,1,0,0
JIS,2017,3,1,1,0
GBQ,2017,1,0,0,0
ELR,2017,1,0,1,0
PQP,2017,1,1,2,4
HFG,2017,2,0,0,0
OYC,2017,131320,0,1,10
HWR,2017,703,0,0,0
CBK,2017,14304,5,10,16
LZO,2017,2146,8,5,6
LPN,2017,2660,0,0,0
HSD,2017,979,3,3,0
LZS,2017,1345,1,0,0
JAK,2017,328,50,78,63
EYJ,2017,116,0,0,0
GKP,2017,18,0,0,0
IPS,2017,17,0,0,0
PJY,2017,2,0,0,0
PGQ,2017,26,0,3,0
FTR,2017,916,0,0,12
DRX,2017,52,0,0,0
ONB,2017,63,0,0,1
LKB,2017,42,1,0,0
IDO,2017,4,0,0,0
NUH,2017,21,0,0,0
GWQ,2017,17,0,1,2
BTC,2017,12,0,0,0
OCM,2017,3,0,0,0
HHM,2017,3,0,0,1
MGQ,2017,6,1,0,0
FDE,2017,14,0,0,0
GBL,2017,25,0,0,1
EYA,2017,7,0,0,0
CAG,2017,2,0,0,0
PGY,2017,1,0,,
HBW,2017,14,0,0,0
HXK,2017,5,0,0,1
PTS,2017,5,0,0,0
MSW,2017,3,1,2,1
KSR,2017,4,0,0,0
PSV,2017,14,0,0,0
OJE,2017,10,0,0,0
CGI,2017,2,0,1,0
EBI,2017,2,0,2,0
HMT,2017,2,0,0,0
KEW,2017,1,0,0,0
LCD,2017,1,0,4,0
NWB,2017,17,0,3,0
GMD,2017,1,0,,
FXM,2017,1,0,0,
KQZ,2017,2,0,0,0
GIM,2017,11,1,0,0
BZG,2017,1,0,0,0
PJF,2017,2,0,0,0
MQE,2017,3,0,0,0
BXJ,2017,1,0,0,0
OMF,2017,1,0,,
HME,2017,1,0,0,0
OCS,2017,1,0,1,0
FBQ,2017,1,0,0,0
MIP,2017,1,0,0,0
EPE,2017,1,0,,
GWS,2017,1,0,,
QHO,2017,1,0,0,0
HRZ,2017,1,0,0,0
HIH,2017,328,0,0,2
MFK,2017,613,0,0,0
FGE,2017,1511,3,43,13
KWL,2017,343,2,1,0
HWB,2017,238,0,1,0
JDR,2017,115,3,5,0
HSH,2017,3,0,0,0
GKZ,2017,226,11,5,3
HGX,2017,436,1,0,0
MDI,2017,64,0,0,0
FLE,2017,63,0,2,3
HEB,2017,192,0,4,0
FTD,2017,10,0,2,13
GWF,2017,60,2,0,0
PCU,2017,94,0,0,0
LOK,2017,11,0,0,0
LOF,2017,53,0,0,0
PLO,2017,1,0,1,0
PNJ,2017,279,0,0,2
MOS,2017,9,0,0,8
KDQ,2017,50,0,0,1
JJH,2017,6,1,4,5
ITQ,2017,8,0,0,1
GXC,2017,2,0,0,0
CBF,2017,9,0,0,0
OUJ,2017,1,0,0,0
CGJ,2017,2,0,3,0
JST,2017,14,1,2,0
FAQ,2017,22,0,0,0
PFE,2017,1,0,,
HEE,2017,5,0,0,0
LXA,2017,13,0,0,0
JYR,2017,1,0,0,0
EGJ,2017,3,3,0,0
OLT,2017,2,0,0,0
GTQ,2017,1,0,0,0
OWT,2017,7,0,0,0
JTT,2017,2,0,,
KQM,2017,5,0,0,0
MYP,2017,2,0,0,
MIG,2017,2,0,,
LWL,2017,3,0,0,0
CAL,2017,10,0,0,0
HQA,2017,1,0,0,0
ING,2017,2,0,0,0
PIO,2017,3,0,0,0
KWH,2017,3,0,0,0
FTC,2017,1,1,0,0
DJG,2017,1,0,2,0
LMD,2017,2,0,0,2
LRS,2017,3,1,0,8
KIC,2017,5,1,0,0
NXB,2017,3,0,0,0
KYW,2017,3,0,0,2
EKI,2017,1,0,0,
ECI,2017,1,0,0,0
MPI,2017,1,0,,
OAF,2017,20,0,1,0
HCZ,2017,1,0,0,0
MNT,2017,2858,2,0,5
DTZ,2017,384,0,5,6
EHD,2017,64,1,0,0
LOX,2017,2731,5,0,4
BRZ,2017,81,0,0,0
NIG,2017,98,1,1,1
MAF,2017,691,1,0,1
OCZ,2017,722,0,0,0
NHA,2017,574,2,4,12
JXI,2017,9,0,0,0
HRM,2017,29,2,1,1
MLN,2017,18,0,0,0
BTO,2017,125,0,1,1
HWX,2017,43,0,0,1
LPZ,2017,24,0,0,0
DRY,2017,61,0,2,0
FDS,2017,173,1,0,0
MVF,2017,4,0,0,0
MNW,2017,6,0,0,0
NBC,2017,9,2,2,0
CAH,2017,28,1,0,0
PNS,2017,3,0,0,0
CEM,2017,32,0,4,2
OTM,2017,16,0,0,0
MWS,2017,45,0,0,0
NQO,2017,34,0,0,0
EJR,2017,3,0,0,0
KHO,2017,150,6,7,2
OOK,2017,9,0,0,0
FZY,2017,92,0,0,0
ODG,2017,82,2,2,0
HGD,2017,2,0,0,0
LYA,2017,10,0,0,0
FMT,2017,46,1,4,6
DTM,2017,15,0,0,1
OKR,2017,5,0,0,0
HSO,2017,2,0,0,0
MRD,2017,8,0,0,1
HFX,2017,23,0,0,2
HCF,2017,8,0,0,0
MWJ,2017,2,0,0,0
OTK,2017,6,0,0,0
CIZ,2017,1,0,,
LRG,2017,1,0,10,1
GYK,2017,1,0,0,0
OWD,2017,2,0,1,1
FDG,2017,5,0,0,0
NNW,2017,4,0,0,0
NON,2017,6,0,0,0
JYT,2017,3,0,0,
NWF,2017,1,0,,
HLG,2017,4,0,0,0
PKY,2017,1,0,0,0
PBX,2017,1,1,0,0
FQL,2017,1,0,0,0
NPQ,2017,2,0,,
KMN,2017,2,0,0,0
NHX,2017,1,1,0,3
IWY,2017,1,0,0,0
PGU,2017,1,0,0,0
CJW,2017,1,0,1,0
GIA,2017,2,0,,
LLZ,2017,103,18,21,12
HWA,2017,1390,3,0,2
DQX,2017,1515,25,15,4
HAW,2017,3469,5,18,6
GCJ,2017,3431,6,7,7
KRA,2017,535,2,0,4
LJT,2017,260,6,16,17
ISL,2017,1,0,,
HNO,2017,2088,0,0,0
MTF,2017,39,0,0,0
GAG,2017,92,0,1,2
BZE,2017,206,0,0,1
MQB,2017,19,4,36,1
NUJ,2017,50,0,0,0
LMB,2017,9,0,0,0
FMG,2017,114,65,29,9
IZO,2017,2,0,0,0
MPV,2017,44,0,0,0
CAF,2017,256,14,1,0
OQI,2017,4,0,0,0
LZP,2017,162,6,0,1
CHP,2017,39,3,4,2
FXZ,2017,22,0,0,0
HIL,2017,2,0,0,0
NQW,2017,19,0,0,0
IPR,2017,4,0,0,0
GHH,2017,18,0,0,0
ILY,2017,12,0,0,1
JRJ,2017,1,3,0,0
NHK,2017,5,0,0,0
DAO,2017,1,0,0,0
EOB,2017,17,0,0,0
CKG,2017,1,0,1,0
EZX,2017,7,0,0,0
ISA,2017,6,0,0,0
FCM,2017,31,0,0,0
HXO,2017,4,0,0,0
FCH,2017,1,0,0,
LCJ,2017,108,0,0,4
OTL,2017,6,0,1,0
MIU,2017,5,1,0,0
FBX,2017,1,0,0,0
GZL,2017,3,0,1,4
OBI,2017,2,0,0,0
LDP,2017,3,1,0,0
KRN,2017,1,0,0,
PQN,2017,1,0,0,
FSS,2017,2,0,0,0
FTN,2017,1,0,0,0
NWR,2017,1,0,0,
LKM,2017,1,0,1,0
LNY,2017,2,0,0,
FCE,2017,2,0,0,0
EYQ,2017,8,0,0,0
BYI,2017,4,1,0,0
MLO,2017,1,0,0,0
FCO,2017,2,0,0,0
BYF,2017,1,0,0,0
CGC,2017,2,0,0,
NVP,2017,2,0,0,0
FPA,2017,6404,22,8,30
LNQ,2017,434,0,0,0
NUN,2017,10,0,0,0
HRX,2017,920,3,2,16
JDS,2017,283,2,0,0
NOU,2017,174,0,1,0
LHC,2017,33,0,0,0
KCY,2017,107,2,0,5
MXC,2017,223,0,4,0
MWH,2017,96,0,0,0
GJS,2017,528,5,5,0
CDZ,2017,12,3,4,2
LMF,2017,120,0,0,0
KGW,2017,58,0,0,0
KXA,2017,578,0,0,0
EIE,2017,2,0,0,0
DZI,2017,38,0,0,13
MGZ,2017,21,0,0,0
MZP,2017,5,0,0,0
OWN,2017,12,0,0,0
MGX,2017,1,0,,
FLH,2017,6,0,0,0
KPS,2017,31,29,21,16
KSG,2017,1,0,1,0
JPH,2017,1,0,0,0
CAX,2017,4,0,0,0
NAA,2017,68,0,0,0
GBO,2017,419,5,0,1
GEN,2017,34,0,1,0
FPF,2017,2,0,0,0
ODA,2017,1,0,0,
DXJ,2017,10,0,0,0
IKT,2017,8,0,0,0
NAJ,2017,11,0,0,0
LLI,2017,42,2,0,0
KXG,2017,1,0,0,0
GNX,2017,1,0,0,0
HBQ,2017,1,0,0,0
NCO,2017,1,0,0,
LYZ,2017,6,0,0,0
NGT,2017,56,0,1,2
KAR,2017,1,0,0,
FDP,2017,2,0,0,0
HTF,2017,6,0,0,0
OUK,2017,1,0,,
MRR,2017,3,0,1,0
NDG,2017,2,0,0,0
OZR,2017,1,0,,
FEH,2017,2,0,0,0
ILG,2017,1,0,,
IFP,2017,1,0,0,0
PBY,2017,1,0,0,0
DRQ,2017,3,0,0,0
GHC,2017,2,0,0,0
NHV,2017,1,0,0,0
HWC,2017,2543,13,22,12
DXT,2017,128,0,2,0
MUM,2017,84,0,0,0
KOT,2017,82,0,0,0
HTW,2017,1118,1,1,62
DXO,2017,183,0,0,0
FMC,2017,32,0,0,0
ERL,2017,979,0,0,0
HTO,2017,1230,8,1,0
OAE,2017,385,0,0,2
GAW,2017,407,0,19,0
FED,2017,31,0,0,0
NGV,2017,1005,0,1,0
PKL,2017,392,0,0,1
LOZ,2017,291,0,0,0
NAW,2017,37,0,0,0
MPB,2017,85,4,11,0
DSY,2017,192,0,0,0
PNF,2017,15,0,0,0
JWY,2017,8,5,1,0
OSR,2017,40,1,3,6
NLQ,2017,86,0,1,0
FEB,2017,67,0,0,0
HTR,2017,27,0,0,0
BYG,2017,8,19,1,0
FNJ,2017,8,0,0,0
DZJ,2017,9,0,0,0
JEA,2017,43,0,0,1
JWJ,2017,37,0,0,0
KYZ,2017,51,3,1,0
NDC,2017,25,3,1,3
HHT,2017,1,0,0,0
KDH,2017,10,0,0,0
JIR,2017,2,0,0,0
MRH,2017,28,0,0,0
OFU,2017,6,0,0,0
DQR,2017,29,0,1,0
LOJ,2017,9,0,1,0
OSI,2017,7,0,0,0
KRP,2017,2,0,0,0
DPZ,2017,4,0,0,0
NSL,2017,2,0,0,0
NHJ,2017,6,0,0,0
NHC,2017,7,0,1,0
GDG,2017,8,0,0,0
NOV,2017,3,0,0,0
EBG,2017,4,0,0,1
ION,2017,3,0,0,0
GKF,2017,2,0,,
ORZ,2017,1,1,0,0
PJD,2017,1,0,0,0
KYS,2017,1,0,0,0
LQF,2017,1,0,,
JZJ,2017,2,0,,
OMX,2017,1,0,0,0
OLO,2017,1073,14,5,8
KOG,2017,1016,0,0,0
HQC,2017,2774,0,3,1
GCY,2017,257,13,1,0
FFT,2017,889,0,0,0
KGZ,2017,77,1,5,1
KPE,2017,282,2,13,0
FNL,2017,1038,3,5,1
GDC,2017,80,0,0,2
BTG,2017,8,0,0,0
HXC,2017,116,0,0,1
EZL,2017,569,0,32,4
MFR,2017,24,0,0,0
HTD,2017,98,0,1,1
DWA,2017,140,1,0,2
FDX,2017,44,0,1,0
JIF,2017,7,3,0,0
MTD,2017,38,2,0,0
MMX,2017,29,0,0,0
OTO,2017,74,0,0,0
FON,2017,1,0,0,0
FST,2017,20,0,0,0
MZM,2017,4,0,0,0
IZL,2017,35,2,0,4
HKI,2017,20,1,1,0
IOR,2017,49,0,1,0
HGM,2017,26,0,0,5
KXF,2017,18,0,0,0
JEB,2017,3,3,0,1
NWJ,2017,13,0,1,0
EXB,2017,20,0,0,0
JFP,2017,2,0,0,0
MOF,2017,15,1,0,0
HHI,2017,6,0,0,1
NZG,2017,7,0,1,0
GCP,2017,117,2,0,0
CBP,2017,1,0,0,0
JKR,2017,7,0,0,0
FFH,2017,8,0,0,0
EWL,2017,15,0,0,0
BXB,2017,4,0,0,1
FGD,2017,4,0,0,0
KXJ,2017,12,0,1,5
KGG,2017,10,0,0,0
DKB,2017,1,0,,
BZC,2017,1,0,0,0
KAE,2017,3,0,0,0
JQO,2017,1,0,0,
NPK,2017,1,1,0,0
LRX,2017,3,0,0,
KDT,2017,39,0,0,0
EMS,2017,2,0,0,0
MIE,2017,1,0,0,0
FZM,2017,11,0,0,0
GAK,2017,1,0,0,0
LTO,2017,2,0,0,0
PXL,2017,1,0,,
JOP,2017,2,0,0,0
FGC,2017,1,0,0,0
FOB,2017,1,0,,
BXN,2017,1,0,0,0
HIO,2017,1,0,0,0
DQO,2017,864,14,4,71
MAX,2017,592,3,6,8
HRS,2017,2207,8,32,27
MRM,2017,415,7,0,0
LXH,2017,4105,29,39,23
IMD,2017,233,0,3,3
FZP,2017,2556,1,4,3
DXY,2017,1026,4,0,0
LRO,2017,514,168,32,6
FKX,2017,3095,3,5,1
BTM,2017,56,0,16,0
PNY,2017,327,1,0,0
MLR,2017,277,2,1,0
DWG,2017,2,0,0,0
INO,2017,38,0,0,0
GFC,2017,5,0,0,0
OBJ,2017,521,5,3,0
BTS,2017,190,0,0,0
ITJ,2017,129,0,1,1
MWI,2017,81,3,2,5
GET,2017,45,0,0,0
MSS,2017,114,2,0,0
NEK,2017,799,0,1,0
MNI,2017,242,145,1,0
FCW,2017,59,0,0,0
LRN,2017,31,0,0,1
LRC,2017,32,0,0,0
LIO,2017,6,0,0,0
NSC,2017,9,0,0,0
KXK,2017,41,0,1,0
MAY,2017,33,0,0,0
LRW,2017,16,0,1,0
HBA,2017,34,0,0,0
FKJ,2017,11,0,0,
GYC,2017,6,0,0,1
KPR,2017,31,8,14,6
GBW,2017,21,1,0,0
HNF,2017,5,0,0,0
MRJ,2017,1,0,0,0
LEH,2017,14,1,0,2
NRU,2017,1,0,0,0
HDB,2017,16,0,0,1
LSL,2017,9,1,0,0
ILI,2017,2,0,0,0
RAB,2017,2,0,,
JCC,2017,4,0,0,0
KYG,2017,10,0,0,0
JFT,2017,4,0,1,0
HRR,2017,3,0,0,0
KGY,2017,7,0,0,0
NKK,2017,1,0,0,0
JOK,2017,1,0,,
OLW,2017,3,0,1,0
ECR,2017,1,0,0,
POH,2017,5,0,0,0
OUF,2017,1,0,,
PGD,2017,1,0,0,0
GMQ,2017,1,0,0,0
IQF,2017,1,0,,
HNR,2017,18,0,0,0
FSY,2017,162,144,4,8
FNM,2017,56,0,0,0
KPL,2017,1,0,,
MCX,2017,730,2,1,1
LJS,2017,2062,15,53,37
MDD,2017,8,0,0,0
NEY,2017,224,12,3,5
ITI,2017,299,2,1,0
BZR,2017,22,0,2,0
MUE,2017,115,7,1,3
LQY,2017,130,0,0,0
JLS,2017,9,5,4,3
KNX,2017,154,1,0,2
PCD,2017,11,1,0,0
HWJ,2017,12,0,0,0
FEM,2017,14,0,0,1
HWM,2017,46,0,0,0
MUU,2017,28,2,7,0
BYY,2017,34,0,0,0
PIF,2017,17,0,0,1
MND,2017,87,0,0,0
LKN,2017,169,0,0,0
FLN,2017,1,0,0,0
GEJ,2017,2,3,0,0
LNS,2017,53,0,0,0
LFZ,2017,13,1,0,0
OWI,2017,6,1,0,0
HHE,2017,4,0,0,0
EZY,2017,9,0,0,1
LPO,2017,21,0,0,0
DIO,2017,16,1,0,0
IOL,2017,4,0,1,0
MBP,2017,5,0,1,1
IWB,2017,4,1,1,1
CEO,2017,4,0,0,0
FTA,2017,22,1,0,0
MEJ,2017,1,0,0,
FRW,2017,5,0,0,0
CAO,2017,1,0,0,0
KPM,2017,2,0,0,0
NGE,2017,1,0,0,0
EOX,2017,1,0,0,0
KZJ,2017,1,0,0,0
DYH,2017,5,0,0,
HBI,2017,3,0,0,0
BTK,2017,2,0,0,0
DTS,2017,2,0,0,0
ODX,2017,1,0,0,0
NHL,2017,3,0,0,1
KPI,2017,3,0,0,0
ELM,2017,1,0,0,0
OHG,2017,1,0,5,0
DJC,2017,1,0,0,
DZB,2017,1,0,0,0
OGZ,2017,1,0,0,0
JWH,2017,12147,82,30,47
GEI,2017,6031,20,20,26
JDI,2017,6080,6,12,7
JLW,2017,233,2,8,3
KYF,2017,267,0,0,1
CAZ,2017,353,0,6,11
LGD,2017,167,0,1,0
PAH,2017,125,0,0,0
NRY,2017,431,9,1,2
KDI,2017,953,5,9,10
FMI,2017,1521,41,4,33
MQN,2017,75,0,0,0
LWK,2017,12,0,1,2
BTL,2017,100,2,0,3
HTE,2017,13,0,0,0
EQH,2017,3,0,0,0
PIM,2017,26,0,0,0
OZT,2017,36,0,0,0
PAG,2017,10,0,0,0
ELC,2017,354,0,0,1
BSP,2017,33,0,0,4
LFM,2017,11,0,0,0
MHE,2017,7,0,0,0
FEG,2017,13,0,0,0
DWS,2017,40,0,1,0
MLW,2017,1,0,0,
JKA,2017,1994,5,15,27
MHW,2017,1,0,0,0
FQP,2017,5,0,0,0
GEA,2017,46,0,14,1
OXF,2017,25,0,0,0
FFX,2017,10,0,0,0
OHR,2017,25,0,0,0
JAQ,2017,5,0,0,1
KNN,2017,3,0,0,0
GWG,2017,12,1,0,4
CGX,2017,21,0,0,0
LYK,2017,1,0,0,
FFN,2017,2,0,0,0
HMZ,2017,2,0,0,0
LNX,2017,9,0,0,0
KHP,2017,9,0,1,0
HBG,2017,6,0,0,1
KWD,2017,7,0,0,0
NTN,2017,2,0,0,0
MDP,2017,14,0,0,0
NDJ,2017,4,0,0,0
KOC,2017,22,0,3,0
NFK,2017,7,0,10,0
BRT,2017,1,0,0,0
CZP,2017,1,0,0,1
EQL,2017,5,0,0,0
LGH,2017,1,0,0,0
HHD,2017,4,0,0,0
LAO,2017,1,0,0,0
FCN,2017,1,0,0,0
JRO,2017,6,0,0,0
DRI,2017,1,0,0,
FKA,2017,2,0,,
HQD,2017,3,0,0,0
LJX,2017,1,1,0,0
HND,2017,3,0,0,0
OWQ,2017,2,0,0,0
MOO,2017,1,0,0,0
OGD,2017,1,0,0,
MJJ,2017,3,0,0,0
FSA,2017,376,3,6,6
HXX,2017,1365,0,1,2
HBL,2017,295,2,3,1
KNT,2017,1662,12,3,2
HSB,2017,1436,102,212,7
JOW,2017,148,2,0,8
DDR,2017,5,0,1,1
GXD,2017,83,0,0,1
JCT,2017,109,1,5,0
LYR,2017,1,0,0,0
BZA,2017,19,0,1,5
HWK,2017,7,0,0,0
OOY,2017,68,0,0,0
EBW,2017,13,1,0,0
DYF,2017,18,0,0,0
KGB,2017,3,0,0,0
ITW,2017,8,0,0,0
HGS,2017,1,0,,
KCJ,2017,2,0,0,0
NUC,2017,19,0,0,0
OGG,2017,90,0,0,0
IKY,2017,27,0,2,0
JHS,2017,1,0,5,0
PNO,2017,26,0,0,3
NQQ,2017,3,0,1,0
OXJ,2017,1,0,,
HOC,2017,5,0,0,0
BWB,2017,1,0,,
HQR,2017,1,0,0,0
HTT,2017,1,1,0,0
NBE,2017,12,0,0,0
KLA,2017,1,0,0,0
KDC,2017,8,0,0,0
HIB,2017,5,0,0,0
CIG,2017,11,1,1,3
LCX,2017,1,0,0,0
GXI,2017,146,1,0,6
EIF,2017,1,0,0,
GDF,2017,5,1,0,0
PCK,2017,1,0,0,
DWO,2017,4,0,7,0
KSB,2017,26,0,0,0
NFB,2017,9,0,0,0
PIE,2017,2,0,0,0
ORD,2017,4,0,0,0
HDL,2017,1,0,0,0
NFH,2017,1,0,,
EYC,2017,1,0,0,0
GZO,2017,1,0,1,0
NLL,2017,1,0,,
OJF,2017,1,0,0,0
FRN,2017,11935,21,11,23
FHQ,2017,100,1,0,0
KDJ,2017,4581,0,0,0
NKE,2017,602,7,4,0
OZO,2017,30075,3,1,1
MAH,2017,613,0,0,0
JXG,2017,1331,3,0,3
KRG,2017,1331,0,0,0
NZK,2017,12,0,0,0
ILO,2017,43,1,0,1
LTI,2017,519,1,0,1
BTR,2017,806,0,0,22
FQH,2017,243,2,0,2
CEW,2017,78,0,0,0
HBB,2017,201,1,0,0
DXN,2017,89,1,1,2
EFQ,2017,8,0,0,0
JOS,2017,7,0,0,2
HWQ,2017,39,0,0,0
KWI,2017,357,19,0,2
ESW,2017,86,0,0,1
NWX,2017,346,0,1,0
DSH,2017,30,0,0,0
MOM,2017,287,0,1,0
LDF,2017,78,0,1,1
PEZ,2017,5,0,0,0
JHY,2017,11,0,1,0
GGN,2017,11,0,0,
JAA,2017,36,4,4,8
NAM,2017,52,0,0,0
MNR,2017,4,0,0,0
ITH,2017,2,0,0,0
LZV,2017,1,0,0,
CIX,2017,5,0,0,1
IWO,2017,1,0,,
BZO,2017,45,0,0,0
HCC,2017,3,1,0,0
FRL,2017,9,1,0,0
LZC,2017,7,0,0,0
HGI,2017,33,0,1,5
PJK,2017,6,0,0,0
DEW,2017,6,0,1,0
GCA,2017,85,0,0,0
OHM,2017,8,0,0,0
EKX,2017,10,0,0,0
NZW,2017,3,0,0,0
HHK,2017,2,0,0,0
MZY,2017,1,0,0,0
JDO,2017,24,1,4,0
DSR,2017,3,0,0,0
FRG,2017,7,29,0,0
FPY,2017,2,1,0,0
ODC,2017,12,0,0,0
GAO,2017,4,0,0,0
NWW,2017,5,0,0,0
EJH,2017,1,0,0,
REF,2017,3,0,,
FMZ,2017,4,0,3,1
FEI,2017,3,0,0,0
NDY,2017,2,0,0,0
PJJ,2017,6,0,,
OQY,2017,3,0,0,0
MQH,2017,1,0,1,0
OVO,2017,6,0,0,0
FPX,2017,1,0,0,0
FAF,2017,1,0,0,0
EJI,2017,3,0,0,0
PRC,2017,2,0,0,0
PQZ,2017,2,0,0,
PAD,2017,1,0,0,0
LIX,2017,2,0,2,0
PHP,2017,1,2,0,0
DWC,2017,710,8,8,0
KNQ,2017,230,0,0,0
MVK,2017,10701,1,0,0
GWM,2017,444,0,0,1
GFF,2017,83,0,0,2
MJN,2017,156,1,1,1
LOM,2017,88,0,4,0
OAD,2017,401,0,4,0
NJE,2017,284,0,1,0
LXT,2017,66,0,2,0
LWH,2017,106,0,0,0
MOL,2017,9,0,4,1
KZH,2017,85,1,0,2
LMH,2017,1494,0,1,0
GFA,2017,283,0,1,1
IEO,2017,124,1,0,0
CCK,2017,58,2,5,8
PGW,2017,42,9,0,3
ITG,2017,4,1,0,0
DTR,2017,69,0,0,1
JXE,2017,12,0,0,0
KOB,2017,12,0,0,4
OVG,2017,10,0,0,0
ELW,2017,17,0,0,0
HTN,2017,30,0,0,1
FHW,2017,512,0,0,0
MEA,2017,43,2,0,0
PMT,2017,4,1,0,0
GBS,2017,4,0,0,0
OEQ,2017,3,0,3,0
JJS,2017,1,1,0,
OWO,2017,10,0,0,0
FBO,2017,11,0,0,0
LRP,2017,20,19,4,29
HMP,2017,8,3,,
IMG,2017,3,0,0,0
KZL,2017,5,0,0,0
MUD,2017,24,0,0,0
BZN,2017,10,0,0,1
KYX,2017,17,0,0,1
HGP,2017,16,0,0,1
PNW,2017,7,0,0,0
OPP,2017,6,0,0,
JXA,2017,4,0,0,0
EIY,2017,4,0,0,0
OFA,2017,2,0,,
HXQ,2017,2,0,0,0
PPM,2017,10,5,7,0
PKE,2017,1,0,0,
LLD,2017,3,0,0,0
DZM,2017,25,0,0,0
KMC,2017,2,0,0,0
NDF,2017,1,0,0,
PLP,2017,2,1,0,0
OCI,2017,1,0,0,
DWD,2017,12,0,0,0
LEJ,2017,9,1,2,0
KIP,2017,1,0,,
EJL,2017,19,0,2,2
HCA,2017,3,0,0,1
HDF,2017,1,0,0,1
NIF,2017,1,0,0,
PEA,2017,1,0,0,0
OJG,2017,1,0,0,0
GMZ,2017,1,0,,
HQP,2017,1,0,1,0
GDM,2017,2,0,0,0
PIH,2017,1,0,0,
JXL,2017,1,0,0,
NPT,2017,3089,1,1,5
LWP,2017,11529,21,0,0
MEH,2017,380,1,3,1
MCW,2017,413,6,1,0
DWM,2017,61,0,0,0
NXT,2017,460,0,2,0
HBC,2017,2047,0,0,0
LHI,2017,525,1,7,1
MAI,2017,478,7,0,2
NKB,2017,1606,3,5,4
KGX,2017,201,9,0,1
LWQ,2017,294,0,0,1
DQA,2017,1182,0,32,1
ONU,2017,585,0,0,0
ORQ,2017,10,0,0,0
FYA,2017,66,1,12,0
PND,2017,23,0,0,2
EBF,2017,42,4,0,2
KPN,2017,185,0,0,0
LON,2017,196,44,9,3
OZD,2017,109,0,0,1
OCL,2017,53,0,0,5
FAE,2017,121,0,0,0
DRC,2017,69,0,1,1
HAD,2017,4,0,0,0
DSS,2017,1,0,0,4
OGJ,2017,1,0,0,0
BRY,2017,3,0,0,0
EIC,2017,34,0,0,0
NCF,2017,122,2,0,0
IKN,2017,2,0,0,0
MOI,2017,7,4,3,0
JSP,2017,23,1,1,0
PEP,2017,29,0,0,0
FAJ,2017,79,1,0,7
FJL,2017,28,0,0,0
HBT,2017,20,0,1,0
LEG,2017,8,0,1,0
FSH,2017,18,5,0,0
FHM,2017,6,0,0,0
JAD,2017,3,1,0,0
MKZ,2017,5,0,0,0
KZF,2017,10,1,0,0
DXF,2017,13,0,0,2
KGS,2017,4,0,0,0
OJU,2017,6,0,0,3
ELY,2017,2,0,0,
OII,2017,1,0,0,0
EZQ,2017,7,0,0,0
MAQ,2017,3,0,1,1
OXH,2017,4,0,0,0
KOL,2017,3,0,0,0
OIR,2017,2,0,0,0
LKY,2017,2,0,0,0
OSM,2017,1,0,0,0
OCX,2017,9,0,0,0
PNC,2017,1,0,0,0
LFG,2017,1,0,0,0
MBQ,2017,1,1,,
OUH,2017,1,0,1,0
MMQ,2017,3,0,0,0
OAZ,2017,1,0,0,0
DOP,2017,3,0,2,0
NBL,2017,1,0,0,
OVZ,2017,1,0,0,0
OVN,2017,1,0,0,0
NAE,2017,1,0,2,0
HCG,2017,2468,0,0,17
FMF,2017,1822,42,7,2
NAB,2017,23,0,2,0
NBH,2017,224,0,1,21
JQW,2017,2,2,1,1
KSF,2017,19,0,0,0
NVZ,2017,3078,2,0,7
HKO,2017,10,1,0,1
NDN,2017,191,2,0,0
NCX,2017,447,0,0,0
GEH,2017,215,1,5,2
JIL,2017,33,0,0,0
JHI,2017,112,0,1,0
OKS,2017,18,0,0,0
MBL,2017,61,0,0,0
FWM,2017,4429,1,0,3
GCB,2017,19,0,0,0
NRA,2017,671,0,0,0
NLM,2017,15,0,1,0
NPL,2017,18,0,0,7
EFW,2017,66,0,0,0
NTG,2017,82,0,2,0
HXD,2017,130,0,1,0
CFJ,2017,15,1,1,0
EZN,2017,64,0,0,0
PLS,2017,2,0,0,0
MZF,2017,134,0,0,0
KDN,2017,6,0,1,0
CCQ,2017,13,0,0,0
MNS,2017,20,0,0,0
EKS,2017,53,0,0,0
NGX,2017,2,0,0,0
LSR,2017,7,0,0,0
LOL,2017,26,0,1,2
OHD,2017,3,0,0,0
NNX,2017,109,0,0,0
EIA,2017,64,0,0,0
OJH,2017,16,0,0,0
ILJ,2017,26,0,0,0
BYJ,2017,18,0,0,0
GAB,2017,44,0,6,0
KAL,2017,2,0,0,0
EXA,2017,1,0,,
HNI,2017,2,0,0,0
CGL,2017,14,0,0,0
CDM,2017,1,0,1,0
FHO,2017,10,0,0,0
BSS,2017,9,0,0,0
MIR,2017,13,0,0,0
PED,2017,1,0,,
ETA,2017,9,0,0,0
GAI,2017,5,0,0,0
DPW,2017,2,1,0,0
JHR,2017,1,0,0,0
NTX,2017,1,0,,
DTI,2017,1,0,0,0
PJT,2017,2,0,0,0
ECN,2017,1,0,0,
DHB,2017,11,4,2,1
ODD,2017,2,0,0,0
DTC,2017,33,0,0,0
DWX,2017,1,0,0,0
OIV,2017,1,0,0,0
GJA,2017,10,1,0,
GFI,2017,3,0,0,0
PNG,2017,3,0,0,0
IMC,2017,1,0,0,0
NVE,2017,2,0,0,0
HQG,2017,1,0,0,0
OIA,2017,1,0,,
NQX,2017,1,1,0,0
FTL,2017,3906,1,3,0
OTP,2017,270,0,0,0
DRA,2017,621,0,0,0
EMJ,2017,59,0,0,0
OCW,2017,413,0,0,0
MMI,2017,612,1,3,2
LOD,2017,811,6,0,0
KTT,2017,484,5,17,4
FPB,2017,51,1,0,0
LEI,2017,133,0,5,0
JDL,2017,334,0,0,0
HIF,2017,66,0,2,3
KFM,2017,120,0,1,3
JXB,2017,18,1,0,0
KGC,2017,99,0,0,0
FDI,2017,150,0,0,0
JOL,2017,178,0,0,4
GCZ,2017,8,0,0,0
FWF,2017,4,0,0,0
OFC,2017,2,0,0,0
BTQ,2017,3,1,0,0
FJS,2017,75,2,0,0
MAL,2017,28,0,0,1
LXG,2017,14,0,9,2
FCS,2017,17,1,0,0
MUZ,2017,54,1,0,0
EFT,2017,83,0,0,0
HXL,2017,3,0,0,0
HTX,2017,26,6,0,0
MNQ,2017,22,0,1,0
DIP,2017,55,1,1,0
HCH,2017,1,0,0,0
MBV,2017,13,0,0,0
NGZ,2017,16,1,0,0
BWF,2017,7,0,0,0
MUH,2017,4,0,0,1
KRL,2017,11,0,0,0
GXP,2017,16,0,0,2
NZA,2017,9,0,0,0
PDQ,2017,5,0,0,0
FSO,2017,14,0,0,0
HXP,2017,3,0,0,0
OLM,2017,7,0,0,0
NEA,2017,8,0,0,0
NYU,2017,5,0,0,0
KGI,2017,16,0,3,0
INM,2017,8,1,0,1
LGX,2017,10,0,1,1
PML,2017,1,0,0,0
FNG,2017,8,0,0,0
DXH,2017,4,0,0,0
LOE,2017,5,2,2,0
KTI,2017,9,0,1,0
PNR,2017,2,0,0,0
MLM,2017,2,1,0,0
ONF,2017,1,0,0,0
PCE,2017,2,0,0,0
HKN,2017,19,1,0,
DXK,2017,3,0,0,0
OWP,2017,1,0,0,0
NRN,2017,2,0,0,0
JDD,2017,1,0,0,0
FCK,2017,1,0,0,0
GFE,2017,1,0,0,0
DYJ,2017,2,0,0,0
JCW,2017,3,0,0,1
NLW,2017,2,0,0,0
EZS,2017,1,0,0,0
OHZ,2017,1,0,,
NRP,2017,1,1,1,0
NLF,2017,4,0,0,0
FEW,2017,2,0,0,0
JCF,2017,4,0,0,0
JOQ,2017,4,0,0,0
PYX,2017,2,0,0,0
HNQ,2017,4,0,0,0
FRO,2017,149,2,3,1
MBI,2017,672,5,4,3
DSI,2017,3421,1,5,9
DSQ,2017,8970,5,6,4
NSA,2017,55,0,0,0
LTJ,2017,13,0,1,0
HSX,2017,112,5,0,0
GZF,2017,330,0,0,0
LNH,2017,116,12,89,10
JGQ,2017,2,0,0,0
MPN,2017,180,0,0,0
FFL,2017,512,0,0,0
NTE,2017,140,0,0,0
GDZ,2017,11,0,0,0
KKX,2017,29,2,3,1
LTK,2017,14,0,3,0
NBF,2017,16,0,0,0
FDF,2017,360,0,0,2
LQC,2017,144,0,0,0
ISN,2017,4,0,0,0
LPM,2017,212,2,2,0
ODP,2017,39,0,0,0
IQI,2017,93,0,2,0
JSS,2017,3,0,0,0
HQY,2017,1,0,0,0
KDP,2017,5,0,0,0
CAD,2017,13,1,0,0
KIH,2017,14,0,0,1
FEZ,2017,2,0,0,1
HXI,2017,7,0,0,0
ECX,2017,4,0,0,5
EJF,2017,8,0,0,2
NIH,2017,2,0,0,0
JHX,2017,3,0,2,0
MVA,2017,3,0,0,
JSH,2017,1,1,0,0
DFH,2017,1,0,0,0
NYV,2017,2,0,0,0
MMH,2017,8,0,1,0
JAF,2017,44,4,0,0
GKL,2017,1,0,1,0
BWA,2017,5,0,0,0
FHA,2017,5,0,1,0
JTW,2017,14,0,4,0
MPA,2017,2,0,0,0
ISD,2017,1,0,0,0
EIH,2017,1,0,0,0
ODF,2017,1,0,0,
MON,2017,3,0,0,0
DWB,2017,357,0,0,0
LYJ,2017,2056,3,5,2
HHS,2017,11789,0,0,0
FOZ,2017,1940,98,36,4
LZH,2017,2608,0,0,6
LWS,2017,18015,11,19,8
BSZ,2017,2321,8,15,5
NJL,2017,1132,9,0,1
EZW,2017,8028,0,0,1
MQV,2017,104,2,2,4
OTN,2017,669,0,0,0
GBM,2017,59,0,1,0
CHL,2017,206,5,4,2
DRG,2017,477,2,0,0
FRC,2017,182,0,2,0
CAT,2017,127,1,5,0
NEG,2017,4,0,0,0
OOE,2017,480,0,2,0
FLG,2017,9,0,0,0
EAZ,2017,11,0,0,0
FZZ,2017,24,0,0,0
DAP,2017,17,0,0,0
GCI,2017,128,0,0,0
LWW,2017,2,0,0,0
LHN,2017,7,10,6,1
FMQ,2017,54,0,0,1
MIA,2017,15,0,0,0
IZQ,2017,3,0,0,0
MUJ,2017,16,6,7,10
MCN,2017,58,0,0,0
HBO,2017,12,1,1,0
KRB,2017,24,0,3,0
PKT,2017,10,0,0,0
DWP,2017,34,0,0,0
MIB,2017,1,0,0,0
FEC,2017,1,0,0,0
GKN,2017,2,0,0,0
JDN,2017,5,0,0,0
FKR,2017,2,0,1,0
FQM,2017,8,7,1,6
EKH,2017,4,1,0,0
IMA,2017,1,0,0,0
GIO,2017,1,0,0,3
INK,2017,4,0,0,0
FZE,2017,13,0,0,0
JOY,2017,4,1,0,0
NNI,2017,1,0,0,0
NPU,2017,11,0,0,0
JAC,2017,1,1,3,0
LDR,2017,2,1,0,0
HFW,2017,2,0,0,0
FMW,2017,4,0,0,0
LIH,2017,1,0,0,0
JID,2017,7,0,0,0
DQT,2017,4,0,0,0
LFB,2017,1,0,0,0
KBB,2017,1,0,0,
LZJ,2017,2,0,0,0
MQC,2017,7,0,0,0
OGR,2017,2,0,5,3
PTI,2017,2,0,0,0
MES,2017,1,0,0,
DOF,2017,39,2,3,0
OLC,2017,1,0,1,0
OJX,2017,3195,0,0,0
KWQ,2017,490,10,2,0
JDC,2017,401,0,1,2
GCX,2017,45,1,1,0
HWE,2017,4966,61,1,0
FTM,2017,525,0,21,4
MJC,2017,708,1,2,0
GFD,2017,321,0,2,0
JDW,2017,42,2,21,0
HBF,2017,105,0,0,0
DRF,2017,452,0,1,0
KNH,2017,105,0,0,0
FJK,2017,129,1,0,0
LFJ,2017,31,0,0,4
PBL,2017,8,0,0,0
MMK,2017,39,0,0,0
HSN,2017,96,3,0,27
FNP,2017,2,0,0,0
JDH,2017,82,0,0,0
GDI,2017,7,0,0,0
NAD,2017,132,3,6,0
CCX,2017,431,0,0,0
OAR,2017,22,4,0,0
FXX,2017,45,0,0,2
CDD,2017,9,0,3,1
NAC,2017,23,0,0,0
MKT,2017,1,0,0,0
KYJ,2017,14,0,0,1
GCM,2017,3,0,0,0
FTY,2017,5,0,0,0
DBF,2017,2,1,2,0
JGJ,2017,18,0,0,1
KXT,2017,19,1,0,0
GJT,2017,1,0,0,0
KOZ,2017,5,0,0,0
MTJ,2017,7,0,0,0
LWF,2017,12,0,0,0
POA,2017,14,0,,
FIP,2017,6,0,0,0
FXY,2017,6,0,0,0
HGY,2017,4,0,0,0
FEN,2017,3,0,1,1
FKB,2017,1,0,0,0
LQM,2017,77,1,0,0
PIZ,2017,9,0,0,0
NNP,2017,1,0,,
MTL,2017,2,0,0,0
HGC,2017,4,0,0,
GCC,2017,3,0,0,0
JRC,2017,1,0,0,
MSQ,2017,2,0,0,0
MZC,2017,4,0,0,0
LWE,2017,2,0,0,0
KIF,2017,5,0,0,0
FFY,2017,1,0,0,
NHG,2017,1,0,1,0
FRZ,2017,3,0,0,0
LBE,2017,3,0,0,0
NRZ,2017,2,0,0,0
ORR,2017,1,0,0,0
IWH,2017,1,0,,
ORT,2017,1,0,0,
NTW,2017,2,0,0,1
LKK,2017,7696,4,1,12
DQY,2017,2462,16,20,197
NVY,2017,8364,0,0,0
DTQ,2017,522,2,5,4
NIK,2017,16077,12,7,0
MGB,2017,5304,1,1,0
IZI,2017,88,4,22,13
GAM,2017,1486,10,1,29
PGN,2017,31,0,0,1
FGB,2017,142,0,2,0
MFE,2017,365,0,0,0
DXC,2017,415,1,1,3
BSB,2017,29,0,0,0
DRT,2017,159,0,0,0
EOQ,2017,332,0,30,3
CAW,2017,107,1,0,2
OGO,2017,298,0,4,0
FLL,2017,118,2,1,5
GKT,2017,326,0,0,0
DZN,2017,17,0,0,0
CBI,2017,61,0,0,1
FKO,2017,11,0,0,0
FDT,2017,788,2,1,0
HIS,2017,8,0,0,0
MVN,2017,23,2,4,0
FRK,2017,22,0,0,0
LBI,2017,570,1,0,1
EZB,2017,58,0,0,0
OQG,2017,26,0,0,0
NGY,2017,46,0,0,0
EPT,2017,13,1,2,3
KDL,2017,10,0,0,0
FGO,2017,17,0,0,0
JBP,2017,16,0,0,0
LTT,2017,3,0,,
JDB,2017,26,18,0,0
OAI,2017,1,0,,
CFP,2017,4,1,1,0
LZU,2017,3,0,0,0
KMF,2017,16,0,0,0
CFR,2017,13,2,0,0
DSA,2017,5,0,0,7
MTG,2017,8,0,0,0
CBH,2017,32,2,0,0
KFF,2017,4,0,0,0
OGL,2017,4,0,0,
EXJ,2017,1,0,0,0
OOG,2017,10,0,0,0
KRR,2017,15,2,0,0
DYT,2017,3,0,0,0
GEC,2017,3,0,0,0
MJG,2017,1,0,0,0
IOD,2017,142,0,0,0
DWZ,2017,4,0,0,0
PRL,2017,91,0,0,1
MLD,2017,1,0,0,0
KWB,2017,2,0,0,0
NTC,2017,3,0,0,0
PHV,2017,1,0,0,0
KNZ,2017,1,0,0,0
OIE,2017,1,0,0,0
JYL,2017,1,0,0,0
EJK,2017,1,0,0,0
HOI,2017,1,0,0,0
LYJ,2018,2280,5,2,3
MGB,2018,5542,1,0,0
LKK,2018,6787,1,12,2
MBH,2018,1175,5,5,3
KGC,2018,84,0,0,0
JFY,2018,34,1,5,5
DYE,2018,3124,0,5,0
GAW,2018,664,19,0,0
IYO,2018,352,3,1,0
LJS,2018,2268,53,37,10
PAH,2018,167,0,0,0
MAH,2018,612,0,0,0
KLE,2018,30,0,0,0
LKB,2018,20,0,0,0
LJT,2018,852,16,17,2
MLV,2018,209,0,0,0
EJL,2018,15,2,2,6
PNY,2018,103,0,0,0
FMK,2018,525,0,0,0
GCI,2018,99,0,0,4
FCL,2018,67,0,0,0
NJE,2018,407,1,0,0
NEK,2018,168,1,0,0
HEB,2018,349,4,0,0
ORG,2018,10,0,0,0
HBA,2018,58,0,0,0
PKT,2018,16,0,0,0
NAC,2018,220,0,0,0
HWI,2018,1,0,0,0
PIM,2018,11,0,0,0
BTO,2018,162,1,1,0
OUB,2018,124,0,0,0
LQR,2018,43,0,0,0
JTA,2018,1,0,0,0
IZL,2018,23,0,4,1
JEB,2018,3,0,1,0
IKD,2018,5,0,1,0
MXD,2018,32,0,0,0
FET,2018,67,2,0,0
BYJ,2018,21,0,0,0
OBP,2018,6,1,0,2
NQF,2018,1,0,,
CGX,2018,14,0,0,1
FSO,2018,11,0,0,0
CFP,2018,4,1,0,0
KNF,2018,13,0,0,0
BXB,2018,2,0,1,0
BWF,2018,7,0,0,1
OHM,2018,2,0,0,1
DSR,2018,1,0,0,0
FBK,2018,8,0,1,0
ODD,2018,13,0,0,0
NXB,2018,6,0,0,0
JJY,2018,7,8,14,9
LWL,2018,6,0,0,0
NSI,2018,15,0,0,0
HXK,2018,7,0,1,1
PSQ,2018,2,0,0,0
FAQ,2018,3,0,0,0
CGR,2018,1,1,,
MOV,2018,2,0,0,0
DTS,2018,3,0,0,0
OIB,2018,1,0,0,4
IYB,2018,1,2,,
DIS,2018,1,3,,
KLI,2018,3,1,0,2
PQC,2018,3,0,0,0
ECQ,2018,1,0,,
EFQ,2018,6,0,0,1
LLK,2018,1,0,,
JAQ,2018,2,0,1,0
MFJ,2018,1,0,0,
FBM,2018,2,0,0,0
GKJ,2018,1,0,0,
HJF,2018,1,0,,
FQL,2018,1,0,0,0
HNO,2018,2188,0,0,0
KWA,2018,6246,2,2,1
LPH,2018,5864,22,12,22
DQY,2018,2788,20,197,4
NBW,2018,16409,2,16,1
JDG,2018,442,0,0,0
MFE,2018,117,0,0,0
NVY,2018,8161,0,0,0
LZD,2018,206,1,0,0
OUR,2018,132,0,0,0
KWT,2018,473,2,3,0
KGI,2018,6,3,0,0
MUE,2018,75,1,3,2
IZI,2018,48,22,13,2
BZR,2018,23,2,0,0
ITX,2018,130,18,4,4
KRG,2018,1302,0,0,0
BSY,2018,687,4,2,3
EFA,2018,96,0,0,0
HTQ,2018,430,0,0,0
MVN,2018,32,4,0,0
PGN,2018,43,0,1,1
PFJ,2018,12,0,0,0
MTN,2018,21,0,0,
LRS,2018,4,0,8,0
NFA,2018,77,0,0,0
BZE,2018,102,0,1,0
OSH,2018,14,0,0,0
ILE,2018,1,0,,
FWN,2018,2,0,,
OBR,2018,23,0,0,0
EZY,2018,859,0,1,0
DXJ,2018,3,0,0,0
HGI,2018,30,1,5,0
OFC,2018,1,0,0,1
ISH,2018,7,0,0,0
BZQ,2018,10,0,0,0
MZR,2018,1,0,0,0
BTG,2018,8,0,0,0
FNP,2018,4,0,0,0
MLS,2018,1,0,0,1
CCN,2018,2,0,0,0
OCT,2018,20,0,1,0
ORZ,2018,5,0,0,0
CEM,2018,13,4,2,14
HCY,2018,2,0,0,0
INP,2018,1,0,0,0
KYW,2018,23,0,2,0
FCS,2018,6,0,0,0
EZO,2018,2,0,0,0
LZU,2018,2,0,0,0
GNX,2018,2,0,0,0
JJS,2018,1,0,,
JWY,2018,13,1,0,0
OVZ,2018,1,0,0,
DAO,2018,1,0,0,0
CDT,2018,4,2,1,0
GQG,2018,1,0,0,0
PJA,2018,12,0,0,0
ONE,2018,1,0,,
FRJ,2018,3,0,0,
GZT,2018,3,1,0,0
FPX,2018,2,0,0,0
PLO,2018,3,1,0,1
DJG,2018,1,2,0,0
NXV,2018,1,0,,
JHS,2018,6,5,0,3
PWJ,2018,1,0,0,0
FNK,2018,1,0,,
HJN,2018,1,0,0,0
FSQ,2018,1,0,0,0
CFN,2018,1,2,1,2
JJE,2018,4471,34,45,26
ISY,2018,34,0,3,0
HWC,2018,3588,22,12,7
KPE,2018,137,13,0,0
OWB,2018,1426,41,57,37
LRN,2018,57,0,1,0
JEY,2018,602,1,0,5
DRG,2018,163,0,0,1
MNB,2018,253,0,0,0
HCF,2018,63,0,0,1
MNW,2018,16,0,0,0
LFX,2018,24,0,0,0
OJE,2018,6,0,0,0
JSO,2018,13,2,1,1
CAF,2018,153,1,0,0
OAF,2018,36,1,0,0
DRM,2018,756,1,0,0
DWE,2018,130,0,1,0
OJH,2018,59,0,0,3
MRZ,2018,46,1,5,0
GBL,2018,36,0,1,0
JEA,2018,57,0,1,0
PEP,2018,18,0,0,0
BZA,2018,15,1,5,0
NIM,2018,102,0,1,0
MUQ,2018,25,1,0,0
KIH,2018,15,0,1,0
NSA,2018,66,0,0,0
MZI,2018,17,0,0,0
FST,2018,11,0,0,0
ONW,2018,12,0,0,0
FXX,2018,21,0,2,0
FHO,2018,2,0,0,0
HXI,2018,13,0,0,0
JZW,2018,8,0,0,0
NUH,2018,17,0,0,0
EPT,2018,13,2,3,1
LOL,2018,60,1,2,1
GCD,2018,4,0,0,0
OWT,2018,29,0,0,0
KWD,2018,8,0,0,0
MUD,2018,38,0,0,0
LOJ,2018,18,1,0,0
PTJ,2018,2,0,0,0
PNG,2018,6,0,0,0
KSR,2018,3,0,0,0
HDT,2018,1,0,0,0
HPT,2018,1,0,0,0
JSL,2018,7,0,0,0
MUH,2018,4,0,1,0
KMJ,2018,5,0,0,0
KXD,2018,3,0,0,
PVA,2018,1,0,,
JSJ,2018,2,1,0,0
IZD,2018,4,2,0,2
FXP,2018,1,0,0,0
NOV,2018,1,0,0,
PSU,2018,1,0,,
PBX,2018,1,0,0,0
HMF,2018,1,0,0,0
PHC,2018,1,1,1,1
IQG,2018,2,0,0,0
PNR,2018,2,0,0,0
NWU,2018,1,0,0,0
ONL,2018,1,0,,
DSQ,2018,12462,6,4,8
LZG,2018,31839,3,11,3
LMH,2018,1755,1,0,0
KTT,2018,587,17,4,2
MBI,2018,1050,4,3,6
GDM,2018,4,0,0,0
FSH,2018,9,0,0,0
GWM,2018,295,0,1,0
ESW,2018,85,0,1,0
JOH,2018,802,0,0,3
LQM,2018,87,0,0,0
BTT,2018,874,0,4,0
PGQ,2018,12,3,0,0
OGE,2018,80,0,0,0
IQI,2018,19,2,0,0
HTJ,2018,103,0,1,0
GZF,2018,300,0,0,6
HBT,2018,25,1,0,0
PNO,2018,52,0,3,0
OAZ,2018,6,0,0,0
LWF,2018,14,0,0,0
GAI,2018,4,0,0,0
NPL,2018,14,0,7,0
MAE,2018,28,0,0,0
ILJ,2018,20,0,0,0
FMR,2018,8,0,0,0
FEG,2018,15,0,0,0
JWJ,2018,31,0,0,0
NFK,2018,5,10,0,2
CGN,2018,2,4,3,0
MJJ,2018,4,0,0,
PSZ,2018,1,0,2,1
CAG,2018,2,0,0,0
NQQ,2018,3,1,0,0
MAD,2018,3,0,0,0
NQX,2018,1,0,0,0
NHV,2018,2,0,0,0
FME,2018,1,0,0,
NAE,2018,4,2,0,1
ING,2018,7,0,0,0
NXZ,2018,6,0,0,0
KMN,2018,7,0,0,0
DML,2018,1,0,0,0
EFD,2018,1,0,0,0
DWL,2018,2,0,0,0
JXA,2018,6,0,0,0
HBI,2018,3,0,0,0
CKA,2018,1,0,0,4
GAC,2018,1,0,0,0
MDA,2018,2,0,0,0
QCD,2018,3,0,0,0
OFD,2018,1,0,0,0
IRQ,2018,1,0,0,0
KDI,2018,1678,9,10,10
LZO,2018,3039,5,6,5
GZB,2018,5077,0,0,0
DXY,2018,2026,0,0,0
KYF,2018,254,0,1,0
FZY,2018,72,0,0,0
KFM,2018,171,1,3,9
NGT,2018,264,1,2,1
HIF,2018,93,2,3,1
KZH,2018,86,0,2,0
FCG,2018,274,0,0,2
CCX,2018,77,0,0,0
EGS,2018,225,0,0,0
EZB,2018,45,0,0,12
MDM,2018,395,2,0,0
EBW,2018,46,0,0,0
ION,2018,5,0,0,0
KMW,2018,15,8,0,0
MED,2018,39,1,0,0
EKM,2018,3,0,0,0
PQO,2018,2,0,0,0
KZD,2018,6,0,0,0
FJS,2018,133,0,0,0
PCD,2018,12,0,0,0
HQG,2018,3,0,0,1
KAD,2018,2,0,0,0
KWH,2018,6,0,0,0
QBJ,2018,35574,1,1,1
KOL,2018,2,0,0,0
BZO,2018,26,0,0,0
OLV,2018,3,1,0,0
NQG,2018,2,0,,
KCJ,2018,1,0,0,0
OVB,2018,11,0,0,0
JIF,2018,1,0,0,2
NEA,2018,2,0,0,0
HEL,2018,2,0,0,0
OGP,2018,4,0,0,
OCK,2018,1,0,,
KIJ,2018,1,0,0,0
JEC,2018,2,1,1,1
GCZ,2018,8,0,0,6
MNO,2018,10,0,0,0
LFY,2018,2,0,1,1
JQT,2018,3,0,0,0
DRQ,2018,1,0,0,0
KDW,2018,2,0,0,0
PPN,2018,3,1,0,0
ILY,2018,1,0,1,0
HQP,2018,3,1,0,0
PPM,2018,4,7,0,2
LXO,2018,2,0,0,
PEK,2018,2,0,0,0
GBB,2018,2,0,0,0
GGM,2018,1,2,,
DTG,2018,1,0,0,0
LJL,2018,1,0,0,0
OBA,2018,1,0,,
BZG,2018,1,0,0,0
QHR,2018,3,0,0,0
FLN,2018,1,0,0,0
FKX,2018,5804,5,1,1
JQP,2018,215,16,6,8
LGW,2018,23103,2,6,2
HBG,2018,2,0,1,0
OBJ,2018,535,3,0,2
HWE,2018,3510,1,0,0
LRO,2018,372,32,6,22
FMI,2018,2358,4,33,7
NLF,2018,8,0,0,0
NTE,2018,152,0,0,0
MQN,2018,107,0,0,0
NOU,2018,38,1,0,1
HTW,2018,1223,1,62,2
ITJ,2018,122,1,1,1
KDD,2018,17,2,3,1
LTK,2018,8,3,0,0
CAW,2018,112,0,2,1
MRD,2018,11,0,1,0
BTM,2018,56,16,0,0
INO,2018,38,0,0,1
LOF,2018,35,0,0,1
DTN,2018,4,2,0,0
NPR,2018,1,0,0,
HAE,2018,29,0,0,0
GHH,2018,19,0,0,0
HFX,2018,13,0,2,0
EBZ,2018,3,1,0,0
MSB,2018,2,0,,
IOD,2018,13,0,0,0
LOM,2018,108,4,0,0
HNF,2018,9,0,0,0
OHD,2018,7,0,0,0
NEG,2018,11,0,0,0
NZK,2018,23,0,0,0
GEN,2018,16,1,0,0
NSC,2018,16,0,0,0
PAE,2018,4,0,,
DZN,2018,9,0,0,0
LRJ,2018,13,0,0,0
LDK,2018,1,0,,
OCI,2018,1,0,,
HTC,2018,16,0,0,0
HRQ,2018,9,0,0,0
MQM,2018,5,2,0,0
HDF,2018,1,0,1,0
DJC,2018,2,0,,
HXO,2018,1,0,0,0
DCF,2018,2,0,1,0
OIR,2018,2,0,0,0
PGD,2018,1,0,0,0
LZK,2018,2,0,0,0
FAP,2018,2,1,0,0
OCE,2018,1,0,0,0
IYX,2018,1,0,0,
PQK,2018,3,0,1,0
MEQ,2018,1,0,,
BYD,2018,32,0,0,1
DRC,2018,85,1,1,0
FWM,2018,12957,0,3,0
BRZ,2018,65,0,0,0
LTI,2018,443,0,1,0
GFA,2018,251,1,1,0
DXO,2018,178,0,0,0
JXG,2018,1456,0,3,8
KWS,2018,1477,6,2,11
JDC,2018,236,1,2,0
HAM,2018,6,0,0,0
HET,2018,52,0,0,0
MVK,2018,9698,0,0,0
NIP,2018,535,0,1,0
NKM,2018,1654,0,1,0
DRY,2018,162,2,0,1
LPB,2018,959,0,0,0
GAR,2018,536,0,0,0
NEU,2018,61,0,0,0
HST,2018,25,0,0,0
DZM,2018,38,0,0,0
OCY,2018,97,0,8,0
OOK,2018,10,0,0,0
GAG,2018,79,1,2,0
PND,2018,17,0,2,3
LZY,2018,67,0,0,0
MWS,2018,52,0,0,0
ILO,2018,40,0,1,0
DOF,2018,38,3,0,0
MQC,2018,68,0,0,0
FGB,2018,116,2,0,0
GZX,2018,6,0,0,0
KGO,2018,15,9,0,8
LGH,2018,7,0,0,0
FYF,2018,3,0,0,
EYQ,2018,20,0,0,0
HBN,2018,11,0,0,0
NRP,2018,1,1,0,0
FPS,2018,1,0,0,
MMO,2018,2,0,0,0
FTA,2018,21,0,0,0
CBT,2018,15,0,0,0
NWV,2018,22,0,0,4
EKD,2018,2,0,0,
GCC,2018,3,0,0,0
EZX,2018,11,0,0,0
LBH,2018,12,2,1,0
NVP,2018,3,0,0,0
LZC,2018,6,0,0,0
OES,2018,12,1,15,2
MAU,2018,1,0,0,0
NLU,2018,1,0,,
KEM,2018,1,0,,
LHZ,2018,2,0,,
JMT,2018,1,0,0,0
JFT,2018,3,1,0,0
BRW,2018,2,0,0,0
CCL,2018,1,0,0,0
GYB,2018,2,0,5,0
INB,2018,1,0,0,0
KIK,2018,2,0,0,0
LDR,2018,22,0,0,0
PHM,2018,1,0,0,0
IWP,2018,3,0,0,0
LFL,2018,3378,2,42,0
OOE,2018,422,2,0,0
HXX,2018,1455,1,2,0
OZO,2018,38918,1,1,1
HBL,2018,296,3,1,1
NAY,2018,1045,11,9,0
NEW,2018,884,6,7,0
GAM,2018,2189,1,29,44
POE,2018,784,0,0,0
OTD,2018,215,0,0,0
KNS,2018,554,0,1,0
CAZ,2018,447,6,11,39
MNH,2018,127,0,0,0
GXQ,2018,85,0,0,0
DRB,2018,30,0,0,0
CCK,2018,59,5,8,1
PEW,2018,17,1,0,0
GDY,2018,241,1,1,3
ECI,2018,1,0,0,1
GXN,2018,54,6,0,0
EXE,2018,2114,0,1,0
HDD,2018,17,0,1,1
GBA,2018,34,0,0,0
MBF,2018,98,1,2,1
NPM,2018,8,1,3,3
LXG,2018,25,9,2,2
GCT,2018,19,0,0,0
MYN,2018,1,0,0,0
JES,2018,51,0,0,0
PTD,2018,15,0,0,0
MUU,2018,30,7,0,0
CAT,2018,82,5,0,0
FNJ,2018,3,0,0,0
MDI,2018,37,0,0,0
GAQ,2018,51,0,2,0
LJE,2018,68,0,1,2
KHP,2018,12,1,0,1
KGN,2018,12,3,2,0
OCC,2018,1,1,2,6
HTN,2018,42,0,1,0
EAZ,2018,10,0,0,0
NUN,2018,3,0,0,0
KXE,2018,3,0,0,0
FWP,2018,7,0,0,0
JHY,2018,4,1,0,0
HDC,2018,1,0,0,0
PQP,2018,1,2,4,0
CEO,2018,2,0,0,0
PXV,2018,1,0,,
FRW,2018,1,0,0,0
EGN,2018,2,0,0,0
FHA,2018,5,1,0,0
NTW,2018,39,0,1,0
FLS,2018,4,0,0,
IWS,2018,1,0,,
HOT,2018,1,0,0,
JDD,2018,1,0,0,0
LWY,2018,1,0,,
CDM,2018,1,1,0,0
MHW,2018,1,0,0,0
NYC,2018,1,0,,
LMD,2018,1,0,2,0
QHT,2018,3,0,0,0
DZB,2018,1,0,0,
HQL,2018,2443,4,0,2
FPA,2018,6406,8,30,149
GEY,2018,1260,1,0,0
LOX,2018,2153,0,4,17
PBI,2018,276,0,0,0
MZO,2018,152,0,0,0
ONB,2018,228,0,1,4
GXD,2018,152,0,1,0
FRK,2018,19,0,0,0
DZL,2018,57,0,0,0
EQJ,2018,202,0,0,0
DWQ,2018,35,0,0,0
DYG,2018,131,4,2,0
NWJ,2018,10,1,0,0
GAK,2018,7,0,0,0
FIQ,2018,1,0,0,0
DTE,2018,933,1,1,0
LDT,2018,4,0,0,0
LDE,2018,1,0,0,0
INK,2018,49,0,0,1
GDJ,2018,17,4,0,0
NAD,2018,1021,6,0,0
GBZ,2018,51,1,0,0
INM,2018,11,0,1,0
INX,2018,21,0,0,0
PRL,2018,100,0,1,0
MPV,2018,52,0,0,0
CIG,2018,23,1,3,4
LRK,2018,61,0,0,0
PBF,2018,2,0,0,0
LEL,2018,3,0,0,
BTY,2018,5,0,0,0
MKQ,2018,2,0,0,0
LKQ,2018,8,0,0,1
LPC,2018,12,0,0,0
HXL,2018,3,0,0,0
GWQ,2018,15,1,2,1
BWK,2018,1,0,0,
HTG,2018,5,0,,
EYA,2018,13,0,0,0
CFR,2018,8,0,0,0
ILQ,2018,7,0,0,0
GAE,2018,4,0,0,0
LEJ,2018,4,2,0,0
CHH,2018,1,0,4,0
DYF,2018,6,0,0,0
OLL,2018,6,0,0,0
NZU,2018,24,0,0,0
KFK,2018,1,0,0,0
DDR,2018,2,1,1,0
EXD,2018,30,0,0,
KNC,2018,37,0,0,0
DFD,2018,1,0,,
JAD,2018,1,0,0,1
GDZ,2018,5,0,0,0
KXT,2018,1,0,0,0
PON,2018,1,0,0,0
PXK,2018,1,0,0,0
MVU,2018,1,0,2,3
EHZ,2018,1,0,0,0
GDX,2018,1,0,0,0
NUU,2018,1,0,0,0
QAK,2018,1,0,,
GAT,2018,1431,0,2,0
GDW,2018,14655,61,28,12
KRD,2018,1047,0,6,0
LWP,2018,14786,0,0,0
MEB,2018,1425,17,1,0
DSI,2018,3552,5,9,3
KCY,2018,138,0,5,1
HRY,2018,606,0,0,3
JAA,2018,31,4,8,11
MQR,2018,41,1,0,0
IYN,2018,84,18,10,9
NKE,2018,988,4,0,0
JSI,2018,5,1,0,1
FCW,2018,72,0,0,0
LQE,2018,33,1,0,0
GDC,2018,52,0,2,0
NEZ,2018,49,0,2,1
LQY,2018,149,0,0,0
OCZ,2018,247,0,0,0
GGW,2018,18,0,0,0
IOR,2018,56,1,0,0
DWD,2018,8,0,0,0
FFX,2018,17,0,0,0
MTD,2018,49,0,0,1
FIE,2018,14,0,0,0
MIP,2018,4,0,0,
EJK,2018,2,0,0,0
KMF,2018,9,0,0,1
MNS,2018,22,0,0,0
PNJ,2018,648,0,2,0
JHX,2018,16,2,0,0
LGZ,2018,93,0,2,0
KPF,2018,1,0,,
KBD,2018,1,0,0,0
LCX,2018,2,0,0,0
GAX,2018,10,3,0,1
NAJ,2018,6,0,0,0
DHX,2018,20,3,0,0
HXP,2018,4,0,0,0
JJH,2018,21,4,5,1
FOX,2018,15,0,0,0
HIB,2018,3,0,0,0
IME,2018,15,0,1,0
FYD,2018,5,0,0,0
OLC,2018,1,1,0,
EZQ,2018,341,0,0,0
NLM,2018,9,1,0,0
MQE,2018,5,0,0,0
MPA,2018,4,0,0,0
GEJ,2018,2,0,0,
GWL,2018,1,0,,
FFP,2018,1,0,,
DEH,2018,3,0,0,0
JEX,2018,1,0,0,0
PLA,2018,2,0,0,0
JQB,2018,1,0,0,
HFF,2018,1,0,0,
PKO,2018,1,0,0,0
JDN,2018,2,0,0,0
PWY,2018,1,0,0,11
LCD,2018,1,4,0,1
FCZ,2018,1,0,0,0
HCG,2018,2000,0,17,0
EZW,2018,5599,0,1,0
JDQ,2018,179,0,5,0
CDP,2018,359,5,2,0
LHI,2018,1470,7,1,0
LWR,2018,1562,0,0,5
MRM,2018,366,0,0,0
HBB,2018,289,0,0,0
FAS,2018,69,1,0,0
GXP,2018,9,0,2,23
DRF,2018,706,1,0,2
CAK,2018,58,0,0,0
HWQ,2018,63,0,0,0
LXT,2018,73,2,0,0
FLD,2018,9,0,0,0
FNY,2018,5,0,1,
GAN,2018,394,0,0,0
HTE,2018,7,0,0,0
CKG,2018,2,1,0,0
KDN,2018,4,1,0,1
BWA,2018,2,0,0,0
MQV,2018,85,2,4,36
PSV,2018,36,0,0,0
MPO,2018,18,0,0,0
FTT,2018,2,0,0,0
NUC,2018,6,0,0,0
GFG,2018,22,0,0,0
LWH,2018,63,0,0,0
ILS,2018,36,0,0,1
CFT,2018,26,2,0,0
EKR,2018,31,0,0,0
NQP,2018,29,0,0,0
ELR,2018,5,1,0,0
MOI,2018,1,3,0,0
OHY,2018,1,0,0,0
FHM,2018,8,0,0,0
FKR,2018,2,1,0,0
IZH,2018,22,0,0,0
GZL,2018,2,1,4,1
EAP,2018,5,0,0,0
LKF,2018,23,0,1,0
KIE,2018,1,0,,
OKO,2018,2,0,0,0
BSK,2018,4,0,0,0
IWJ,2018,3,2,1,0
BSJ,2018,6,0,0,0
MNM,2018,2,1,0,0
KPA,2018,13,3,2,2
MTP,2018,7,0,0,
HQZ,2018,1,0,0,0
FAF,2018,6,0,0,0
ORY,2018,2,0,0,0
GCQ,2018,7,0,0,0
MWJ,2018,1,0,0,3
LWI,2018,1,0,,
HFW,2018,7,0,0,0
KQW,2018,1,0,0,0
OZW,2018,2,0,,
GKB,2018,2,0,0,
JID,2018,6,0,0,0
PFQ,2018,2,0,,
NEI,2018,3,0,0,0
KMY,2018,5,0,0,0
GER,2018,1,0,2,
PAB,2018,2,0,0,0
PAA,2018,1,0,0,
FXY,2018,1,0,0,0
LWE,2018,1,0,0,0
HAB,2018,673,1,0,0
HTO,2018,1813,1,0,18
HXD,2018,112,1,0,0
KNT,2018,1846,3,2,2
LNQ,2018,314,0,0,0
PZE,2018,2058,0,0,0
OAD,2018,418,4,0,0
DWA,2018,196,0,2,0
MBP,2018,9,1,1,0
NRA,2018,249,0,0,0
KSZ,2018,667,0,0,0
MRA,2018,684,0,0,0
HDA,2018,30,4,3,0
KYZ,2018,76,1,0,0
JJQ,2018,2,0,0,0
JDX,2018,40,0,2,0
ELC,2018,284,0,1,0
MDB,2018,76,3,0,0
GKP,2018,19,0,0,0
LLI,2018,17,0,0,0
MVF,2018,13,0,0,0
GWJ,2018,24,0,1,0
LXA,2018,10,0,0,0
NBF,2018,12,0,0,0
DWZ,2018,7,0,0,0
HBO,2018,4,1,0,0
ITG,2018,15,0,0,0
OZT,2018,31,0,0,0
GFE,2018,3,0,0,0
KOX,2018,3,0,0,0
MFR,2018,7,0,0,0
LIP,2018,5,0,0,1
BTA,2018,17,1,0,1
OHV,2018,10,0,0,0
MCZ,2018,3,0,0,0
PMH,2018,6,0,0,0
OIV,2018,2,0,0,0
KYS,2018,5,0,0,0
IWB,2018,2,1,1,0
PRC,2018,11,0,0,0
PQZ,2018,2,0,,
FXZ,2018,11,0,0,0
HDQ,2018,1,0,0,
JHR,2018,3,0,0,0
DLJ,2018,2,0,0,0
MZP,2018,4,0,0,0
LKY,2018,3,0,0,0
PVH,2018,5,0,,
KHX,2018,2,0,0,
OJU,2018,2,0,3,3
HQY,2018,1,0,0,0
OAY,2018,1,0,0,0
ELS,2018,1,0,0,
HLM,2018,1,0,,
IPT,2018,1,0,,
QAD,2018,4,0,0,0
LWW,2018,1,0,0,0
HXE,2018,1,0,,
OGQ,2018,1,0,0,0
DQO,2018,761,4,71,6
DTK,2018,3877,0,6,0
FEM,2018,15,0,1,0
JDH,2018,220,0,0,0
KWI,2018,196,0,2,1
MNT,2018,2137,0,5,34
EXB,2018,35,0,0,0
LXH,2018,4619,39,23,16
MCM,2018,2983,0,5,4
NKB,2018,1627,5,4,33
OGO,2018,502,4,0,0
PJQ,2018,110,0,0,0
JXI,2018,6,0,0,1
JXM,2018,4,0,0,0
NLQ,2018,56,1,0,0
ODG,2018,66,2,0,4
FZO,2018,66,0,0,0
FZM,2018,17,0,0,0
HWX,2018,52,0,1,0
CFJ,2018,10,1,0,2
PJP,2018,6,0,0,0
FEQ,2018,21,0,0,0
LMB,2018,4,0,0,0
HGY,2018,3,0,0,0
KHQ,2018,1,1,0,
JSS,2018,3,0,0,0
KGT,2018,1,0,0,
HCH,2018,19,0,0,0
MRW,2018,4,0,1,0
MZC,2018,7,0,0,0
EXS,2018,16,0,0,0
HQX,2018,5,0,0,0
KHY,2018,1,0,0,0
ELM,2018,1,0,0,0
PDQ,2018,5,0,0,2
PZP,2018,14,0,1,0
KAY,2018,1,0,0,
GTY,2018,10,0,0,0
CGZ,2018,18,3,2,0
MTL,2018,2,0,0,
FWW,2018,2,0,0,0
LGE,2018,2,0,0,
LJB,2018,1,0,0,0
LTO,2018,4,0,0,0
OWP,2018,2,0,0,
DBM,2018,1,0,,
OFP,2018,1,9,0,1
KCP,2018,2,0,0,
PLQ,2018,1,0,0,0
KHO,2018,2036,7,2,2
LEI,2018,196,5,0,0
MKJ,2018,16076,12,12,16
LOD,2018,1275,0,0,1
ETN,2018,245,0,2,10
NGZ,2018,10,0,0,2
LCJ,2018,506,0,4,0
NPJ,2018,133,1,0,0
MCX,2018,854,1,1,0
PFN,2018,54,0,0,0
FHQ,2018,100,0,0,2
KRA,2018,415,0,4,1
DRS,2018,81,12,0,0
MMI,2018,477,3,2,2
IRT,2018,318,0,0,0
LNR,2018,176,0,0,0
OOY,2018,45,0,0,0
LOZ,2018,568,0,0,0
LSZ,2018,88,0,0,0
FGO,2018,14,0,0,0
JOL,2018,158,0,4,0
KQM,2018,7,0,0,0
JXB,2018,27,0,0,0
PTS,2018,29,0,0,0
FJL,2018,49,0,0,0
MSH,2018,4,0,0,0
JSM,2018,126,0,0,4
OTL,2018,8,1,0,0
NIG,2018,58,1,1,1
OLM,2018,3,0,0,0
FJI,2018,10,0,0,0
KQT,2018,10,0,0,0
DTC,2018,21,0,0,0
KGE,2018,26,0,0,0
ISN,2018,5,0,0,0
CAX,2018,3,0,0,0
PDI,2018,4,0,0,0
PRY,2018,1,0,,
KNO,2018,3,0,0,0
MOO,2018,1,0,0,0
PCB,2018,3,0,0,5
OOD,2018,23,0,0,0
GXZ,2018,9,0,0,0
ORK,2018,2,0,0,
OVG,2018,1,0,0,0
LZA,2018,3,0,4,1
JTW,2018,31,4,0,0
MQX,2018,1,0,0,0
HEE,2018,1,0,0,0
MKZ,2018,3,0,0,0
PKC,2018,5,0,2,0
KKO,2018,2,0,0,0
IML,2018,1,0,0,
PMV,2018,1,0,0,0
FWF,2018,9,0,0,0
HOI,2018,2,0,0,0
IQE,2018,1,0,,
BYT,2018,1,0,,
QCB,2018,10,0,0,0
FSR,2018,1,0,0,0
PYI,2018,2,0,1,0
MKT,2018,1,0,0,2
LMC,2018,2,0,,
ORR,2018,2,0,0,0
QDK,2018,1,0,0,0
HHT,2018,1,0,0,0
PKL,2018,383,0,1,0
EZC,2018,876,0,0,0
MBB,2018,328,0,0,0
JWH,2018,13847,30,47,26
NIE,2018,87,0,2,0
ERL,2018,1365,0,0,6
OXO,2018,1622,11,1,0
FTR,2018,2596,0,12,0
OLO,2018,1220,5,8,12
MSS,2018,336,0,0,1
KRH,2018,376,0,0,0
BZD,2018,99,1,4,0
FAD,2018,274,0,6,3
MCW,2018,522,1,0,0
OKE,2018,4,0,0,0
MOL,2018,10,4,1,0
LPO,2018,22,0,0,0
DQX,2018,1700,15,4,1
DRE,2018,118,1,0,2
KWQ,2018,331,2,0,1
FHN,2018,309,0,0,0
GAL,2018,236,0,1,0
LBI,2018,37,0,1,0
FNG,2018,5,0,0,0
MRN,2018,136,1,0,0
DZJ,2018,8,0,0,0
EXF,2018,6,0,0,0
IOL,2018,4,1,0,0
GAO,2018,5,0,0,0
MFA,2018,62,0,0,0
JST,2018,9,2,0,
PNB,2018,47,0,0,0
LOK,2018,17,0,0,0
OUJ,2018,1,0,0,0
DXF,2018,35,0,2,3
HWN,2018,20,0,0,0
GZJ,2018,21,0,0,0
PIJ,2018,17,0,0,0
MMX,2018,15,0,0,0
FPD,2018,29,8,3,7
FRL,2018,20,0,0,0
IPS,2018,12,0,0,0
OLI,2018,1,0,0,0
ITQ,2018,12,0,1,1
IZQ,2018,7,0,0,0
OAB,2018,5,0,0,1
OJV,2018,1,0,0,0
FDA,2018,64,0,0,0
HEW,2018,14,1,2,0
MNR,2018,2,0,0,0
CGJ,2018,1,3,0,0
NDR,2018,7,0,0,0
OYF,2018,1,0,0,0
GDI,2018,2,0,0,0
OJG,2018,7,0,0,2
PVD,2018,1,0,0,0
PUX,2018,1,0,,
KZJ,2018,1,0,0,0
PEZ,2018,2,0,0,1
LWO,2018,1,0,0,0
CEK,2018,1,0,0,2
IMR,2018,5,0,,
JDJ,2018,15,0,0,0
HJT,2018,1,0,0,0
PKR,2018,1,0,,
KNZ,2018,1,0,0,
NIQ,2018,6605,0,0,1
KWP,2018,633,2,3,3
JLW,2018,246,8,3,2
CAI,2018,39,1,1,0
HBC,2018,1751,0,0,0
FMG,2018,163,29,9,5
LGD,2018,98,1,0,0
KPO,2018,97,13,3,32
LPM,2018,187,2,0,2
FQO,2018,98,11,0,3
EIA,2018,73,0,0,0
CAE,2018,55,1,1,1
FPB,2018,34,0,0,0
OTO,2018,141,0,0,0
MAY,2018,33,0,0,0
JDZ,2018,22,0,0,0
CBF,2018,5,0,0,0
GDT,2018,193,1,0,0
MZA,2018,6,0,0,0
BSO,2018,80,93,5,13
EOB,2018,23,0,0,1
CEW,2018,64,0,0,1
EKH,2018,2,0,0,0
DXQ,2018,43,1,2,0
LYU,2018,1,0,0,0
EZN,2018,58,0,0,0
JZO,2018,35,4,0,1
MIE,2018,2,0,0,0
PLR,2018,1,0,0,0
DTD,2018,28,0,0,0
JOS,2018,9,0,2,0
FCH,2018,2,0,,
LKJ,2018,1,0,,
PKY,2018,1,0,0,
EKW,2018,2,0,0,
JAY,2018,1,0,0,0
KOA,2018,3,0,1,2
PQN,2018,1,0,,
NRU,2018,2,0,0,0
IOY,2018,3,0,0,0
FMH,2018,42,1,3,1
JXE,2018,8,0,0,0
MLA,2018,1,0,0,0
KYN,2018,1,0,0,0
OVJ,2018,9,0,0,0
EEF,2018,11,0,1,0
KTA,2018,3,0,,
OMT,2018,1,0,0,0
GFO,2018,4,2,0,1
PRI,2018,1,0,0,0
LZS,2018,1572,0,0,0
GJS,2018,1933,5,0,2
GCJ,2018,2528,7,7,2
MSD,2018,443,0,30,2
FOZ,2018,3254,36,4,6
PMP,2018,2069,1,0,0
OTE,2018,84,0,0,0
NAA,2018,48,0,0,0
OAE,2018,873,0,2,1
DQK,2018,255,9,7,4
IEO,2018,154,0,0,0
FDF,2018,381,0,2,3
OUG,2018,411,0,3,3
GKT,2018,349,0,0,0
MWI,2018,157,2,5,6
HXC,2018,109,0,1,0
JDS,2018,313,0,0,2
CCW,2018,366,0,4,11
FRG,2018,22,0,0,14
OFZ,2018,4,0,0,
EFB,2018,73,0,0,0
DXC,2018,386,1,3,1
OTP,2018,385,0,0,0
PGW,2018,96,0,3,0
EZD,2018,379,0,0,3
KGX,2018,199,0,1,0
GBO,2018,434,0,1,0
MNK,2018,9,0,0,0
KZL,2018,3,0,0,0
MOF,2018,11,0,0,0
GEA,2018,58,14,1,1
LOE,2018,7,2,0,0
KXJ,2018,31,1,5,0
KOC,2018,37,3,0,0
FFK,2018,18,7,0,3
KKX,2018,31,3,1,0
FFH,2018,14,0,0,0
HSO,2018,2,0,0,0
KXG,2018,5,0,0,1
GCB,2018,25,0,0,2
HTT,2018,2,0,0,0
HGL,2018,2,0,0,0
FCX,2018,7,0,0,0
LJH,2018,17,0,0,0
EYB,2018,7,0,0,0
MLY,2018,2,0,0,0
IDO,2018,2,0,0,0
JQC,2018,10,0,3,0
DRO,2018,64,0,0,12
IOQ,2018,19,1,0,0
ECN,2018,1,0,,
JGQ,2018,3,0,0,0
GXC,2018,16,0,0,0
OFL,2018,3,0,0,0
GZI,2018,1,0,0,0
OAT,2018,1,0,0,0
PBL,2018,8,0,0,0
FTN,2018,3,0,0,2
PFC,2018,2,0,0,0
IMP,2018,2,0,0,0
PIF,2018,15,0,1,0
MGZ,2018,7,0,0,0
OCM,2018,4,0,0,0
LHN,2018,8,6,1,4
MLO,2018,1,0,0,0
BSS,2018,9,0,0,0
IKN,2018,4,0,0,0
EJJ,2018,3,0,0,0
JOZ,2018,25,0,1,0
NMJ,2018,7,0,0,0
HNX,2018,1,0,0,
DZP,2018,3,0,0,0
OWO,2018,4,0,0,0
PMA,2018,1,0,0,0
JIN,2018,4,0,1,1
LNZ,2018,1,0,0,0
CBK,2018,9584,10,16,5
HQC,2018,2387,3,1,0
MAI,2018,1550,0,2,40
MJP,2018,357,0,0,1
LZH,2018,1627,0,6,2
DRT,2018,222,0,0,0
DWS,2018,55,1,0,3
CGA,2018,67,0,3,1
ORD,2018,14,0,0,0
FQP,2018,18,0,0,0
NYU,2018,5,0,0,0
DQE,2018,37,0,0,8
LKN,2018,55,0,0,0
MPB,2018,118,11,0,0
DZK,2018,2,0,0,
DTL,2018,83,6,1,20
MIA,2018,14,0,0,0
FSM,2018,104,5,2,0
HTX,2018,24,0,0,0
EKS,2018,256,0,0,0
KSF,2018,20,0,0,0
HQB,2018,3,0,0,0
HGM,2018,30,0,5,0
KWN,2018,2,0,0,0
OHR,2018,32,0,0,0
MIB,2018,10,0,0,0
KPR,2018,30,14,6,8
JDO,2018,18,4,0,1
NZW,2018,19,0,0,0
NSB,2018,1,1,0,5
EIC,2018,19,0,0,0
OWE,2018,1,0,0,
LYL,2018,5,0,0,0
DWH,2018,1,0,0,0
GDF,2018,7,0,0,0
EIY,2018,5,0,0,0
KEY,2018,2,0,0,
RHA,2018,6,0,0,
OXQ,2018,1,0,19,3
MAJ,2018,7,0,0,0
MSW,2018,5,2,1,2
GHC,2018,14,0,0,0
JAC,2018,4,3,0,0
PDF,2018,3,0,,
MTJ,2018,11,0,0,0
NUV,2018,3,0,0,
CDZ,2018,5,4,2,0
FFO,2018,1,0,0,0
HAD,2018,4,0,0,0
FIH,2018,1,0,,
POY,2018,1,0,,
GGP,2018,3,0,0,0
MXJ,2018,1,0,0,0
IQA,2018,1,1,0,0
LSR,2018,4,0,0,0
IPL,2018,1,0,0,0
JET,2018,1,1,0,1
HAW,2018,4387,18,6,6
OYC,2018,103582,1,10,0
FMS,2018,111,0,1,0
HSN,2018,185,0,27,2
OZP,2018,29946,0,3,1
BSZ,2018,2513,15,5,7
NVZ,2018,5753,0,7,9
HQE,2018,305,13,0,0
KFF,2018,5,0,0,1
BTL,2018,188,0,3,1
MOQ,2018,133,0,0,0
IYE,2018,85,17,17,14
NCF,2018,147,0,0,0
NDC,2018,20,1,3,0
BSR,2018,15,0,0,0
GAB,2018,57,6,0,0
NHX,2018,4,0,3,0
MDP,2018,13,0,0,0
KNH,2018,104,0,0,0
JKR,2018,1,0,0,0
KCO,2018,7,0,0,1
ODE,2018,11,0,0,0
MUZ,2018,73,0,0,0
DQR,2018,16,1,0,1
KTW,2018,24,0,0,0
PQM,2018,3,0,,
HGP,2018,42,0,1,0
LFZ,2018,9,0,0,0
GWG,2018,15,0,4,0
KOZ,2018,1,0,0,0
MWP,2018,1,0,0,0
FFG,2018,9,0,0,0
INN,2018,22,0,0,0
PUM,2018,18,0,0,0
EMN,2018,2,0,0,0
GAF,2018,2,0,0,
DHR,2018,1,4,0,0
KRR,2018,14,0,0,0
JFP,2018,5,0,0,0
DZC,2018,2,0,0,0
HIL,2018,1,0,0,0
OFT,2018,7,0,9,0
NHK,2018,3,0,0,0
EJI,2018,1,0,0,0
OJK,2018,3,0,0,1
FBW,2018,14,0,0,0
FEH,2018,1,0,0,0
HOY,2018,1,0,0,0
KWF,2018,23,0,0,0
HWW,2018,1,0,,
INQ,2018,2,0,0,0
MCB,2018,3,0,1,0
KJJ,2018,1,0,7,0
MRR,2018,2,1,0,0
HWP,2018,1,0,0,0
EIE,2018,4,0,0,0
GBS,2018,2,0,0,0
DBF,2018,7,2,0,0
MOX,2018,1,0,,
DPT,2018,3,0,0,0
JRS,2018,1,0,,
HTP,2018,1,0,0,0
NJK,2018,14,0,0,0
LWA,2018,1,0,0,
KOD,2018,1159,6,2,11
KRO,2018,605,2,0,0
DQT,2018,11,0,0,0
KNW,2018,982,0,14,5
DRA,2018,625,0,0,0
DTB,2018,14926,0,0,0
FDX,2018,48,1,0,0
FDI,2018,179,0,0,7
BTR,2018,967,0,22,2
GDO,2018,359,0,0,0
KKY,2018,17,0,2,0
KQO,2018,25,4,3,4
CAC,2018,87,4,24,0
NCX,2018,489,0,0,0
ILH,2018,2,0,0,0
HTY,2018,137,13,2,0
LLZ,2018,70,21,12,13
LHC,2018,30,0,0,0
GCX,2018,49,1,0,0
OYS,2018,15,0,0,0
HTR,2018,14,0,0,0
NPU,2018,51,0,0,0
HAO,2018,10,0,0,0
HFG,2018,3,0,0,0
NZA,2018,7,0,0,0
EMJ,2018,68,0,0,0
KYX,2018,16,0,1,0
BYG,2018,39,1,0,0
DIO,2018,12,0,0,0
NTG,2018,93,2,0,0
GDH,2018,3,0,0,0
LRP,2018,8,4,29,2
LFD,2018,35,0,0,0
PHL,2018,21,0,1,0
MMH,2018,12,1,0,0
HKO,2018,9,0,1,0
DSA,2018,15,0,7,0
JIS,2018,7,1,0,1
LHX,2018,10,0,0,0
MON,2018,8,0,0,0
FCN,2018,5,0,0,0
KYJ,2018,11,0,1,0
IXQ,2018,2,0,,
HQR,2018,3,0,0,0
DXX,2018,9,0,0,0
ISD,2018,2,0,0,0
NWB,2018,4,3,0,0
PTI,2018,3,0,0,12
EMA,2018,4,0,0,1
KZF,2018,6,0,0,0
EEA,2018,2,0,0,
DWG,2018,1,0,0,0
GYC,2018,3,0,1,0
IWE,2018,1,0,,
NJT,2018,11,12,2,0
IXW,2018,2,0,,
OJF,2018,1,0,0,4
KMC,2018,1,0,0,
MIU,2018,3,0,0,
HRB,2018,1,0,,
MMP,2018,1,0,0,0
DSW,2018,5,0,0,0
CFQ,2018,1,0,,
OXF,2018,4,0,0,0
JBP,2018,1,0,0,0
HLG,2018,2,0,0,0
OUO,2018,1,0,1,2
GBQ,2018,1,0,0,0
MOZ,2018,1092,0,0,0
PGT,2018,17,0,0,0
OTN,2018,719,0,0,0
DYB,2018,1861,17,12,32
NIK,2018,8155,7,0,5
FFT,2018,950,0,0,0
DXT,2018,125,2,0,1
KMI,2018,27,1,0,1
OTM,2018,109,0,0,0
HBE,2018,777,1,0,0
NPV,2018,124,0,0,0
NRY,2018,406,1,2,4
NGY,2018,25,0,0,2
EYJ,2018,182,0,0,0
LXB,2018,325,1,0,0
FJK,2018,112,0,0,11
OFU,2018,13,0,0,0
FSY,2018,309,4,8,0
MEC,2018,69,5,2,5
DXN,2018,581,1,2,2
OSR,2018,57,3,6,2
JIX,2018,16,3,8,2
FDS,2018,301,0,0,2
EOQ,2018,275,30,3,10
MXM,2018,14,0,0,0
DTX,2018,47,0,0,0
BYI,2018,9,0,0,0
OVE,2018,205,0,2,0
NQO,2018,16,0,0,0
OXK,2018,7,0,0,0
GFC,2018,5,0,0,0
PMT,2018,2,0,0,0
GEF,2018,73,0,0,0
KZA,2018,3,0,0,0
LYQ,2018,1,0,0,
LXM,2018,1,0,0,
MAL,2018,14,0,1,24
KDT,2018,68,0,0,0
OSM,2018,2,0,0,0
MVR,2018,13,0,0,5
PHV,2018,5,0,0,0
KNL,2018,1,0,0,
BZK,2018,1,0,0,
KYE,2018,1,0,,
OLT,2018,7,0,0,0
DXK,2018,4,0,0,0
KDC,2018,71,0,0,0
GIR,2018,3,0,,
JHJ,2018,1,0,0,
GEC,2018,4,0,0,0
DCN,2018,2,0,2,0
FER,2018,4,1,0,0
OWQ,2018,2,0,0,1
LIX,2018,2,2,0,0
HWJ,2018,11,0,0,24
PIO,2018,4,0,0,1
BSN,2018,1,0,0,0
JCY,2018,2,0,,
IMA,2018,2,0,0,9
ISW,2018,3,0,0,0
BZT,2018,1,0,0,0
KWB,2018,6,0,0,0
EML,2018,2,0,0,0
ONF,2018,1,0,0,0
OHQ,2018,1,0,7,
MWL,2018,1,0,0,0
DWJ,2018,1500,7,5,2
LNH,2018,155,89,10,5
GEI,2018,6411,20,26,10
BTI,2018,69,0,0,0
LWQ,2018,429,0,1,1
CEC,2018,194,3,1,0
DYT,2018,5,0,0,0
KNQ,2018,388,0,0,0
FBN,2018,624,0,0,1
BSP,2018,68,0,4,1
KYB,2018,573,0,0,0
DWF,2018,117,20,186,2
MPN,2018,271,0,0,0
PFV,2018,341,0,0,0
OIY,2018,64,0,0,0
MEG,2018,267,0,0,0
DTM,2018,23,0,1,0
JDL,2018,204,0,0,0
OZD,2018,148,0,1,0
FMQ,2018,22,0,1,1
LFM,2018,25,0,0,0
KTI,2018,13,1,0,0
NUJ,2018,14,0,0,0
FAJ,2018,76,0,7,0
PYX,2018,10,0,0,0
JOW,2018,111,0,8,0
LZN,2018,8,0,0,0
LRY,2018,82,0,0,0
FZT,2018,28,0,0,0
OKS,2018,6,0,0,0
DAP,2018,5,0,0,0
DWO,2018,8,7,0,
NAM,2018,4,0,0,0
EPN,2018,1,0,,
CIC,2018,42,1,1,0
HDB,2018,23,0,1,0
KRB,2018,18,3,0,0
ESD,2018,12,1,2,0
PAG,2018,4,0,0,0
PJY,2018,16,0,0,0
KCT,2018,22,0,2,0
LTJ,2018,8,1,0,0
OQL,2018,2,0,0,
KSS,2018,10,0,0,0
CAN,2018,238,1,0,0
PKW,2018,2,0,0,0
GBP,2018,1,0,0,0
CGL,2018,11,0,0,0
OUP,2018,8,0,0,0
BWC,2018,6,0,1,0
BYF,2018,1,0,0,
JFJ,2018,2,0,1,0
FCM,2018,60,0,0,0
PIZ,2018,4,0,0,
NGX,2018,6,0,0,0
MXK,2018,2,0,0,0
OXC,2018,4,0,0,0
MJK,2018,3,0,0,0
CHW,2018,1,0,0,0
FZS,2018,2,0,0,0
OSN,2018,3,0,0,0
OBI,2018,1,0,0,0
EPY,2018,4,0,0,
OWZ,2018,1,0,,
PGM,2018,1,0,0,0
HCZ,2018,3,0,0,0
EWD,2018,4,0,0,0
DAR,2018,1,0,0,
EAX,2018,1,0,0,0
FMW,2018,1,0,0,0
EZL,2018,669,32,4,11
NPT,2018,3841,1,5,9
JEQ,2018,718,0,0,0
LPN,2018,90,0,0,1
OCW,2018,397,0,0,0
HHS,2018,5841,0,0,0
MAF,2018,661,0,1,0
JKA,2018,9202,15,27,4
OEV,2018,6,0,0,1
HNN,2018,414,1,2,0
MFK,2018,613,0,0,0
FSD,2018,2,0,0,0
FPP,2018,149,0,0,0
JDB,2018,39,0,0,0
MJN,2018,103,1,1,2
ODP,2018,51,0,0,1
FTD,2018,15,2,13,0
GWF,2018,58,0,0,0
KGZ,2018,100,5,1,1
MIR,2018,20,0,0,0
EFT,2018,74,0,0,0
MMY,2018,4,0,0,0
FNN,2018,2,0,0,0
MRU,2018,60,0,0,0
KMK,2018,40,0,0,0
EIH,2018,2,0,0,0
FRC,2018,19,2,0,0
PML,2018,34,0,0,0
FMZ,2018,18,3,1,3
HKI,2018,14,1,0,0
FWL,2018,2,0,,
EFN,2018,1,0,,
LHW,2018,1,0,0,0
KRE,2018,6,0,0,0
KNG,2018,8,0,0,0
ECX,2018,1,0,5,0
IPR,2018,4,0,0,0
NQM,2018,7,1,0,2
GGN,2018,4,0,,
OAR,2018,11,0,0,2
LYG,2018,1,0,0,0
LJC,2018,2,0,0,
FPL,2018,2,0,0,0
FQM,2018,13,1,6,1
HJO,2018,10,1,0,1
IZO,2018,2,0,0,0
INW,2018,1,0,0,0
EYC,2018,3,0,0,0
GZO,2018,16,1,0,0
GTZ,2018,8,0,0,1
EBI,2018,2,2,0,0
CIT,2018,1,0,0,0
JWI,2018,1,0,0,0
KYT,2018,1,0,0,1
NHJ,2018,2,0,0,0
HGD,2018,1,0,0,0
FTL,2018,11641,3,0,1
CBI,2018,66,0,1,0
KXK,2018,27,1,0,0
MND,2018,124,0,0,1
LWJ,2018,224,0,0,3
FFL,2018,423,0,0,0
NXC,2018,67,0,0,0
FSA,2018,358,6,6,3
LRC,2018,38,0,0,0
MJO,2018,354,1,0,0
JDP,2018,50,0,0,0
FHW,2018,1661,0,0,1
JCX,2018,169,0,0,1
LDF,2018,84,1,1,0
FNM,2018,112,0,0,0
HRM,2018,29,1,1,1
JAF,2018,1,0,0,0
JJX,2018,35,2,2,2
MTG,2018,12,0,0,0
MTF,2018,30,0,0,0
EFW,2018,102,0,0,1
GXI,2018,143,0,6,7
HWM,2018,58,0,0,0
GBM,2018,82,1,0,0
HWK,2018,14,0,0,0
KHJ,2018,4,0,0,0
OQY,2018,55,0,0,0
LYA,2018,19,0,0,0
OGG,2018,114,0,0,0
HHM,2018,5,0,1,
GDG,2018,11,0,0,0
FFA,2018,33,0,0,0
OYE,2018,22,2,10,0
CJY,2018,21,2,0,0
PWI,2018,4,11,0,0
NPF,2018,24,0,0,
KDQ,2018,45,0,1,2
LJY,2018,1,1,,
LZJ,2018,11,0,0,0
EXH,2018,108,0,0,0
DZA,2018,14,0,0,0
NOC,2018,2,0,0,0
MKF,2018,2,0,0,0
NVM,2018,3,0,0,0
MAQ,2018,2,1,1,0
LKG,2018,7,0,0,0
GWO,2018,41,18,0,0
MKW,2018,3,1,0,0
NXA,2018,1,0,0,0
FMP,2018,1,0,0,1
PJE,2018,27,0,0,0
GWN,2018,1,0,0,0
OOG,2018,2,0,0,0
CAO,2018,2,0,0,0
KMA,2018,1,0,0,0
MBV,2018,5,0,0,0
LSB,2018,1,0,0,0
PJF,2018,3,0,0,0
NJM,2018,2,0,0,0
DTI,2018,1,0,0,2
HFS,2018,1,0,0,0
OGC,2018,1,0,,
FRI,2018,1,0,0,0
FKB,2018,1,0,0,0
MYF,2018,1,0,1,1
LGX,2018,1,1,1,0
GED,2018,1,0,0,0
PEC,2018,1,0,0,0
HQA,2018,2,0,0,0
HCD,2018,6,0,0,
FWZ,2018,120,0,0,0
FNL,2018,1180,5,1,5
LPL,2018,251,1,1,8
NVN,2018,11266,0,0,0
JAK,2018,530,78,63,24
MXC,2018,1753,4,0,0
HGX,2018,286,0,0,0
KOT,2018,94,0,0,0
HSB,2018,3460,212,7,21
FZX,2018,443,1,3,0
NHA,2018,587,4,12,30
MJC,2018,602,2,0,1
PNW,2018,12,0,0,0
HIH,2018,180,0,2,1
DSH,2018,29,0,0,0
JOJ,2018,12,0,0,1
LFJ,2018,31,0,4,0
MBL,2018,112,0,0,6
LYC,2018,14,1,0,0
OQG,2018,39,0,0,0
HES,2018,64,0,0,0
FOS,2018,83,0,0,0
BYW,2018,3,0,,
KIQ,2018,2,0,,
GCP,2018,26,0,0,0
LPZ,2018,22,0,0,0
LEH,2018,17,0,2,0
CDX,2018,14,0,0,0
NLH,2018,21,5,0,0
PFZ,2018,2,0,,
IPG,2018,1,0,0,0
PNF,2018,9,0,0,0
MLN,2018,14,0,0,0
HHE,2018,1,0,0,0
MLM,2018,26,0,0,0
MIX,2018,5,0,0,0
FWB,2018,4,0,0,0
MRC,2018,2,0,0,0
PNZ,2018,2,0,0,0
HXA,2018,1,0,0,0
NON,2018,1,0,0,
ODC,2018,17,0,0,0
OHS,2018,1,3,0,0
HHD,2018,5,0,0,0
EGJ,2018,8,0,0,0
BWN,2018,1,0,0,0
BZC,2018,1,0,0,0
MRH,2018,1,0,0,0
OWI,2018,2,0,0,1
OGJ,2018,4,0,0,1
KHE,2018,1,3,1,1
HCC,2018,1,0,0,0
JLS,2018,1,4,3,0
GCM,2018,1,0,0,0
KOG,2018,133,0,0,0
HWA,2018,1574,0,2,1
NDP,2018,274,5,9,0
KDJ,2018,3320,0,0,1
MHX,2018,2126,19,17,8
FGE,2018,1632,43,13,2
LON,2018,511,9,3,8
MUM,2018,48,0,0,0
FQH,2018,305,0,2,0
DQA,2018,670,32,1,0
NDN,2018,142,0,0,1
GBX,2018,277,11,8,2
FPO,2018,527,4,0,0
GAD,2018,74,3,1,1
KWL,2018,290,1,0,0
NHL,2018,66,0,1,0
LQL,2018,67,1,0,0
DWM,2018,51,0,0,0
NBH,2018,302,1,21,1
OMP,2018,409,1,1,3
MEA,2018,246,0,0,0
DZI,2018,73,0,13,0
LHP,2018,2,0,0,0
JIL,2018,66,0,0,0
HSZ,2018,13,0,0,0
KOB,2018,18,0,4,0
GCA,2018,37,0,0,0
FIP,2018,3,0,0,1
MYP,2018,3,0,,
KGB,2018,5,0,0,6
JGJ,2018,21,0,1,2
GXH,2018,14,0,0,0
CAL,2018,4,0,0,8
PKE,2018,1,0,,
POH,2018,2,0,0,0
MEF,2018,10,0,0,0
CFL,2018,10,1,0,0
CAD,2018,8,0,0,0
KNP,2018,3,0,0,0
KLT,2018,4,0,0,0
KRL,2018,2,0,0,0
DEY,2018,1,0,,
KSB,2018,9,0,0,
HQO,2018,17,0,0,0
KST,2018,7,0,0,0
KLA,2018,1,0,0,0
PAD,2018,3,0,0,0
KRZ,2018,2,0,0,
PFO,2018,2,0,0,0
EKP,2018,1,0,0,0
NXQ,2018,1,0,0,0
KPH,2018,1,0,,
JRO,2018,2,0,0,0
FBQ,2018,1,0,0,25
HND,2018,1,0,0,0
GCY,2018,175,1,0,0
JDI,2018,6633,12,7,78
NXT,2018,573,2,0,0
PCU,2018,88,0,0,6
ONU,2018,495,0,0,0
MAX,2018,598,6,8,22
FAE,2018,124,0,0,0
DEW,2018,1,1,0,0
LNS,2018,57,0,0,0
BYY,2018,12,0,0,0
OCS,2018,1,1,0,
FPK,2018,9,0,0,0
HWR,2018,564,0,0,0
OGL,2018,8,0,,
NWX,2018,447,1,0,0
HSX,2018,158,0,0,4
ITI,2018,270,1,0,1
LQC,2018,83,0,0,0
DTR,2018,71,0,1,0
NKG,2018,126,3,1,2
NNX,2018,146,0,0,0
JDW,2018,93,21,0,0
KYG,2018,10,0,0,0
MQF,2018,27,0,2,19
DRX,2018,42,0,0,5
MMK,2018,62,0,0,0
NIO,2018,446,0,1,0
HTZ,2018,47,0,0,1
NAB,2018,20,2,0,1
OCX,2018,17,0,0,11
HBW,2018,22,0,0,0
PAJ,2018,9,0,0,
ILM,2018,2,0,0,0
MLD,2018,1,0,0,
CIX,2018,2,0,1,0
MDD,2018,10,0,0,0
JDK,2018,1,0,0,0
CDD,2018,15,3,1,0
HOC,2018,11,0,0,0
IDZ,2018,3,0,0,0
JPH,2018,2,0,0,0
NRN,2018,4,0,0,0
BYX,2018,11,1,0,0
ETD,2018,2,0,0,0
LYS,2018,46,0,0,0
JIH,2018,2,0,0,0
BTQ,2018,2,0,0,0
MJT,2018,39,0,0,0
DWX,2018,1,0,0,0
IDT,2018,1,0,,
HNH,2018,1,0,,
FGA,2018,1,0,0,0
NNK,2018,1,0,0,0
MBX,2018,8,0,0,0
ELE,2018,1,0,,
NRC,2018,2,0,0,0
PEA,2018,38,0,0,0
IPF,2018,3,0,0,0
QHO,2018,1,0,0,0
JZF,2018,2,0,0,0
PTK,2018,1,0,0,0
ODX,2018,1,0,0,0
KWZ,2018,276,1,0,0
GES,2018,77,0,0,0
JPA,2018,35,0,3,2
GAA,2018,121,0,10,3
PEX,2018,66,0,0,0
MUJ,2018,24,7,10,30
FKP,2018,5,0,0,0
FEB,2018,86,0,0,1
INI,2018,49,0,0,0
HWB,2018,284,1,0,0
LZP,2018,110,0,1,0
NBE,2018,10,0,0,0
NHG,2018,1,1,0,0
FDT,2018,474,1,0,0
FTM,2018,340,21,4,1
FGY,2018,7,0,0,0
NHB,2018,16,0,1,0
FLG,2018,12,0,0,2
CBL,2018,4,0,0,0
JSP,2018,10,1,0,0
MWH,2018,109,0,0,0
NIN,2018,116,0,0,1
HDY,2018,1,0,0,0
KPS,2018,26,21,16,19
PJO,2018,78,0,0,0
EIG,2018,1,0,0,0
HXZ,2018,25,0,0,1
NQW,2018,5,0,0,0
KYI,2018,4,0,0,0
LEG,2018,24,1,0,0
NRV,2018,2,0,0,0
ITW,2018,12,0,0,0
OSI,2018,13,0,0,0
MUI,2018,2,0,0,1
LXJ,2018,1,0,,
INF,2018,1,0,0,0
GIM,2018,262,0,0,1
MIJ,2018,10,0,0,0
CHI,2018,5,3,2,3
JDY,2018,1,0,0,0
BRY,2018,5,0,0,0
HIN,2018,2,0,0,0
PUI,2018,8,4,1,0
PMU,2018,2,0,0,0
JOQ,2018,3,0,0,0
FWC,2018,5,0,0,0
OKC,2018,6,0,0,0
HXN,2018,1,0,,
HWD,2018,3,0,0,0
CGS,2018,1395,2,2,1
FCY,2018,1,0,0,0
MHE,2018,1,0,0,0
JJG,2018,1,0,0,0
KAS,2018,1,0,,
FHG,2018,1,0,0,0
JQX,2018,1,0,0,0
OBO,2018,1,1,2,0
HHW,2018,3,0,1,0
EJF,2018,3,0,2,1
OFN,2018,1,0,,
GKL,2018,1,1,0,0
OEA,2018,1,0,0,2
CEN,2018,1,0,,
FRN,2018,16062,11,23,43
OJX,2018,3880,0,0,0
DHA,2018,102,2,0,0
FZW,2018,472,0,0,0
DTW,2018,6,0,0,0
FZZ,2018,20,0,0,0
PAO,2018,93,0,0,0
IKY,2018,130,2,0,2
KXA,2018,427,0,0,0
MAV,2018,278,1,0,0
MTA,2018,1735,0,0,0
EFS,2018,13,0,0,0
FYA,2018,98,12,0,40
KGW,2018,13,0,0,0
FLL,2018,51,1,5,0
LMF,2018,105,0,0,0
FED,2018,32,0,0,1
FGX,2018,15,0,0,0
MZF,2018,559,0,0,0
GXR,2018,45,0,0,0
PDU,2018,95,1,1,3
JKS,2018,1,0,,
GAZ,2018,10,0,0,0
JHI,2018,128,1,0,0
MCN,2018,63,0,0,0
GFF,2018,82,0,2,0
PHX,2018,294,2,3,11
MLZ,2018,8,1,0,0
DXG,2018,83,0,1,3
FZE,2018,11,0,0,0
MSX,2018,13,1,0,0
DYJ,2018,12,0,0,0
JCW,2018,3,0,1,1
HIS,2018,11,0,0,0
DWP,2018,29,0,0,0
KIF,2018,12,0,0,0
DPS,2018,19,0,9,13
PAI,2018,3,0,0,0
OWN,2018,11,0,0,0
HNR,2018,39,0,0,0
ELW,2018,13,0,0,0
KOO,2018,1,0,0,0
NBC,2018,7,2,0,1
IQK,2018,17,0,0,0
OEQ,2018,14,3,0,12
FDC,2018,4,0,0,0
HHI,2018,5,0,1,0
GCE,2018,5,0,0,0
HFB,2018,3,0,0,0
EMX,2018,3,0,0,0
JTO,2018,3,1,0,0
MOS,2018,7,0,8,1
EMS,2018,2,0,0,0
OFR,2018,1,0,0,0
OHA,2018,5,1,0,1
OMZ,2018,1,0,0,0
IOE,2018,1,0,,
BSF,2018,1,0,1,0
HHK,2018,1,0,0,0
HLI,2018,1,0,0,0
JAM,2018,1,0,,
FCE,2018,2,0,0,0
QHS,2018,1,0,0,0
OTV,2018,1,0,,
FIN,2018,1,0,,
NDJ,2018,8,0,0,0
LIG,2018,1,0,0,
DSY,2018,196,0,0,0
KWY,2018,1368,1,1,20
HRX,2018,1558,2,16,4
LCP,2018,1825,4,0,3
DSP,2018,3233,6,10,27
MDS,2018,8708,1,2,3
LWS,2018,16966,19,8,8
HRS,2018,2607,32,27,30
BTS,2018,124,0,0,0
MIH,2018,4089,4,2,8
OMD,2018,200,0,0,0
OVD,2018,110,1,2,0
DZE,2018,11788,10,15,1
OUT,2018,415,0,0,2
JKC,2018,1,2,0,0
DWB,2018,254,0,0,0
GFD,2018,375,2,0,3
MNI,2018,131,1,0,0
HSD,2018,640,3,0,1
GAP,2018,339,1,0,1
PHU,2018,19,0,0,1
GET,2018,46,0,0,0
FEW,2018,1,0,0,0
GJT,2018,6,0,0,0
HMX,2018,36,2,6,0
DTQ,2018,654,5,4,7
LMG,2018,80,0,0,0
OEZ,2018,56,1,0,2
HSH,2018,3,0,0,
FFS,2018,18,0,0,0
HBF,2018,135,0,0,1
ISA,2018,2,0,0,1
KNA,2018,63,0,0,0
JGS,2018,157,2,6,4
FLE,2018,84,2,3,0
GKZ,2018,497,5,3,1
LFR,2018,105,3,0,0
LIO,2018,8,0,0,1
EHD,2018,13,0,0,0
LNM,2018,36,0,0,1
LDD,2018,27,0,0,1
DXZ,2018,44,3,0,1
HNQ,2018,15,0,0,0
NQR,2018,45,0,0,0
FOD,2018,4,0,0,0
KOE,2018,23,0,2,0
HXQ,2018,6,0,0,
MQB,2018,20,36,1,7
IKT,2018,24,0,0,0
HBM,2018,2,0,0,0
OKR,2018,4,0,0,0
GXY,2018,10,0,0,0
KXF,2018,9,0,0,0
FDE,2018,7,0,0,3
MCH,2018,91,0,0,0
EJH,2018,1,0,,
BZN,2018,3,0,1,0
JMG,2018,3,0,1,0
KGY,2018,3,0,0,0
NSX,2018,1,0,0,1
PNS,2018,2,0,0,0
BZB,2018,1,0,,
IFP,2018,1,0,0,0
FPY,2018,1,0,0,
IMC,2018,3,0,0,0
EZS,2018,4,0,0,
NVE,2018,1,0,0,0
FKK,2018,1,0,0,0
FEN,2018,2,1,1,0
DOP,2018,1,2,0,4
ODU,2018,1,0,0,0
HXG,2018,7,0,0,0
PZG,2018,1,0,6,0
FON,2018,2,0,0,0
HDL,2018,3,0,0,0
FOK,2018,1,0,0,0
NSL,2018,1,0,0,
LZV,2018,1,0,,
GWE,2018,2,0,0,0
MYA,2018,1,1,0,0
DXE,2018,596,0,3,2
PQF,2018,110922,0,0,2
DWC,2018,537,8,0,1
MHY,2018,4420,1,0,1
MOM,2018,1182,1,0,0
FRO,2018,125,3,1,8
FMF,2018,3897,7,2,16
NJL,2018,1245,0,1,0
IMD,2018,259,3,3,0
MEH,2018,332,3,1,1
HXW,2018,43,0,0,0
JCT,2018,120,5,0,0
NGV,2018,994,1,0,0
CHL,2018,172,4,2,11
CBH,2018,30,0,0,0
NIU,2018,189,0,0,0
IKZ,2018,28,1,0,0
FMT,2018,78,4,6,0
LSL,2018,7,0,0,0
KFZ,2018,56,0,0,0
GBW,2018,10,0,0,0
KNY,2018,16,0,0,0
OVO,2018,8,0,0,0
EEG,2018,5,0,0,0
KSJ,2018,79,0,0,0
HTF,2018,3,0,0,0
HXB,2018,62,0,0,0
LRW,2018,25,1,0,0
DIP,2018,79,1,0,0
EBF,2018,8,0,2,1
DPZ,2018,3,0,0,0
OIP,2018,1,0,2,1
DHB,2018,6,2,1,0
FBO,2018,11,0,0,1
NZG,2018,56,1,0,0
OLP,2018,7,0,0,0
MNL,2018,46,8,3,1
OQI,2018,4,0,0,0
OLW,2018,3,1,0,0
JCF,2018,33,0,0,0
FFD,2018,1,0,0,
KHS,2018,15,0,1,0
KNN,2018,4,0,0,0
MKY,2018,1,0,0,0
LWK,2018,5,1,2,0
EIS,2018,1,0,,
MRJ,2018,1,0,0,0
HTS,2018,1,0,0,0
PLL,2018,2,0,0,0
PYV,2018,1,0,,
FFN,2018,1,0,0,0
MPK,2018,2,0,0,0
GEX,2018,3430,7,19,3
FZP,2018,2650,4,3,1
LIT,2018,2129,2,3,2
MQP,2018,125,0,0,15
GEH,2018,206,5,2,50
KPN,2018,282,0,0,0
HWT,2018,705,0,0,0
HTD,2018,94,1,1,0
DTZ,2018,311,5,6,3
MLR,2018,271,1,0,0
HQF,2018,80,0,0,0
NEP,2018,64,1,0,3
IKX,2018,15,0,0,1
BSB,2018,36,0,0,0
MRG,2018,75,4,0,0
OCL,2018,57,0,5,4
JDR,2018,233,5,0,1
CHP,2018,38,4,2,2
KNX,2018,185,0,2,0
ONG,2018,25,0,0,0
OGZ,2018,4,0,0,0
CAH,2018,33,0,0,0
NEY,2018,100,3,5,0
PJK,2018,8,0,0,0
JIT,2018,8,6,8,4
LNX,2018,10,0,0,0
IXR,2018,17,1,3,0
BYE,2018,11,0,3,0
EKX,2018,49,0,0,0
OXH,2018,3,0,0,0
OVN,2018,4,0,0,0
MNQ,2018,55,1,0,0
HIG,2018,10,0,1,0
NNW,2018,4,0,0,0
NAW,2018,48,0,0,0
DSK,2018,93,0,0,0
KOH,2018,4,0,1,0
GAS,2018,3,0,0,0
LPG,2018,2,0,0,0
NHC,2018,5,1,0,0
FDG,2018,3,0,0,0
FEO,2018,9,0,0,1
LXS,2018,6,0,0,0
OCJ,2018,1,0,0,0
MGQ,2018,2,0,0,0
EKZ,2018,5,0,,
NTC,2018,1,0,0,
MVC,2018,2,0,0,
QAU,2018,55,0,1,2
KIC,2018,7,0,0,0
PUZ,2018,1,0,,
JQW,2018,4,1,1,0
NSR,2018,2,0,0,0
MRB,2018,1,0,,
---,2018,3,0,0,0
LGF,2018,1,0,,
OYB,2018,2,0,0,0
NIF,2018,1,0,,
JPI,2018,1,0,0,0
KCG,2018,2,0,0,0
FRZ,2018,2,0,0,0
HOX,2018,1,0,,
MJG,2018,1,0,0,0
ITS,2018,2,0,,
FTY,2018,2,0,0,0
IDL,2018,1,0,,
KAE,2018,1,0,0,0
LPF,2018,1,0,0,
NOU,2019,37,0,1,3
QBJ,2019,79224,1,1,1
KWZ,2019,528,0,0,0
LZH,2019,738,6,2,1
LFD,2019,40,0,0,1
MFA,2019,65,0,0,0
FQH,2019,326,2,0,0
MSD,2019,638,30,2,18
BZE,2019,133,1,0,0
OVD,2019,167,2,0,1
NIM,2019,179,1,0,2
MQR,2019,42,0,0,0
PEA,2019,30,0,0,0
LIG,2019,1,0,,
MIJ,2019,7,0,0,1
LOM,2019,190,0,0,0
EOQ,2019,649,3,10,20
IKN,2019,6,0,0,0
PAH,2019,295,0,0,0
EQJ,2019,128,0,0,1
GDT,2019,209,0,0,0
CKG,2019,7,0,0,0
OTE,2019,80,0,0,0
IYN,2019,59,10,9,13
CFR,2019,10,0,0,0
BZR,2019,26,0,0,0
JTW,2019,8,0,0,0
BSS,2019,14,0,0,0
HQD,2019,5,0,0,0
BZT,2019,3,0,0,0
MTE,2019,1,0,0,
EEG,2019,3,0,0,0
PHT,2019,1,0,,
FPF,2019,3,0,0,0
MBV,2019,16,0,0,0
CDS,2019,2,0,0,
HRZ,2019,2,0,0,0
IKX,2019,14,0,1,0
LHC,2019,8,0,0,0
OFF,2019,2,2,1,2
NPM,2019,6,3,3,0
FMP,2019,5,0,1,0
NGY,2019,15,0,2,0
MPJ,2019,1,0,,
MMP,2019,4,0,0,0
LDR,2019,1,0,0,
PEK,2019,4,0,0,1
PNW,2019,44,0,0,0
OIV,2019,1,0,0,0
HNY,2019,3,0,0,0
LWL,2019,2,0,0,0
CAL,2019,1,0,8,1
FSH,2019,4,0,0,0
OKP,2019,2,0,0,
MAC,2019,1,0,0,0
JKC,2019,2,0,0,0
HXY,2019,1,0,0,
OLW,2019,6,0,0,0
ERA,2019,1,0,0,0
MRO,2019,1,0,,
KWA,2019,7553,2,1,17
HSB,2019,2490,7,21,12
DTK,2019,6432,6,0,0
GAN,2019,434,0,0,0
KWY,2019,1514,1,20,0
OGE,2019,341,0,0,0
FTL,2019,21476,0,1,1
GEX,2019,2664,19,3,6
MCW,2019,612,0,0,4
HTN,2019,50,1,0,0
HEE,2019,3,0,0,0
PZE,2019,3216,0,0,1
HHS,2019,14970,0,0,0
HQA,2019,21,0,0,0
KNQ,2019,386,0,0,0
EMJ,2019,73,0,0,0
NHA,2019,525,12,30,5
LOF,2019,54,0,1,0
FQO,2019,116,0,3,3
FRO,2019,134,1,8,6
OFT,2019,20,9,0,0
OEV,2019,3,0,1,0
EMD,2019,1,0,,
DRS,2019,84,0,0,9
FLH,2019,6,0,0,0
DZD,2019,2,0,2,0
MTD,2019,76,0,1,0
HWK,2019,12,0,0,0
NAB,2019,23,0,1,0
MQF,2019,16,2,19,0
NTG,2019,128,0,0,0
LFJ,2019,45,4,0,0
DQR,2019,16,0,1,0
ELR,2019,20,0,0,0
LPZ,2019,7,0,0,0
FWP,2019,15,0,0,0
FZM,2019,4,0,0,1
GAZ,2019,23,0,0,0
KGW,2019,11,0,0,0
CDX,2019,7,0,0,0
FGY,2019,8,0,0,
IWJ,2019,5,1,0,1
PIJ,2019,4,0,0,0
EAZ,2019,4,0,0,0
OAF,2019,7,0,0,0
PUI,2019,28,1,0,11
PTE,2019,2,0,0,0
LIO,2019,2,0,1,0
KDL,2019,1,0,0,0
ITW,2019,8,0,0,0
OGR,2019,3,5,3,2
DPZ,2019,2,0,0,0
LWO,2019,5,0,0,0
PZJ,2019,1,0,,
MVU,2019,1,2,3,6
PAJ,2019,2,0,,
KAC,2019,1,0,0,0
DFH,2019,4,0,0,0
LBS,2019,2,0,0,0
OFG,2019,1,0,0,3
MWY,2019,1,0,0,
NHG,2019,1,0,0,0
DEM,2019,1,0,0,
NXA,2019,1,0,0,1
OQH,2019,1,0,0,0
OOI,2019,2,1,1,4
QCT,2019,1,0,0,0
EJJ,2019,1,0,0,0
CCL,2019,1,0,0,0
DSQ,2019,20076,4,8,22
EZW,2019,4722,1,0,1
NVN,2019,16669,0,0,0
NDJ,2019,22,0,0,
MKJ,2019,16633,12,16,6
LWS,2019,16025,8,8,5
CBK,2019,8992,16,5,29
FMG,2019,399,9,5,0
ONB,2019,461,1,4,11
MRU,2019,196,0,0,0
NAY,2019,1138,9,0,3
OGD,2019,2,0,,
GET,2019,15,0,0,0
KRA,2019,415,4,1,0
DRC,2019,92,1,0,3
KGG,2019,7,0,0,0
LRK,2019,56,0,0,0
GAA,2019,152,10,3,10
FHN,2019,370,0,0,0
DHX,2019,12,0,0,0
NSC,2019,88,0,0,0
MNW,2019,9,0,0,0
EMS,2019,5,0,0,0
KDT,2019,51,0,0,0
PNR,2019,8,0,0,0
NEP,2019,132,0,3,2
CGA,2019,115,3,1,0
FTH,2019,2,0,0,0
BZO,2019,33,0,0,0
FMZ,2019,24,1,3,1
LLI,2019,95,0,0,0
LTJ,2019,11,0,0,0
FBO,2019,15,0,1,0
FMS,2019,30,1,0,1
CIG,2019,24,3,4,0
FDG,2019,3,0,0,0
OYW,2019,2,0,,
HTS,2019,1,0,0,0
DIP,2019,25,0,0,1
GAO,2019,14,0,0,0
LWG,2019,1,0,0,0
OOD,2019,17,0,0,0
KWN,2019,3,0,0,
FID,2019,1,0,,
NQP,2019,8,0,0,0
LIH,2019,1,0,0,0
GXY,2019,19,0,0,0
FGX,2019,25,0,0,40
PMH,2019,3,0,0,0
LJC,2019,1,0,,
DXX,2019,9,0,0,0
OKS,2019,8,0,0,0
OFO,2019,2,0,0,0
NWJ,2019,3,0,0,0
ORZ,2019,10,0,0,0
ONF,2019,2,0,0,0
MLO,2019,1,0,0,0
KFF,2019,1,0,1,0
KCJ,2019,3,0,0,0
PQD,2019,1,0,1,0
EIH,2019,1,0,0,6
NRZ,2019,3,0,0,0
FTR,2019,21171,12,0,0
FOZ,2019,4348,4,6,13
GAT,2019,1241,2,0,0
BSZ,2019,1952,5,7,5
NKE,2019,790,0,0,6
EZQ,2019,244,0,0,0
LJT,2019,762,17,2,5
DSY,2019,230,0,0,4
DRM,2019,685,0,0,0
KOC,2019,56,0,0,0
FZW,2019,467,0,0,0
HBA,2019,57,0,0,0
FSM,2019,167,2,0,1
LZD,2019,203,0,0,0
GEA,2019,60,1,1,1
NUC,2019,8,0,0,0
HTO,2019,1950,0,18,0
ELW,2019,24,0,0,0
EFA,2019,59,0,0,0
CFJ,2019,18,0,2,0
HWX,2019,124,1,0,0
HTZ,2019,108,0,1,0
GXR,2019,28,0,0,1
DWD,2019,13,0,0,0
LDD,2019,34,0,1,0
EJR,2019,8,0,0,0
PGN,2019,86,1,1,0
DZL,2019,50,0,0,0
PDQ,2019,9,0,2,0
LWK,2019,31,2,0,0
PCD,2019,16,0,0,0
LRP,2019,6,29,2,0
HDL,2019,3,0,0,0
MRC,2019,1,0,0,1
LDO,2019,1,0,0,
KMY,2019,3,0,0,0
NHX,2019,13,3,0,2
OYE,2019,6,10,0,0
MDP,2019,13,0,0,0
NVM,2019,5,0,0,0
OHT,2019,2,0,0,0
QHR,2019,17,0,0,0
MIC,2019,2,0,0,0
IMC,2019,2,0,0,0
NLM,2019,6,0,0,0
KMK,2019,10,0,0,0
CDZ,2019,3,2,0,0
OAZ,2019,2,0,0,0
GBQ,2019,2,0,0,0
HCI,2019,6,0,0,0
FRI,2019,6,0,0,0
PKC,2019,8,2,0,0
BSN,2019,1,0,0,0
EJF,2019,1,2,1,0
CJE,2019,1,0,0,0
GTZ,2019,1,0,1,0
NSR,2019,1,0,0,
QIT,2019,1,0,0,0
MBL,2019,171,0,6,0
GEI,2019,7006,26,10,14
FSA,2019,393,6,3,11
HTQ,2019,460,0,0,0
CDP,2019,340,2,0,0
DYE,2019,2814,5,0,0
FFA,2019,26,0,0,0
NTE,2019,230,0,0,1
OTM,2019,397,0,0,0
NGT,2019,338,2,1,4
DWQ,2019,29,0,0,0
LXG,2019,27,2,2,0
IYO,2019,533,1,0,13
OCT,2019,20,1,0,0
NGV,2019,989,0,0,0
QCB,2019,1100,0,0,0
MRG,2019,38,0,0,0
OUT,2019,524,0,2,2
OEZ,2019,71,0,2,3
HDB,2019,31,1,0,0
FPB,2019,31,0,0,1
FZO,2019,25,0,0,0
KWJ,2019,2,0,0,0
DPS,2019,27,9,13,5
ETA,2019,9,0,0,0
LRZ,2019,1,0,0,0
FFX,2019,27,0,0,0
JPA,2019,26,3,2,1
MTJ,2019,17,0,0,0
LPO,2019,29,0,0,0
OFB,2019,2,0,0,
KDQ,2019,54,1,2,2
FFS,2019,17,0,0,0
KPE,2019,204,0,0,0
---,2019,13,0,0,0
CFP,2019,9,0,0,0
LPC,2019,19,0,0,0
DXZ,2019,54,0,1,1
IPL,2019,1,0,0,0
ODB,2019,6,0,0,0
FMR,2019,14,0,0,0
PWG,2019,1,0,0,
KHS,2019,34,1,0,0
HTX,2019,24,0,0,0
NOC,2019,1,0,0,0
PTD,2019,30,0,0,0
HNL,2019,2,0,0,0
GDF,2019,13,0,0,1
JRO,2019,8,0,0,0
PPN,2019,7,0,0,0
JXA,2019,5,0,0,0
MKW,2019,4,0,0,0
OPR,2019,21,0,0,0
PNZ,2019,1,0,0,0
FBQ,2019,1,0,25,0
PZI,2019,19,0,0,0
GDI,2019,2,0,0,0
HXA,2019,3,0,0,0
FEI,2019,4,0,0,0
NFO,2019,1,0,0,0
CZW,2019,1,0,0,
LGH,2019,2,0,0,0
OXF,2019,1,0,0,0
LGX,2019,1,1,0,1
IWB,2019,2,1,0,1
NWW,2019,1,0,0,0
LQL,2019,1,0,0,0
NWA,2019,1,0,0,
MPR,2019,3,1,0,0
JSI,2019,2,0,1,0
FDP,2019,2,0,0,0
FDT,2019,1299,0,0,4
MCM,2019,3382,5,4,0
KFM,2019,310,3,9,1
FAD,2019,260,6,3,1
MRA,2019,641,0,0,0
GFF,2019,78,2,0,1
OWN,2019,59,0,0,0
JXI,2019,10,0,1,0
OHR,2019,62,0,0,0
EKS,2019,468,0,0,0
KIC,2019,8,0,0,0
KYW,2019,38,2,0,0
OIY,2019,78,0,0,0
MMK,2019,56,0,0,0
LRW,2019,38,0,0,0
JZO,2019,39,0,1,0
OUG,2019,46,3,3,1
KMW,2019,13,0,0,1
HET,2019,44,0,0,0
LWJ,2019,209,0,3,0
NTW,2019,21,1,0,0
ITJ,2019,114,1,1,1
FAF,2019,5,0,0,0
MLM,2019,7,0,0,0
NAW,2019,59,0,0,2
INI,2019,25,0,0,1
NDW,2019,1,2,0,0
OYF,2019,1,0,0,
OCM,2019,9,0,0,0
GCT,2019,18,0,0,0
JDK,2019,13,0,0,0
MUI,2019,2,0,1,0
LYG,2019,4,0,0,0
PSQ,2019,5,0,0,0
FKO,2019,2,0,0,0
GFE,2019,3,0,0,0
MDI,2019,136,0,0,0
GHC,2019,5,0,0,0
JIT,2019,215,8,4,0
MWL,2019,2,0,0,0
GKN,2019,1,0,0,0
JEB,2019,1,1,0,0
NIV,2019,35,0,0,0
JKR,2019,5,0,0,0
LBK,2019,4,0,0,
BWH,2019,3,0,0,0
JLS,2019,7,3,0,1
JMT,2019,3,0,0,
CBP,2019,1,0,0,
PYT,2019,1,0,0,
JWY,2019,10,0,0,1
LFB,2019,2,0,0,
JQX,2019,1,0,0,0
OAY,2019,1,0,0,0
FHG,2019,1,0,0,
HNJ,2019,1,0,0,
MLD,2019,1,0,,
PBJ,2019,1,0,0,0
NPR,2019,1,0,,
HHF,2019,1,0,0,
LPL,2019,202,1,8,14
GAQ,2019,76,2,0,0
JDL,2019,138,0,0,0
OAD,2019,467,0,0,0
MTG,2019,12,0,0,0
EZL,2019,669,4,11,4
LFL,2019,3135,42,0,4
LWR,2019,1847,0,5,0
MOM,2019,670,0,0,0
KNS,2019,657,1,0,41
EBW,2019,55,0,0,0
OMP,2019,992,1,3,0
QDY,2019,7,0,0,
IZH,2019,39,0,0,0
BZD,2019,187,4,0,1
JDX,2019,34,2,0,0
ETN,2019,312,2,10,4
NHK,2019,5,0,0,0
FDC,2019,14,0,0,0
MUJ,2019,25,10,30,15
FPK,2019,10,0,0,0
KOE,2019,20,2,0,0
PJO,2019,99,0,0,0
JYO,2019,2,0,0,
MED,2019,35,0,0,0
IMG,2019,14,0,0,0
LRY,2019,77,0,0,0
JGQ,2019,5,0,0,0
DQT,2019,21,0,0,0
HNX,2019,6,0,,
PHC,2019,3,1,1,0
OVB,2019,84,0,0,0
DZC,2019,6,0,0,0
FJS,2019,52,0,0,0
FJI,2019,20,0,0,0
LWW,2019,3,0,0,0
MIU,2019,3,0,,
GCP,2019,19,0,0,0
JDO,2019,10,0,1,0
MZC,2019,13,0,0,0
HLG,2019,5,0,0,0
MOD,2019,6,0,0,0
HHW,2019,15,1,0,1
FXP,2019,3,0,0,0
OBP,2019,11,0,2,0
KWD,2019,19,0,0,0
OKR,2019,2,0,0,0
MWJ,2019,4,0,3,0
ION,2019,9,0,0,0
NRP,2019,1,0,0,0
EXM,2019,2,0,0,0
HHT,2019,3,0,0,0
PLA,2019,2,0,0,0
LKG,2019,4,0,0,0
MAD,2019,1,0,0,0
FCX,2019,4,0,0,1
FSE,2019,1,0,,
OHH,2019,2,0,0,0
MJJ,2019,1,0,,
DRI,2019,1,0,,
FKQ,2019,1,0,1,0
LZR,2019,2,0,,
BRT,2019,1,0,0,0
IRS,2019,1,0,0,
MHY,2019,2795,0,1,4
JCX,2019,131,0,1,0
NKM,2019,2270,1,0,0
ITQ,2019,76,1,1,0
JEY,2019,588,0,5,0
ERL,2019,2511,0,6,1
MAX,2019,690,8,22,6
MGZ,2019,19,0,0,0
DQK,2019,217,7,4,8
FAE,2019,217,0,0,0
MZO,2019,134,0,0,0
HQF,2019,66,0,0,1
IZI,2019,28,13,2,1
OCY,2019,102,8,0,0
FLE,2019,91,3,0,1
FEM,2019,22,1,0,0
FCE,2019,3,0,0,0
PEX,2019,107,0,0,0
FET,2019,71,0,0,0
MTN,2019,39,0,,
OQI,2019,6,0,0,0
QAD,2019,6,0,0,0
MKZ,2019,3,0,0,0
DRO,2019,93,0,12,0
PYX,2019,10,0,0,0
INO,2019,37,0,1,1
MCH,2019,77,0,0,0
OFC,2019,4,0,1,0
HTC,2019,23,0,0,0
OJF,2019,1,0,4,5
GBZ,2019,12,0,0,0
FIP,2019,13,0,1,2
JQW,2019,2,1,0,1
PIZ,2019,5,0,,
OKX,2019,3,0,0,0
NZA,2019,2,0,0,0
MFD,2019,1,0,0,
HRQ,2019,14,0,0,0
NEG,2019,12,0,0,0
CHH,2019,5,4,0,2
DTS,2019,3,0,0,0
FSR,2019,2,0,0,0
PZS,2019,1,0,0,0
PID,2019,2,0,0,0
EIY,2019,2,0,0,
ONV,2019,1,0,,
ECX,2019,1,5,0,1
OLL,2019,2,0,0,0
OYC,2019,98123,10,0,0
FZX,2019,533,3,0,0
KHO,2019,426,2,2,0
MAH,2019,613,0,0,0
OZP,2019,54841,3,1,2
DZE,2019,156654,15,1,6
FCG,2019,226,0,2,5
LMH,2019,1251,0,0,0
MDS,2019,2085,2,3,20
ILS,2019,49,0,1,1
MGB,2019,6124,0,0,0
EZC,2019,997,0,0,7
NPJ,2019,90,0,0,0
KDI,2019,1577,10,10,9
HQE,2019,41,0,0,0
KCY,2019,129,5,1,0
DYG,2019,144,2,0,0
PNO,2019,81,3,0,0
EXH,2019,93,0,0,0
MZA,2019,30,0,0,1
GBM,2019,148,0,0,1
LJE,2019,78,1,2,1
DRY,2019,63,0,1,0
MWS,2019,59,0,0,1
GAD,2019,62,1,1,0
IKT,2019,15,0,0,0
EYB,2019,21,0,0,0
GDY,2019,176,1,3,1
HCH,2019,9,0,0,0
PPM,2019,5,0,2,1
JHY,2019,2,0,0,0
IXR,2019,8,3,0,0
MMX,2019,17,0,0,0
HWQ,2019,55,0,0,0
LOJ,2019,14,0,0,0
HWN,2019,37,0,0,0
ODP,2019,134,0,1,0
IQI,2019,19,0,0,0
LRS,2019,11,8,0,0
NHL,2019,74,1,0,0
LEH,2019,13,2,0,0
ISY,2019,22,3,0,0
GYC,2019,1,1,0,0
KCF,2019,2,0,0,0
GHH,2019,19,0,0,0
KSB,2019,11,0,,
MNR,2019,3,0,0,1
MTP,2019,7,0,,
MON,2019,14,0,0,0
FEO,2019,12,0,1,0
JHS,2019,6,0,3,0
KQZ,2019,6,0,0,1
RHA,2019,3,0,,
EMG,2019,1,0,,
PLR,2019,1,0,0,0
LYL,2019,1,0,0,0
OEA,2019,2,0,2,13
KOB,2019,4,4,0,0
FXZ,2019,4,0,0,0
DPT,2019,1,0,0,0
CFN,2019,8,1,2,1
KHJ,2019,2,0,0,0
MRS,2019,1,0,,
PBY,2019,1,0,0,0
DOA,2019,1,0,,
FHX,2019,1,0,,
MIH,2019,3546,2,8,8
NJL,2019,1967,1,0,9
FCM,2019,79,0,0,0
LWQ,2019,345,1,1,0
JOL,2019,442,4,0,0
BTO,2019,87,1,0,0
LZS,2019,1061,0,0,1
FJK,2019,184,0,11,1
HGM,2019,41,5,0,0
GWM,2019,259,1,0,0
HTJ,2019,195,1,0,0
CHL,2019,140,2,11,1
KGN,2019,11,2,0,1
MBB,2019,497,0,0,0
CCQ,2019,4,0,0,0
EMX,2019,12,0,0,0
OSH,2019,11,0,0,0
INQ,2019,3,0,0,0
GXZ,2019,14,0,0,1
JTA,2019,4,0,0,0
MRH,2019,2,0,0,0
MOS,2019,8,8,1,0
EIC,2019,146,0,0,0
FZT,2019,36,0,0,0
PSP,2019,2,0,,
LKN,2019,72,0,0,2
PNG,2019,9,0,0,0
PHU,2019,34,0,1,0
NQO,2019,2,0,0,0
MAE,2019,52,0,0,0
FDE,2019,11,0,3,0
PLO,2019,3,0,1,0
FFH,2019,4,0,0,0
KOO,2019,6,0,0,2
EEA,2019,1,0,,
DWL,2019,1,0,0,0
ISA,2019,6,0,1,0
ILM,2019,6,0,0,
LHQ,2019,2,0,0,0
EFQ,2019,5,0,1,0
KDN,2019,3,0,1,0
NQM,2019,5,0,2,0
MOO,2019,1,0,0,
CFG,2019,5,0,0,
JZF,2019,1,0,0,0
GBW,2019,1,0,0,0
NUH,2019,5,0,0,0
HFX,2019,11,2,0,0
PUH,2019,2,0,,
LYV,2019,1,0,0,0
KNN,2019,2,0,0,0
MOU,2019,1,0,0,
PLL,2019,3,0,0,1
HND,2019,1,0,0,0
EJK,2019,2,0,0,0
JIF,2019,1,0,2,0
KZA,2019,1,0,0,0
FAL,2019,2,0,,
HCG,2019,1757,17,0,0
LNQ,2019,253,0,0,0
HRS,2019,3322,27,30,12
GFA,2019,329,1,0,0
ONU,2019,1047,0,0,0
ITI,2019,261,0,1,4
FEB,2019,61,0,1,1
DXF,2019,24,2,3,0
LMG,2019,116,0,0,0
GBX,2019,195,8,2,2
LON,2019,315,3,8,2
CCW,2019,355,4,11,2
DSK,2019,148,0,0,0
IOQ,2019,4,0,0,0
PTS,2019,59,0,0,0
IRT,2019,200,0,0,0
HQO,2019,73,0,0,0
PRL,2019,97,1,0,1
MWI,2019,169,5,6,1
OLT,2019,2,0,0,0
GZL,2019,13,4,1,9
PJA,2019,65,0,0,0
QCD,2019,268,0,0,0
GCX,2019,65,0,0,1
MNQ,2019,92,0,0,0
KSJ,2019,65,0,0,
JDN,2019,6,0,0,0
CAT,2019,104,0,0,0
LKQ,2019,9,0,1,1
NLF,2019,11,0,0,0
NHJ,2019,1,0,0,0
MLN,2019,11,0,0,0
PJY,2019,9,0,0,0
MOF,2019,12,0,0,0
MDD,2019,9,0,0,0
JWJ,2019,127,0,0,0
KYG,2019,13,0,0,0
FIA,2019,3,0,0,
OTL,2019,4,0,0,0
NPL,2019,22,7,0,0
OOY,2019,36,0,0,0
NTF,2019,1,0,,
MMH,2019,9,0,0,0
KQJ,2019,1,0,0,0
BZC,2019,7,0,0,0
KGS,2019,1,0,0,0
IOL,2019,6,0,0,0
ETD,2019,18,0,0,0
IQK,2019,1,0,0,2
HFG,2019,5,0,0,0
DRJ,2019,4,0,0,0
HQZ,2019,1,0,0,0
JCW,2019,5,1,1,1
NSB,2019,1,0,5,2
OZH,2019,1,0,,
NTN,2019,1,0,0,0
DWH,2019,1,0,0,0
JXO,2019,1,0,,
PLQ,2019,2,0,0,0
JKJ,2019,1,0,,
LLZ,2019,88,12,13,12
JWH,2019,14914,47,26,17
FMF,2019,5825,2,16,1
MPN,2019,426,0,0,1
LXH,2019,5203,23,16,7
EZY,2019,2708,1,0,1
HWC,2019,5382,12,7,5
MCX,2019,781,1,0,1
JDS,2019,489,0,2,0
LGZ,2019,339,2,0,8
FMK,2019,398,0,0,4
GIM,2019,144,0,1,2
LNH,2019,156,10,5,83
MAV,2019,199,0,0,0
PBX,2019,4,0,0,0
DWC,2019,695,0,1,10
DTX,2019,53,0,0,0
JLW,2019,214,3,2,2
EFW,2019,110,0,1,0
MNK,2019,16,0,0,0
KWI,2019,206,2,1,0
ITH,2019,5,0,0,0
HBB,2019,284,0,0,0
GXN,2019,54,0,0,0
LYZ,2019,3,0,0,0
KIH,2019,29,1,0,0
KXA,2019,941,0,0,0
LKF,2019,76,1,0,0
CAP,2019,4,0,0,0
GDZ,2019,9,0,0,0
OIU,2019,1,0,0,0
FCL,2019,66,0,0,0
JAE,2019,1,0,,
KHP,2019,10,0,1,0
NKC,2019,3,1,0,0
HST,2019,32,0,0,0
CHP,2019,36,2,2,1
OWY,2019,10,0,0,0
HAM,2019,11,0,0,0
FOK,2019,2,0,0,0
JAQ,2019,7,1,0,0
NUN,2019,10,0,0,0
GDJ,2019,14,0,0,0
OFU,2019,11,0,0,0
GYB,2019,3,5,0,1
PLV,2019,3,1,0,0
JFY,2019,56,5,5,0
BYF,2019,2,0,,
JIN,2019,51,1,1,6
MVF,2019,4,0,0,0
HME,2019,1,0,0,0
OGJ,2019,2,0,1,1
KGB,2019,1,0,6,0
KZE,2019,1,0,0,0
GZX,2019,4,0,0,0
GKG,2019,4,0,0,0
GIO,2019,1,0,3,0
NDG,2019,1,0,0,0
MUH,2019,1,1,0,0
NYT,2019,1,0,0,
QBP,2019,3,0,0,0
EGD,2019,1,0,0,
OYI,2019,6,0,0,
DXK,2019,1,0,0,0
FEQ,2019,6,0,0,0
HSZ,2019,5,0,0,0
KNG,2019,1,0,0,0
LHD,2019,1,0,0,0
HTT,2019,2,0,0,0
MKF,2019,2,0,0,
BYN,2019,1,0,,
OGK,2019,1,0,0,
FMC,2019,1,0,0,0
OCH,2019,1,0,0,0
FGF,2019,1,0,,
JEI,2019,1,0,,
FDS,2019,1373,0,2,0
HQL,2019,3072,0,2,0
DTZ,2019,483,6,3,1
FCW,2019,118,0,0,0
NIO,2019,414,1,0,0
MND,2019,291,0,1,0
NDP,2019,259,9,0,7
KWF,2019,5,0,0,0
ESW,2019,164,1,0,0
CAH,2019,30,0,0,4
DWS,2019,27,0,3,0
HXB,2019,69,0,0,0
BTM,2019,45,0,0,0
LSZ,2019,88,0,0,0
FJL,2019,53,0,0,1
EXB,2019,33,0,0,0
QDK,2019,26,0,0,0
JGS,2019,105,6,4,4
GWF,2019,94,0,0,0
OBR,2019,29,0,0,0
DTR,2019,35,1,0,0
JAA,2019,48,8,11,5
OOK,2019,48,0,0,1
EML,2019,6,0,0,0
LOK,2019,18,0,0,0
PTK,2019,5,0,0,0
NBE,2019,7,0,0,0
BZA,2019,13,5,0,0
MVR,2019,43,0,5,0
FKK,2019,4,0,0,0
HBT,2019,8,0,0,0
DZN,2019,12,0,0,0
FHO,2019,3,0,0,0
LWF,2019,13,0,0,0
IKD,2019,4,1,0,3
IMI,2019,7,0,0,0
MDA,2019,5,0,0,0
BZN,2019,8,1,0,0
KQT,2019,4,0,0,0
KQM,2019,6,0,0,0
DTN,2019,11,0,0,11
KHR,2019,1,0,,
KYJ,2019,26,1,0,0
LHN,2019,3,1,4,3
EZX,2019,29,0,0,0
POH,2019,33,0,0,0
GAX,2019,4,0,1,0
QAN,2019,24,0,3,4
ORD,2019,5,0,0,0
GCC,2019,6,0,0,0
OSP,2019,2,0,0,0
HNC,2019,1,0,0,0
PMU,2019,2,0,0,1
PHV,2019,5,0,0,0
DEW,2019,9,0,0,0
GAH,2019,3,0,0,1
LGC,2019,4,0,0,0
FCN,2019,1,0,0,0
PXY,2019,1,0,0,
FAS,2019,58,0,0,4
MBI,2019,1301,3,6,0
FBN,2019,100,0,1,0
LCJ,2019,542,4,0,0
LRO,2019,401,6,22,16
NNX,2019,130,0,0,0
MVK,2019,9793,0,0,0
DXY,2019,1779,0,0,0
FMT,2019,1429,6,0,0
KPN,2019,415,0,0,4
DRB,2019,79,0,0,0
GAR,2019,513,0,0,0
GBA,2019,15,0,0,0
PHX,2019,501,3,11,10
MEA,2019,128,0,0,0
MNL,2019,46,3,1,0
DZM,2019,31,0,0,0
DQE,2019,62,0,8,6
GXI,2019,84,6,7,0
HXZ,2019,36,0,1,0
NAA,2019,33,0,0,0
KWH,2019,15,0,0,0
FEG,2019,36,0,0,0
FZZ,2019,18,0,0,0
FPD,2019,19,3,7,0
CAF,2019,180,0,0,1
HRM,2019,23,1,1,0
FPP,2019,33,0,0,0
FCS,2019,4,0,0,0
GDH,2019,4,0,0,0
GWJ,2019,5,1,0,0
MCV,2019,1,0,,
OLM,2019,16,0,0,0
KSS,2019,11,0,0,0
EBI,2019,10,0,0,0
OIR,2019,1,0,0,2
JPH,2019,2,0,0,0
KXE,2019,7,0,0,0
HHM,2019,8,1,,
FEN,2019,6,1,0,0
PAG,2019,17,0,0,0
MQH,2019,4,1,0,
DSR,2019,1,0,0,0
KOX,2019,5,0,0,0
LSW,2019,1,0,,
LJB,2019,3,0,0,1
MXM,2019,2,0,0,
EFS,2019,6,0,0,0
OSV,2019,1,0,0,0
PTI,2019,12,0,12,0
POR,2019,1,0,,
PMX,2019,2,0,0,0
OVO,2019,2,0,0,
LZJ,2019,3,0,0,0
CBQ,2019,5,0,0,0
IFP,2019,1,0,0,0
FWM,2019,15279,3,0,1
OZO,2019,81095,1,1,0
DSP,2019,3525,10,27,9
LOZ,2019,367,0,0,0
MAI,2019,1233,2,40,2
GAL,2019,226,1,0,0
JIL,2019,67,0,0,0
FNM,2019,99,0,0,1
FLF,2019,2,0,0,
JQP,2019,253,6,8,6
MZF,2019,153,0,0,0
KFZ,2019,41,0,0,1
ETB,2019,6,0,2,0
CJY,2019,29,0,0,0
CEW,2019,77,0,1,0
DWM,2019,57,0,0,0
OZT,2019,10,0,0,0
HTE,2019,11,0,0,0
JSJ,2019,10,0,0,0
GXP,2019,9,2,23,1
LMF,2019,149,0,0,0
JAD,2019,9,0,1,1
JHX,2019,7,0,0,0
HWJ,2019,16,0,24,0
MIE,2019,4,0,0,0
IMP,2019,4,0,0,0
BYE,2019,5,3,0,0
DYJ,2019,8,0,0,0
HKY,2019,1,0,,
PEC,2019,7,0,0,0
HTR,2019,13,0,0,0
PFC,2019,4,0,0,
HDW,2019,2,0,0,
DWZ,2019,5,0,0,0
PDZ,2019,1,0,,
CFL,2019,2,0,0,0
LYY,2019,7,0,1,0
FWW,2019,5,0,0,0
NSP,2019,1,0,0,
JEX,2019,1,0,0,0
EKB,2019,1,0,0,0
PWI,2019,6,0,0,0
JXB,2019,19,0,0,1
LTD,2019,2,0,,
GAC,2019,3,0,0,0
KTC,2019,1,0,0,
LIX,2019,1,0,0,0
PBF,2019,1,0,0,0
OLO,2019,1575,8,12,0
FGE,2019,1879,13,2,28
GXD,2019,195,1,0,1
NVY,2019,8246,0,0,1
LZP,2019,156,1,0,0
HWM,2019,54,0,0,0
NCX,2019,419,0,0,28
OOE,2019,310,0,0,1
MUQ,2019,39,0,0,2
GCB,2019,46,0,2,0
JOW,2019,102,8,0,2
EBG,2019,6,0,1,0
DXC,2019,392,3,1,0
OBJ,2019,235,0,2,1
HBL,2019,950,1,1,0
GES,2019,52,0,0,0
GBO,2019,175,1,0,0
MLR,2019,221,0,0,0
DYT,2019,8,0,0,0
LQC,2019,122,0,0,2
KNP,2019,18,0,0,0
MUU,2019,35,0,0,0
LOL,2019,50,2,1,0
KPR,2019,51,6,8,8
KNH,2019,59,0,0,0
BSR,2019,18,0,0,0
JSL,2019,3,0,0,0
DEH,2019,8,0,0,1
MRN,2019,143,0,0,2
HJO,2019,13,0,1,1
OCX,2019,41,0,11,0
CBH,2019,30,0,0,0
CFT,2019,12,0,0,0
LFX,2019,16,0,0,1
INN,2019,29,0,0,2
INK,2019,79,0,1,0
MOI,2019,5,0,0,3
EAP,2019,2,0,0,0
JOQ,2019,4,0,0,0
ITG,2019,4,0,0,0
GAI,2019,1,0,0,0
EKP,2019,1,0,0,0
HQG,2019,1,0,1,0
NEA,2019,9,0,0,0
GEE,2019,2,0,0,0
HES,2019,31,0,0,0
PNC,2019,1,0,0,0
LCX,2019,3,0,0,0
IZO,2019,2,0,0,
LXO,2019,1,0,,
HIB,2019,3,0,0,0
CHI,2019,2,2,3,0
EWE,2019,2,0,,
PJS,2019,2,0,0,0
OZE,2019,1,1,0,1
LYA,2019,5,0,0,0
NJQ,2019,1,0,,
PRI,2019,4,0,0,1
BRY,2019,6,0,0,0
KSG,2019,1,1,0,
JSO,2019,9,1,1,3
OTK,2019,1,0,0,0
NAJ,2019,4,0,0,0
LFM,2019,2,0,0,0
KAH,2019,1,0,,
QEX,2019,6,0,0,0
LZG,2019,28751,11,3,2
LWP,2019,9548,0,0,7
LGW,2019,29677,6,2,3
KRG,2019,1159,0,0,0
DYB,2019,2432,12,32,15
LRC,2019,17,0,0,0
DQY,2019,2886,197,4,13
GJS,2019,2374,0,2,1
OXO,2019,1289,1,0,1
MTA,2019,1226,0,0,0
NEW,2019,1109,7,0,0
MBH,2019,1380,5,3,1
HIF,2019,128,3,1,1
KRD,2019,1176,6,0,0
NIU,2019,289,0,0,1
FFL,2019,351,0,0,0
FOS,2019,62,0,0,1
OWT,2019,61,0,0,0
DWE,2019,82,1,0,0
KNW,2019,4164,14,5,10
LRN,2019,83,1,0,0
BTT,2019,875,4,0,1
IYE,2019,86,17,14,10
FPO,2019,662,0,0,3
MBF,2019,47,2,1,0
KOG,2019,25,0,0,0
JSM,2019,81,0,4,3
FZY,2019,75,0,0,0
LZA,2019,20,4,1,0
EZN,2019,56,0,0,0
DTD,2019,34,0,0,0
OEQ,2019,22,0,12,1
KPA,2019,26,2,2,2
EHD,2019,16,0,0,0
HBO,2019,12,0,0,1
OMD,2019,152,0,0,0
JDB,2019,30,0,0,0
PFJ,2019,26,0,0,0
LTO,2019,6,0,0,0
HIG,2019,66,1,0,1
BSP,2019,86,4,1,0
IOD,2019,1,0,0,0
KST,2019,5,0,0,0
OFR,2019,3,0,0,0
KRR,2019,12,0,0,0
DRK,2019,2,0,0,
LHP,2019,1,0,0,
PEN,2019,5,1,4,5
MPK,2019,11,0,0,0
KME,2019,7,0,0,0
OWQ,2019,9,0,1,1
PQO,2019,4,0,0,0
OBI,2019,2,0,0,0
FLS,2019,1,0,,
BYD,2019,15,0,1,1
OLC,2019,2,0,,
BTK,2019,1,0,0,0
NPP,2019,1,0,0,0
EJY,2019,1,0,0,
ORY,2019,2,0,0,0
HBG,2019,3,1,0,0
BWA,2019,1,0,0,0
FOH,2019,2,0,0,0
NXE,2019,1,0,,
EWD,2019,2,0,0,0
BZG,2019,1,0,0,0
MKB,2019,1,0,0,0
JBD,2019,2,0,,
DSS,2019,8,0,4,0
PKP,2019,2,0,0,0
NEK,2019,35,0,0,0
NKB,2019,1897,4,33,1
DWJ,2019,2290,5,2,1
NFA,2019,40,0,0,0
LEI,2019,278,0,0,0
GEH,2019,454,2,50,0
EZD,2019,464,0,3,0
GFD,2019,469,0,3,0
LSR,2019,15,0,0,2
OTP,2019,365,0,0,0
CAW,2019,119,2,1,0
MUD,2019,107,0,0,0
CAC,2019,64,24,0,0
DXO,2019,153,0,0,8
HXK,2019,11,1,1,0
MGQ,2019,2,0,0,0
FRL,2019,13,0,0,1
GZJ,2019,7,0,0,0
DDR,2019,6,1,0,0
PML,2019,35,0,0,0
CAN,2019,20,0,0,3
LKM,2019,2,1,0,0
NHC,2019,2,0,0,0
JQT,2019,5,0,0,0
BXB,2019,2,1,0,0
JMG,2019,1,1,0,0
HSO,2019,3,0,0,
KPI,2019,2,0,0,0
CJW,2019,3,1,0,0
IZZ,2019,1,0,0,0
FER,2019,15,0,0,0
HCY,2019,1,0,0,0
GGP,2019,1,0,0,0
JJQ,2019,1,0,0,1
NHV,2019,1,0,0,0
KOL,2019,3,0,0,0
IMA,2019,3,0,9,
GBS,2019,1,0,0,0
FWB,2019,4,0,0,0
OMZ,2019,4,0,0,0
JSS,2019,3,0,0,1
OTJ,2019,1,0,0,0
QCI,2019,1,0,0,0
INP,2019,1,0,0,0
MXK,2019,2,0,0,0
JBF,2019,1,0,0,0
JAF,2019,2,0,0,0
FPA,2019,11142,30,149,41
HEB,2019,2984,0,0,0
PNJ,2019,830,2,0,0
LOD,2019,2303,0,1,18
BTI,2019,114,0,0,0
DTQ,2019,854,4,7,1
MLV,2019,401,0,0,9
NRY,2019,645,2,4,1
GKZ,2019,903,3,1,21
HIH,2019,215,2,1,0
KGX,2019,482,1,0,0
HBC,2019,1696,0,0,0
NIP,2019,712,1,0,0
LPB,2019,1110,0,0,0
MJC,2019,1270,0,1,8
CAK,2019,332,0,0,0
LTI,2019,324,1,0,0
HNR,2019,82,0,0,0
GCA,2019,38,0,0,0
JDC,2019,189,2,0,0
MNH,2019,398,0,0,0
LDF,2019,128,1,0,0
CGX,2019,25,0,1,0
BZQ,2019,13,0,0,0
GCD,2019,6,0,0,0
NYV,2019,2,0,0,0
LKD,2019,3,5,2,0
ILJ,2019,22,0,0,0
OLP,2019,19,0,0,0
CEK,2019,3,0,2,2
DRG,2019,70,0,1,1
BSK,2019,2,0,0,0
KYZ,2019,69,0,0,0
MAL,2019,28,1,24,1
PSV,2019,23,0,0,0
ONG,2019,15,0,0,0
IZD,2019,3,0,2,0
LXS,2019,4,0,0,0
MIA,2019,9,0,0,0
DXJ,2019,29,0,0,0
KKY,2019,20,2,0,0
NTM,2019,1,0,0,0
HHD,2019,5,0,0,0
KPS,2019,105,16,19,11
OCZ,2019,15,0,0,2
INX,2019,14,0,0,0
KHY,2019,1,0,0,
OHV,2019,15,0,0,0
HOE,2019,1,0,,
BWN,2019,6,0,0,1
KDP,2019,3,0,0,0
FHA,2019,3,0,0,0
OUP,2019,16,0,0,0
EBA,2019,2,0,0,4
ISP,2019,1,0,,
LCO,2019,4,2,0,0
FZS,2019,3,0,0,0
CGZ,2019,3,2,0,0
DHB,2019,4,1,0,3
GKJ,2019,1,0,,
PBH,2019,1,0,,
HDC,2019,3,0,0,6
NOY,2019,3,0,,
LHW,2019,1,0,0,0
NJT,2019,1,2,0,2
MLS,2019,1,0,1,5
PPD,2019,2,0,0,0
OIE,2019,1,0,0,
JXE,2019,1,0,0,0
KLI,2019,1,0,2,
NKK,2019,1,0,0,
GFC,2019,1,0,0,0
JFC,2019,1,0,,
KYB,2019,701,0,0,0
EGS,2019,219,0,0,0
MRM,2019,345,0,0,21
NVZ,2019,8105,7,9,3
GCJ,2019,2562,7,2,3
NRA,2019,516,0,0,0
JDQ,2019,158,5,0,0
JJX,2019,82,2,2,3
NBH,2019,353,21,1,0
OGO,2019,349,0,0,0
NXT,2019,460,0,0,1
PNB,2019,46,0,0,0
KOT,2019,54,0,0,0
PDU,2019,83,1,3,0
NCF,2019,71,0,0,0
KWT,2019,417,3,0,0
NPV,2019,141,0,0,0
PFN,2019,58,0,0,0
IKZ,2019,27,0,0,2
ODG,2019,96,0,4,0
OWI,2019,13,0,1,0
INM,2019,13,1,0,4
JDW,2019,552,0,0,0
NFK,2019,5,0,2,0
JEA,2019,63,1,0,1
QHT,2019,14,0,0,0
FAJ,2019,101,7,0,0
ISW,2019,5,0,0,1
FRG,2019,10,0,14,0
ILO,2019,29,1,0,1
NUJ,2019,20,0,0,0
ODC,2019,40,0,0,0
JFT,2019,6,0,0,0
FYA,2019,37,0,40,11
KXF,2019,10,0,0,0
OJH,2019,78,0,3,4
JSG,2019,25,14,0,1
NLW,2019,1,0,0,
ILY,2019,7,1,0,0
EIF,2019,2,0,,
NAE,2019,7,0,1,0
OPE,2019,1,0,,
KYI,2019,14,0,0,0
NWB,2019,3,0,0,0
NVE,2019,4,0,0,0
EGJ,2019,2,0,0,0
PUB,2019,1,0,0,0
OJG,2019,3,0,2,1
KBN,2019,3,0,0,0
PQC,2019,4,0,0,0
MZP,2019,4,0,0,4
CDT,2019,2,1,0,0
JIR,2019,1,0,0,0
HDY,2019,1,0,0,0
PCC,2019,2,0,0,0
FKR,2019,3,0,0,0
PLF,2019,2,0,0,0
ORR,2019,1,0,0,
FZH,2019,1,0,0,
MRV,2019,2,0,0,0
GDG,2019,6,0,0,0
ISD,2019,1,0,0,0
CEO,2019,2,0,0,0
JXM,2019,3,0,0,0
MCZ,2019,2,0,0,0
KRK,2019,2,0,0,0
CBF,2019,3,0,0,0
MZM,2019,5,0,0,0
CGN,2019,1,3,0,0
ILZ,2019,2,0,0,0
PAD,2019,2,0,0,0
KHX,2019,1,0,,
NOX,2019,1,0,0,1
POL,2019,1,0,1,0
DTE,2019,990,1,0,0
FMI,2019,4861,33,7,12
OAB,2019,6,0,1,0
HWR,2019,678,0,0,0
HWT,2019,741,0,0,0
MEB,2019,967,1,0,0
KWL,2019,414,0,0,0
GAW,2019,1791,0,0,0
JKA,2019,6453,27,4,7
MSS,2019,271,0,1,0
PBI,2019,244,0,0,0
PMP,2019,2520,0,0,0
HGX,2019,168,0,0,0
LPN,2019,60,0,1,0
JOZ,2019,9,1,0,0
HXC,2019,153,1,0,0
OQY,2019,90,0,0,0
BYG,2019,29,0,0,0
OQG,2019,104,0,0,0
NAC,2019,67,0,0,0
OZD,2019,295,1,0,1
NEU,2019,56,0,0,0
MIX,2019,1,0,0,0
FXX,2019,23,2,0,0
HBW,2019,20,0,0,0
QAU,2019,216,1,2,0
MNI,2019,187,0,0,0
LQY,2019,163,0,0,0
PAB,2019,1,0,0,1
INB,2019,2,0,0,0
FIE,2019,21,0,0,0
JTC,2019,102,2,0,0
KGE,2019,15,0,0,0
NFJ,2019,2,1,0,1
LQM,2019,12,0,0,1
FFG,2019,10,0,0,0
KGO,2019,49,0,8,0
MQM,2019,6,0,0,0
NZG,2019,5,0,0,0
KRE,2019,3,0,0,0
HNQ,2019,9,0,0,0
PGT,2019,13,0,0,0
LBH,2019,9,1,0,0
MIR,2019,29,0,0,0
FCR,2019,1,0,,
JID,2019,13,0,0,0
NVI,2019,1,0,,
LYU,2019,1,0,0,6
HFS,2019,3,0,0,
HCC,2019,4,0,0,1
CGJ,2019,1,0,0,1
FNN,2019,1,0,0,0
OKJ,2019,1,0,,
LIP,2019,9,0,1,3
IDO,2019,8,0,0,0
JEC,2019,3,1,1,0
IMJ,2019,1,0,,
JFP,2019,6,0,0,0
KOA,2019,2,1,2,0
FSS,2019,13,0,0,0
NDQ,2019,1,0,0,0
GFO,2019,1,0,1,0
OXQ,2019,1,19,3,8
HJK,2019,3,0,0,1
HTP,2019,1,0,0,0
OGH,2019,1,2,0,0
KOY,2019,3,9,0,0
JIS,2019,1,0,1,1
KOZ,2019,1,0,0,
HQB,2019,1,0,0,0
EXF,2019,1,0,0,0
DSI,2019,3403,9,3,1
FKX,2019,5941,1,1,3
POE,2019,730,0,0,0
HWB,2019,320,0,0,0
FST,2019,29,0,0,0
DXN,2019,95,2,2,3
MPB,2019,119,0,0,0
DQA,2019,546,1,0,0
FDI,2019,132,0,7,3
KNX,2019,234,2,0,0
HSX,2019,176,0,4,0
HNO,2019,815,0,0,0
EXS,2019,18,0,0,0
MSX,2019,15,0,0,2
KLE,2019,20,0,0,0
JCF,2019,16,0,0,0
MRZ,2019,36,5,0,0
KDC,2019,15,0,0,2
KGZ,2019,66,1,1,0
KLT,2019,6,0,0,0
LFR,2019,108,0,0,2
FNJ,2019,7,0,0,0
FWZ,2019,96,0,0,0
FED,2019,30,0,1,1
EMA,2019,12,0,1,0
JDJ,2019,34,0,0,0
PGQ,2019,30,0,0,0
OFP,2019,7,0,1,4
FYD,2019,11,0,0,0
CCX,2019,14,0,0,3
PTJ,2019,2,0,0,0
JTQ,2019,2,9,0,0
FLD,2019,5,0,0,0
OAR,2019,14,0,2,0
KWM,2019,1,0,0,
LWE,2019,5,0,0,0
GFG,2019,20,0,0,0
JDY,2019,2,0,0,0
PIE,2019,6,0,0,0
HBI,2019,5,0,0,0
MJH,2019,1,0,1,0
LNX,2019,7,0,0,0
KID,2019,1,0,,
NQQ,2019,6,0,0,0
MNO,2019,2,0,0,
QEM,2019,1,0,,
OES,2019,13,15,2,0
FLG,2019,7,0,2,0
FEZ,2019,1,0,1,0
FKP,2019,1,0,0,
KHE,2019,1,1,1,0
FGD,2019,1,0,0,0
NAF,2019,24,0,,
PGD,2019,1,0,0,0
OEM,2019,1,0,0,
NCZ,2019,1,0,,
KAL,2019,1,0,0,0
HWD,2019,1,0,0,0
LXE,2019,1,0,,
ITY,2019,1,0,0,
OTD,2019,141,0,0,0
JDI,2019,7357,7,78,1
KWP,2019,509,3,3,0
MJP,2019,382,0,1,2
HAB,2019,675,0,0,0
JDG,2019,333,0,0,4
NPT,2019,4335,5,9,3
PKL,2019,693,1,0,0
JXG,2019,1287,3,8,4
LGD,2019,59,0,0,1
NKG,2019,213,1,2,0
MMI,2019,519,2,2,3
HDA,2019,20,3,0,0
JAK,2019,210,63,24,42
ING,2019,4,0,0,0
OSR,2019,39,6,2,2
BTQ,2019,75,0,0,0
OGG,2019,109,0,0,0
DOF,2019,63,0,0,3
NGX,2019,4,0,0,1
FGB,2019,199,0,0,0
IZL,2019,40,4,1,2
IOR,2019,52,0,0,1
DRE,2019,144,0,2,2
OCL,2019,48,5,4,1
IME,2019,11,1,0,1
PEW,2019,44,0,0,0
OHA,2019,10,0,1,0
LEG,2019,12,0,0,0
CEC,2019,167,1,0,0
EBF,2019,11,2,1,0
CDD,2019,14,1,0,1
PFO,2019,25,0,0,0
MIB,2019,3,0,0,0
DZI,2019,50,13,0,0
HBM,2019,10,0,0,0
NNK,2019,2,0,0,0
GDX,2019,6,0,0,0
DSA,2019,10,7,0,0
PQK,2019,51,1,0,0
CAG,2019,3,0,0,0
KWB,2019,5,0,0,0
PDI,2019,2,0,0,0
JOX,2019,1,0,0,0
DZP,2019,1,0,0,0
NMJ,2019,11,0,0,0
OHG,2019,1,5,0,0
QCA,2019,9,0,0,0
PXI,2019,1,0,14,0
NRU,2019,3,0,0,0
EWO,2019,6,0,0,0
FIQ,2019,1,0,0,0
PRH,2019,1,0,0,0
CAO,2019,2,0,0,
BXK,2019,1,0,0,
GCE,2019,1,0,0,0
OJX,2019,3882,0,0,0
FZP,2019,2875,3,1,2
IMD,2019,628,3,0,4
HRY,2019,364,0,3,9
BTR,2019,1370,22,2,6
HBE,2019,835,0,0,1
DRA,2019,696,0,0,2
KNT,2019,1816,2,2,3
MOZ,2019,553,0,0,0
KNC,2019,60,0,0,1
MXD,2019,70,0,0,2
KPO,2019,78,3,32,4
MUE,2019,55,3,2,0
PAO,2019,17,0,0,0
DTW,2019,15,0,0,0
LYS,2019,54,0,0,0
FGO,2019,25,0,0,0
KRB,2019,25,0,0,0
FTY,2019,11,0,0,0
DIO,2019,22,0,0,0
ODE,2019,10,0,0,0
LKB,2019,37,0,0,0
HXW,2019,23,0,0,2
HGP,2019,26,1,0,0
GWO,2019,14,0,0,0
HSN,2019,275,27,2,3
BTG,2019,8,0,0,0
KYX,2019,17,1,0,0
IPF,2019,9,0,0,0
PEP,2019,26,0,0,0
PZT,2019,1,0,0,0
FTC,2019,14,0,0,0
PBN,2019,1,0,0,0
ITM,2019,1,0,,
LBI,2019,6,1,0,0
PJD,2019,1,0,0,0
FWC,2019,1,0,0,0
IOY,2019,6,0,0,0
EYC,2019,3,0,0,0
PJE,2019,12,0,0,0
LZC,2019,8,0,0,1
HHI,2019,6,1,0,0
DAP,2019,9,0,0,1
OGW,2019,2,0,0,
MXJ,2019,1,0,0,0
BXY,2019,2,0,0,0
EMF,2019,5,0,1,0
PSY,2019,1,0,0,1
KGY,2019,6,0,0,0
HHE,2019,21,0,0,0
KCP,2019,1,0,,
OHY,2019,1,0,0,0
HQP,2019,2,0,0,0
DPW,2019,3,0,0,0
HGY,2019,1,0,0,0
OLV,2019,1,0,0,0
FTN,2019,3,0,2,0
KYN,2019,2,0,0,0
OVG,2019,2,0,0,0
FFO,2019,4,0,0,0
FOD,2019,1,0,0,0
NAM,2019,2,0,0,0
KZL,2019,2,0,0,0
KMJ,2019,2,0,0,1
JMM,2019,1,0,0,0
FKB,2019,2,0,0,
NDY,2019,1,0,0,2
IWP,2019,1,0,0,
PSZ,2019,1,2,1,0
MNT,2019,9280,5,34,7
LKK,2019,5593,12,2,1
MXC,2019,1564,0,0,0
JJE,2019,3897,45,26,9
FRN,2019,15639,23,43,15
GKR,2019,9,0,0,0
PQF,2019,43781,0,2,0
HWA,2019,1543,2,1,0
FHQ,2019,80,0,2,0
DRF,2019,665,0,2,0
HTW,2019,1209,62,2,6
DQX,2019,1669,4,1,0
MJN,2019,137,1,2,1
OTN,2019,2441,0,0,0
LCP,2019,114,0,3,0
HQC,2019,2280,1,0,0
DRT,2019,445,0,0,1
KTT,2019,789,4,2,2
KGC,2019,89,0,0,0
EYQ,2019,28,0,0,0
NZK,2019,21,0,0,0
JQC,2019,7,3,0,0
DXG,2019,81,1,3,0
FWF,2019,40,0,0,0
MCN,2019,55,0,0,0
FRC,2019,30,0,0,0
HEW,2019,29,2,0,1
MBX,2019,32,0,0,0
FBW,2019,4,0,0,0
KQO,2019,64,3,4,1
GDC,2019,62,2,0,1
JDH,2019,354,0,0,0
LXT,2019,40,0,0,0
BTC,2019,4,0,0,0
FGA,2019,1,0,0,0
CBT,2019,19,0,0,0
OSI,2019,21,0,0,0
KZF,2019,27,0,0,0
HDD,2019,14,1,1,0
FSO,2019,12,0,0,2
BYX,2019,16,0,0,0
PRC,2019,10,0,0,0
IPS,2019,8,0,0,0
JAY,2019,26,0,0,0
HWP,2019,5,0,0,0
BSJ,2019,11,0,0,0
MHE,2019,11,0,0,0
PJP,2019,6,0,0,0
HGD,2019,4,0,0,0
FSZ,2019,2,0,0,0
LZN,2019,10,0,0,0
KXJ,2019,4,5,0,3
LQE,2019,11,0,0,0
EWL,2019,7,0,0,0
FDA,2019,68,0,0,0
FRZ,2019,2,0,0,1
FEW,2019,4,0,0,0
FXR,2019,4,0,0,0
LRG,2019,2,10,1,0
FQP,2019,1,0,0,0
HXL,2019,2,0,0,1
BWC,2019,1,1,0,0
QHM,2019,4,0,0,0
FFN,2019,1,0,0,
BYZ,2019,1,0,0,0
LQW,2019,1,0,0,
HRX,2019,1663,16,4,4
FZE,2019,23,0,0,0
GAP,2019,331,0,1,0
LHI,2019,1628,1,0,0
FFT,2019,616,0,0,2
MHX,2019,1454,17,8,3
HXD,2019,125,0,0,0
MUZ,2019,82,0,0,0
CAZ,2019,470,11,39,0
JDR,2019,233,0,1,0
FSY,2019,441,8,0,0
DXE,2019,587,3,2,4
GXQ,2019,63,0,0,2
JHI,2019,567,0,0,0
MEH,2019,327,1,1,15
OUR,2019,174,0,0,0
DZA,2019,14,0,0,0
EIA,2019,68,0,0,0
MUM,2019,35,0,0,0
ISN,2019,7,0,0,0
GKP,2019,38,0,0,0
DXT,2019,120,0,1,2
HCA,2019,2,0,1,
EIL,2019,1,0,0,0
DWF,2019,177,186,2,28
IKY,2019,45,0,2,4
FMQ,2019,57,1,1,1
PNF,2019,16,0,0,0
CGL,2019,25,0,0,0
JGJ,2019,31,1,2,1
MPO,2019,8,0,0,3
NLH,2019,36,0,0,0
MAY,2019,11,0,0,0
GWG,2019,10,4,0,0
LJH,2019,16,0,0,0
FTA,2019,20,0,0,0
KIJ,2019,1,0,0,0
LRJ,2019,12,0,0,1
HOC,2019,4,0,0,0
OLI,2019,3,0,0,0
KIF,2019,6,0,0,0
JTO,2019,4,0,0,2
KEW,2019,1,0,0,0
NZW,2019,19,0,0,0
PHM,2019,4,0,0,0
PIM,2019,6,0,0,
JPK,2019,1,0,1,3
ETT,2019,1,0,,
MVG,2019,3,0,0,0
KCG,2019,1,0,0,0
NQB,2019,2,0,3,0
PWJ,2019,1,0,0,0
KHH,2019,1,0,0,
KNK,2019,1,1,0,0
JJY,2019,1,14,9,0
LEJ,2019,1,0,0,0
PGX,2019,2,1,0,
NEC,2019,1,0,0,0
IZF,2019,1,0,0,
MJO,2019,374,0,0,1
DTB,2019,16570,0,0,0
LOX,2019,2082,4,17,0
JEQ,2019,383,0,0,0
KWS,2019,1715,2,11,2
HSD,2019,819,0,1,0
MTF,2019,21,0,0,0
MAF,2019,554,1,0,0
DTL,2019,76,1,20,2
BSB,2019,147,0,0,0
HFB,2019,6,0,0,0
FTM,2019,414,4,1,1
NAD,2019,586,0,0,2
LNR,2019,160,0,0,2
DHA,2019,152,0,0,0
OTO,2019,344,0,0,0
MQP,2019,116,0,15,0
PJQ,2019,161,0,0,1
PZP,2019,70,1,0,1
PND,2019,59,2,3,0
HAO,2019,19,0,0,0
IDP,2019,6,1,0,0
JES,2019,52,0,0,0
LHX,2019,26,0,0,0
FNG,2019,4,0,0,0
GWQ,2019,16,2,1,0
IKK,2019,2,0,1,0
FTT,2019,1,0,0,
HIS,2019,15,0,0,0
NDC,2019,18,3,0,0
EOB,2019,50,0,1,0
HDT,2019,3,0,0,0
EJL,2019,17,2,6,0
FFK,2019,10,0,3,1
CEM,2019,25,2,14,4
PIH,2019,1,0,,
JJH,2019,10,5,1,1
GTY,2019,6,0,0,0
CAX,2019,6,0,0,0
HGC,2019,1,0,,
KTW,2019,11,0,0,0
FHM,2019,3,0,0,0
KTZ,2019,2,0,0,0
PYQ,2019,1,0,,
GBB,2019,3,0,0,0
FMW,2019,4,0,0,0
OII,2019,1,0,0,1
HOZ,2019,1,0,0,0
MBP,2019,3,1,0,0
KMN,2019,2,0,0,0
LZK,2019,2,0,0,0
KJJ,2019,1,7,0,0
ILQ,2019,2,0,0,2
PKW,2019,1,0,0,
DZJ,2019,4,0,0,0
PMA,2019,1,0,0,0
CIT,2019,2,0,0,0
ETW,2019,5,0,0,0
FNP,2019,1,0,0,0
MMO,2019,7,0,0,0
PON,2019,1,0,0,0
MJV,2019,1,0,0,
HEL,2019,6,0,0,
KTG,2019,1,0,0,
QEW,2019,33,0,0,0
OWO,2019,1,0,0,0
QDS,2019,1,0,0,2
FAM,2019,2,0,0,0
HNN,2019,291,2,0,1
HXX,2019,2002,2,0,2
GAM,2019,3523,29,44,0
BTS,2019,121,0,0,0
KDJ,2019,2419,0,1,4
FHW,2019,3957,0,1,1
NEZ,2019,54,2,1,0
FNL,2019,1110,1,5,6
LYJ,2019,2412,2,3,1
HNF,2019,19,0,0,0
ORG,2019,11,0,0,0
NJE,2019,271,0,0,0
GZB,2019,637,0,0,0
NBF,2019,7,0,0,0
BTL,2019,340,3,1,1
KRO,2019,755,0,0,5
BSO,2019,779,5,13,1
EFT,2019,53,0,0,0
MAJ,2019,3,0,0,0
LNM,2019,8,0,1,1
MDB,2019,147,0,0,0
FQL,2019,3,0,0,0
EFB,2019,117,0,0,0
LQR,2019,41,0,0,0
HCF,2019,37,0,1,0
BSY,2019,120,2,3,3
IZQ,2019,9,0,0,0
LZY,2019,59,0,0,0
DTC,2019,139,0,0,0
KSE,2019,3,0,0,
JRC,2019,3,0,,
ESD,2019,9,2,0,0
HXG,2019,15,0,0,0
PIF,2019,28,1,0,0
PKT,2019,13,0,0,0
NWV,2019,56,0,4,0
KSR,2019,9,0,0,0
NQR,2019,37,0,0,0
BTY,2019,3,0,0,0
LFY,2019,2,1,1,0
OHM,2019,10,0,1,0
NSI,2019,3,0,0,0
GAK,2019,24,0,0,0
IXY,2019,8,0,0,
HQY,2019,2,0,0,0
KKO,2019,2,0,0,
DTG,2019,2,0,0,0
OHO,2019,1,0,0,0
DWP,2019,5,0,0,0
HYA,2019,2,0,0,
DBF,2019,1,0,0,0
PLP,2019,2,0,0,0
JAC,2019,4,0,0,0
ODD,2019,5,0,0,0
KDH,2019,3,0,0,
EKH,2019,1,0,0,0
ILH,2019,3,0,0,0
EIE,2019,2,0,0,0
OMW,2019,1,0,0,0
NWU,2019,1,0,0,0
GWN,2019,5,0,0,0
QHQ,2019,10,0,0,0
ORQ,2019,4,0,0,0
PEZ,2019,11,0,1,3
MSW,2019,2,1,2,1
DJZ,2019,1,0,0,0
MOV,2019,1,0,0,0
EIG,2019,3,0,0,0
KYS,2019,1,0,0,0
JYH,2019,1,0,,
HEC,2019,1,0,,
LCD,2019,1,0,1,0
PMT,2019,1,0,0,0
LPH,2019,7085,12,22,21
NDN,2019,224,0,1,73
NIQ,2019,7187,0,1,0
EXE,2019,16450,1,0,0
KWQ,2019,297,0,1,70
LJS,2019,2038,37,10,21
OAE,2019,900,2,1,6
MDM,2019,280,0,0,1
MEG,2019,495,0,0,1
FLL,2019,51,5,0,1
NSA,2019,54,0,0,0
FDF,2019,412,2,3,2
MFK,2019,682,0,0,0
GCI,2019,130,0,4,0
DWB,2019,155,0,0,0
EZP,2019,1,0,0,
HBF,2019,208,0,1,0
KNA,2019,5,0,0,0
MQB,2019,29,1,7,3
GEN,2019,18,0,0,0
DSH,2019,75,0,0,0
MOQ,2019,78,0,0,0
PGW,2019,244,3,0,1
CAI,2019,62,1,0,0
GDO,2019,293,0,0,0
PCU,2019,133,0,6,0
NZU,2019,50,0,0,0
NHB,2019,27,1,0,0
LYC,2019,15,0,0,0
NXB,2019,5,0,0,1
OOG,2019,15,0,0,0
HIN,2019,4,0,0,0
OWL,2019,2,0,1,0
HXI,2019,1,0,0,0
MVN,2019,34,0,0,0
DCN,2019,8,2,0,0
JWI,2019,2,0,0,0
LMB,2019,10,0,0,0
NYU,2019,6,0,0,0
NOA,2019,7,0,0,0
HHL,2019,3,0,0,0
LFZ,2019,10,0,0,0
FMJ,2019,1,0,0,0
NNH,2019,1,0,,
HMX,2019,27,6,0,2
CBL,2019,4,0,0,1
OCG,2019,1,0,0,
HQX,2019,2,0,0,
FTD,2019,79,13,0,0
PCH,2019,4,7,2,1
LOE,2019,10,0,0,0
KWO,2019,2,0,0,
EQH,2019,1,0,0,0
OSN,2019,1,0,0,0
OFX,2019,1,1,2,9
KRL,2019,4,0,0,0
FBM,2019,1,0,0,
OJA,2019,4,0,0,0
JOY,2019,3,0,0,0
ECP,2019,1,0,,
MMZ,2019,4,0,0,0
MJG,2019,2,0,0,1
GZT,2019,5,0,0,0
BYH,2019,1,0,0,
HBN,2019,4,0,0,
NNI,2019,1,0,0,1
KXB,2019,1,0,,
MXB,2019,1,0,,
NQK,2019,1,0,,
NBW,2019,14349,16,1,4
HAW,2019,6024,6,6,4
LXB,2019,468,0,0,0
OVE,2019,169,2,0,2
OWB,2019,1551,57,37,45
HWE,2019,3435,0,0,0
LIT,2019,2386,3,2,3
LZO,2019,3049,6,5,8
CBI,2019,94,1,0,0
GEY,2019,1124,0,0,0
MQN,2019,121,0,0,0
GAG,2019,68,2,0,0
OUB,2019,89,0,0,0
NXC,2019,125,0,0,0
MFE,2019,119,0,0,0
DWA,2019,375,2,0,2
PUM,2019,48,0,0,0
JIX,2019,12,8,2,2
JOS,2019,17,2,0,0
GXH,2019,6,0,0,0
MLZ,2019,6,0,0,0
OYS,2019,16,0,0,0
KWG,2019,6,0,0,0
PHP,2019,3,0,0,0
CGS,2019,4,2,1,0
LTK,2019,15,0,0,0
PBL,2019,6,0,0,0
PEH,2019,7,0,0,
FAQ,2019,3,0,0,0
KCT,2019,15,2,0,1
EJB,2019,1,0,0,
MEF,2019,13,0,0,0
BYJ,2019,24,0,0,0
LXA,2019,13,0,0,0
OAS,2019,1,0,0,0
MZI,2019,2,0,0,0
OVJ,2019,1,0,0,0
MKT,2019,1,0,2,0
NPU,2019,30,0,0,0
GXC,2019,16,0,0,0
LSL,2019,14,0,0,0
DCF,2019,6,1,0,0
GAE,2019,5,0,0,0
NBC,2019,9,0,1,0
FBK,2019,6,1,0,20
NXQ,2019,2,0,0,0
BYI,2019,6,0,0,1
IRQ,2019,6,0,0,0
DSJ,2019,2,0,0,0
HHK,2019,4,0,0,1
GGW,2019,3,0,0,0
DYF,2019,5,0,0,0
BYP,2019,1,0,0,0
MMQ,2019,2,0,0,0
PYI,2019,1,1,0,
NUU,2019,6,0,0,0
LSB,2019,2,0,0,0
NHN,2019,1,7,0,0
JHR,2019,1,0,0,0
LEA,2019,1,0,0,1
GCM,2019,5,0,0,0
PZU,2019,1,0,,
EGN,2019,1,0,0,
PKO,2019,2,0,0,0
OJU,2019,1,3,3,0
NIK,2019,7203,0,5,6
KRH,2019,346,0,0,0
MNS,2019,272,0,0,6
GKT,2019,433,0,0,1
KOD,2019,1164,2,11,1
JOH,2019,1012,0,3,2
JCT,2019,106,0,0,0
GCY,2019,199,0,0,0
NJK,2019,209,0,0,1
KYF,2019,516,1,0,0
KMI,2019,13,0,1,0
GZF,2019,63,0,6,0
LPM,2019,185,0,2,0
HTD,2019,132,1,0,0
OCW,2019,289,0,0,0
FMH,2019,80,3,1,0
MNB,2019,248,0,0,0
OJK,2019,16,0,1,5
LWH,2019,65,0,0,0
ITX,2019,119,4,4,35
GBL,2019,15,1,0,
HCD,2019,10,0,,
CAE,2019,80,1,1,0
HTY,2019,221,2,0,0
EYJ,2019,157,0,0,0
BSF,2019,5,1,0,0
GEF,2019,41,0,0,0
KXK,2019,10,0,0,0
MWH,2019,128,0,0,0
NLQ,2019,44,0,0,1
EKX,2019,56,0,0,0
OKC,2019,5,0,0,
HAE,2019,23,0,0,0
CAD,2019,12,0,0,0
LDE,2019,3,0,0,0
KCD,2019,1,0,,
LPP,2019,2,0,,
FOX,2019,23,0,0,0
BRZ,2019,85,0,0,0
NEI,2019,6,0,0,0
MQV,2019,64,4,36,1
KZH,2019,92,2,0,0
KKX,2019,40,1,0,0
BYY,2019,18,0,0,0
KXG,2019,7,0,1,1
HEX,2019,2,0,0,0
JOJ,2019,8,0,1,1
HJH,2019,2,0,0,
KTI,2019,27,0,0,0
ISH,2019,4,0,0,0
KNF,2019,18,0,0,0
GZI,2019,4,0,0,1
JZG,2019,1,0,1,
HDF,2019,12,1,0,0
MRI,2019,1,0,0,0
OCE,2019,4,0,0,0
ELY,2019,1,0,,
HPP,2019,1,0,0,0
ONW,2019,3,0,0,0
KZJ,2019,1,0,0,0
LBR,2019,2,0,0,0
KAE,2019,1,0,0,0
MCY,2019,1,0,0,0
FEC,2019,2,0,0,0
HRN,2019,1,0,,
LCM,2019,2,0,,
DYN,2019,3,0,0,0
DTI,2019,1,0,2,0
NIG,2019,135,1,1,0
PFV,2019,373,0,0,0
GDW,2019,16437,28,12,3
DQO,2019,384,71,6,5
KSZ,2019,297,0,0,0
NWX,2019,691,0,0,0
ELC,2019,300,1,0,0
EYA,2019,11,0,0,0
FDX,2019,67,0,0,1
FRK,2019,7,0,0,1
JDP,2019,49,0,0,0
MQC,2019,62,0,0,1
GAB,2019,29,0,0,0
CCK,2019,141,8,1,1
MEC,2019,78,2,5,0
HGI,2019,127,5,0,7
NIE,2019,60,2,0,0
NIN,2019,62,0,1,0
OZA,2019,1,0,0,0
NEY,2019,122,5,0,5
KDD,2019,21,3,1,7
IEO,2019,78,0,0,0
DRX,2019,48,0,5,1
KSF,2019,10,0,0,0
JDZ,2019,33,0,0,0
LNS,2019,60,0,0,0
OHD,2019,17,0,0,1
MPV,2019,41,0,0,0
KNY,2019,19,0,0,0
OCC,2019,2,2,6,0
JDD,2019,7,0,0,
PNY,2019,38,0,0,0
IDZ,2019,4,0,0,0
JRE,2019,2,0,,
MMY,2019,2,0,0,1
FXY,2019,4,0,0,0
BTA,2019,14,0,1,1
EZB,2019,65,0,12,0
BWF,2019,16,0,1,0
MRD,2019,14,1,0,0
HXP,2019,4,0,0,0
FQM,2019,10,6,1,0
NQW,2019,8,0,0,0
HTF,2019,5,0,0,0
KMF,2019,6,0,1,0
DXQ,2019,41,2,0,0
PPO,2019,1,0,,
EPT,2019,15,3,1,0
JBP,2019,15,0,0,0
KZD,2019,4,0,0,0
OVN,2019,4,0,0,0
DTM,2019,5,1,0,0
IPR,2019,4,0,0,0
OSM,2019,14,0,0,0
EAJ,2019,10,24,0,0
IPG,2019,3,0,0,0
OKO,2019,2,0,0,0
MQG,2019,2,1,1,1
MQE,2019,5,0,0,0
MMS,2019,1,0,,
EKR,2019,1,0,0,0
PIO,2019,7,0,1,0
HIL,2019,1,0,0,0
MLT,2019,1,3,,
ISR,2019,1,0,,
KTN,2019,2,0,0,0
LRQ,2019,1,2,2,0
OGZ,2019,2,0,0,0
PLK,2019,1,0,0,
KJF,2019,2,0,,
JDR,2020,233,1,0,11
GEI,2020,6455,10,14,56
HWE,2020,3230,0,0,0
LXH,2020,4751,16,7,7
KRH,2020,340,0,0,0
DTC,2020,188,0,0,0
KTI,2020,37,0,0,0
HTY,2020,209,0,0,3
JJG,2020,86,0,0,0
EZX,2020,25,0,0,0
NEU,2020,45,0,0,3
LTI,2020,157,0,0,0
MRN,2020,192,0,2,1
PKC,2020,5,0,0,0
FPF,2020,1,0,0,0
JGJ,2020,34,2,1,2
JSS,2020,8,0,1,1
DTR,2020,33,0,0,0
GAE,2020,4,0,0,0
KLR,2020,2,0,,
KGC,2020,111,0,0,0
FLE,2020,81,0,1,0
HJO,2020,18,1,1,0
NAW,2020,27,0,2,0
CBH,2020,67,0,0,0
NCF,2020,53,0,0,0
KGO,2020,15,8,0,2
NJE,2020,192,0,0,0
PKO,2020,1,0,0,
FYA,2020,31,40,11,2
EMJ,2020,39,0,0,0
HRQ,2020,3,0,0,0
KIC,2020,4,0,0,0
JFY,2020,34,5,0,0
IBJ,2020,2,0,0,
HAD,2020,1,0,0,0
INP,2020,1,0,0,0
HQG,2020,2,1,0,0
BZK,2020,2,0,,
LRP,2020,5,2,0,3
GMB,2020,2,0,0,0
HKW,2020,1,0,,
MXK,2020,2,0,0,0
ENZ,2020,1,0,0,
KHA,2020,2,0,0,0
MJT,2020,2,0,0,
QJZ,2020,17,0,1,0
JPH,2020,4,0,0,
GCL,2020,2,0,0,0
QLA,2020,28,0,,
POV,2020,1,0,,
QOV,2020,1,0,0,0
HFM,2020,1,0,0,0
NPP,2020,1,0,0,0
HDL,2020,1,0,0,
KBG,2020,1,0,,
KTT,2020,938,2,2,1
DXY,2020,538,0,0,3
HCG,2020,1746,0,0,4
KWS,2020,1551,11,2,0
DRF,2020,643,2,0,0
LOF,2020,142,1,0,0
MHY,2020,2651,1,4,2
LZY,2020,79,0,0,1
KFM,2020,435,9,1,0
HAB,2020,1452,0,0,0
KMK,2020,14,0,0,0
LBH,2020,10,0,0,0
CCK,2020,2265,1,1,1
MRG,2020,10,0,0,0
MSD,2020,400,2,18,9
MEA,2020,2291,0,0,1
MBF,2020,24,1,0,8
CGA,2020,67,1,0,2
KYW,2020,23,0,0,8
EZB,2020,63,12,0,0
GDY,2020,115,3,1,1
PID,2020,4,0,0,0
JXB,2020,12,0,1,2
FNP,2020,1,0,0,0
NNI,2020,5,0,1,0
PIO,2020,6,1,0,0
PFO,2020,70,0,0,0
NSC,2020,33,0,0,0
MZM,2020,38,0,0,0
PEA,2020,8,0,0,0
FLH,2020,5,0,0,0
FMH,2020,39,1,0,1
KCW,2020,2,0,,
PAG,2020,4,0,0,0
NLM,2020,1,0,0,0
KDW,2020,3,0,0,0
PIJ,2020,9,0,0,0
NQM,2020,5,2,0,0
NSD,2020,1,0,,
PNZ,2020,2,0,0,0
ORE,2020,4,0,,
LHW,2020,1,0,0,
JSI,2020,5,1,0,2
GDX,2020,8,0,0,0
KLA,2020,1,0,0,0
HAO,2020,7,0,0,0
CIT,2020,1,0,0,0
FBP,2020,5,0,0,0
ELM,2020,1,0,0,
FSZ,2020,3,0,0,0
OZI,2020,7,0,0,0
FBW,2020,1,0,0,0
BYS,2020,1,0,0,0
HMD,2020,1,0,0,
FZD,2020,1,0,0,0
LRO,2020,763,22,16,200
LZH,2020,1445,2,1,0
HQO,2020,44,0,0,0
NDN,2020,212,1,73,1
DWJ,2020,2544,2,1,5
DYB,2020,2456,32,15,3
LOD,2020,1291,1,18,2
PGW,2020,161,0,1,0
HTQ,2020,466,0,0,0
KXA,2020,372,0,0,0
PNJ,2020,1132,0,0,0
DRM,2020,841,0,0,1
KWL,2020,268,0,0,0
BYD,2020,35,1,1,1
EOQ,2020,511,10,20,6
NEZ,2020,31,1,0,0
LPB,2020,1171,0,0,0
NAY,2020,1551,0,3,7
KPN,2020,35,0,4,
FHN,2020,66,0,0,0
LOM,2020,138,0,0,1
FOX,2020,111,0,0,0
MVN,2020,32,0,0,0
ELC,2020,147,0,0,2
NQP,2020,15,0,0,0
NEY,2020,127,0,5,1
PXP,2020,1,0,,
OWN,2020,105,0,0,3
LYS,2020,66,0,0,0
PZS,2020,6,0,0,0
GXI,2020,31,7,0,0
KOE,2020,23,0,0,0
FRG,2020,21,14,0,4
DQT,2020,11,0,0,0
JOS,2020,12,0,0,0
PJY,2020,14,0,0,0
FQP,2020,19,0,0,0
KDN,2020,9,1,0,1
MVG,2020,2,0,0,0
ETW,2020,4,0,0,0
NKC,2020,3,0,0,0
OES,2020,34,2,0,4
LYG,2020,1,0,0,0
HQR,2020,1,0,0,0
KMW,2020,13,0,1,0
HIL,2020,12,0,0,0
CHW,2020,4,0,0,0
NJT,2020,2,0,2,0
IDP,2020,2,0,0,0
PTA,2020,4,0,0,
KOA,2020,1,2,0,0
JFJ,2020,1,1,0,0
LHN,2020,20,4,3,3
MIR,2020,14,0,0,0
MWY,2020,1,0,,
PHC,2020,2,1,0,2
DWP,2020,4,0,0,0
HJT,2020,1,0,0,
NZJ,2020,3,2,0,
QHY,2020,1,0,,
ECX,2020,1,0,1,0
MHC,2020,1,0,0,
OLT,2020,1,0,0,0
DZP,2020,1,0,0,0
DZD,2020,1,2,0,
HMY,2020,13,0,0,0
MZI,2020,2,0,0,0
NTO,2020,1,0,1,0
EKK,2020,1,0,,
GAH,2020,1,0,1,0
DTM,2020,1,0,0,0
NIK,2020,9512,5,6,8
HXX,2020,1642,0,2,0
FJK,2020,188,11,1,0
FFL,2020,374,0,0,1
QBJ,2020,198139,1,1,0
KCY,2020,118,1,0,1
GEX,2020,2126,3,6,3
CAE,2020,30,1,0,4
MGB,2020,5865,0,0,0
HWT,2020,936,0,0,2
MJP,2020,210,1,2,0
MLR,2020,172,0,0,0
GWG,2020,18,0,0,0
QCA,2020,15,0,0,0
LNH,2020,98,5,83,14
JJX,2020,76,2,3,0
EYJ,2020,234,0,0,0
CCW,2020,493,11,2,1
LPZ,2020,16,0,0,0
QDK,2020,18,0,0,0
FCG,2020,240,2,5,1
CGZ,2020,3,0,0,0
LGZ,2020,1213,0,8,0
PSV,2020,149,0,0,0
FTN,2020,2,2,0,9
FCM,2020,86,0,0,7
IME,2020,9,0,1,8
FZT,2020,58,0,0,0
GXP,2020,31,23,1,0
PPN,2020,15,0,0,0
KNY,2020,36,0,0,0
QEX,2020,30,0,0,0
DRJ,2020,7,0,0,0
HBI,2020,6,0,0,0
MMK,2020,62,0,0,0
OCZ,2020,21,0,2,18
FDA,2020,27,0,0,0
JPA,2020,18,2,1,2
KJG,2020,1,0,1,0
IZI,2020,14,2,1,0
JMG,2020,4,0,0,0
HES,2020,15,0,0,0
GBQ,2020,9,0,0,0
MDA,2020,4,0,0,0
NBC,2020,6,1,0,0
FFK,2020,39,3,1,1
FAQ,2020,1,0,0,0
JAY,2020,25,0,0,1
JAF,2020,5,0,0,0
EMX,2020,5,0,0,0
KXT,2020,5,0,0,0
FTC,2020,4,0,0,2
NHB,2020,6,0,0,0
NCD,2020,1,0,0,0
NVM,2020,2,0,0,0
BYG,2020,6,0,0,0
PQO,2020,1,0,0,0
LTO,2020,3,0,0,0
GTY,2020,1,0,0,1
CAG,2020,4,0,0,0
HLJ,2020,1,0,0,0
EXI,2020,1,0,,
JHY,2020,2,0,0,0
NAJ,2020,1,0,0,0
OKE,2020,1,0,0,
KET,2020,1,0,,
HEX,2020,1,0,0,0
FMR,2020,2,0,0,0
JSG,2020,1,0,1,0
CCL,2020,1,0,0,0
MBH,2020,1080,3,1,0
MCM,2020,4379,4,0,0
KRO,2020,748,0,5,0
JEQ,2020,431,0,0,0
LZD,2020,247,0,0,1
LPN,2020,80,1,0,4
NIN,2020,55,1,0,0
NXT,2020,533,0,1,0
NKG,2020,235,2,0,0
NSA,2020,38,0,0,0
OOE,2020,197,0,1,0
HIH,2020,253,1,0,1
FJL,2020,55,0,1,1
FQZ,2020,1,0,1,
OTE,2020,37,0,0,0
OBJ,2020,286,2,1,2
HGM,2020,19,0,0,0
OUG,2020,29,3,1,0
KGW,2020,12,0,0,0
BWN,2020,9,0,1,0
PJA,2020,9,0,0,0
ESD,2020,5,0,0,0
JDO,2020,19,1,0,0
LHQ,2020,1,0,0,0
NWV,2020,105,4,0,0
EFB,2020,91,0,0,0
OFC,2020,1,1,0,0
LNM,2020,7,1,1,0
IMI,2020,5,0,0,0
PQC,2020,2,0,0,0
PQP,2020,1,4,0,2
MUJ,2020,26,30,15,6
FTH,2020,4,0,0,0
JDJ,2020,14,0,0,0
DTI,2020,1,2,0,0
ETD,2020,3,0,0,0
MGR,2020,1,0,,
GXH,2020,4,0,0,0
IQG,2020,4,0,0,0
CAL,2020,2,8,1,0
NRC,2020,2,0,0,0
FHP,2020,1,0,,
PGM,2020,1,0,0,0
JWX,2020,1,0,0,
LOJ,2020,1,0,0,0
PHL,2020,3,1,0,0
JHS,2020,12,3,0,0
NQW,2020,2,0,0,0
MOK,2020,1,0,,
HGD,2020,1,0,0,0
LRZ,2020,1,0,0,
KPY,2020,2,0,0,0
FOD,2020,1,0,0,0
OAM,2020,3,0,0,
NFK,2020,1,2,0,0
FGD,2020,1,0,0,
NKM,2020,2702,0,0,3
OCW,2020,181,0,0,0
NDP,2020,182,0,7,0
OTP,2020,174,0,0,0
HRY,2020,1053,3,9,3
HTE,2020,11,0,0,0
MEH,2020,333,1,15,1
KHO,2020,254,2,0,0
LJE,2020,50,2,1,0
FCL,2020,53,0,0,0
KYZ,2020,88,0,0,1
DRB,2020,88,0,0,0
KPO,2020,242,32,4,6
BSY,2020,148,3,3,3
MAY,2020,14,0,0,0
PWI,2020,4,0,0,0
NOA,2020,2,0,0,0
HXZ,2020,24,1,0,0
FCY,2020,1,0,0,
JJH,2020,12,1,1,1
JIN,2020,37,1,6,1
MXM,2020,1,0,,
OWY,2020,14,0,0,0
FRK,2020,8,0,1,0
PSZ,2020,5,1,0,1
OCX,2020,10,11,0,2
FTA,2020,16,0,0,0
HWK,2020,13,0,0,0
FLD,2020,3,0,0,0
IWJ,2020,5,0,1,0
MRR,2020,1,0,0,0
NEC,2020,5,0,0,0
JTS,2020,106,3,0,0
EKP,2020,5,0,0,0
OVG,2020,2,0,0,
OJG,2020,8,2,1,20
FEA,2020,1,0,0,0
FDP,2020,3,0,0,0
OPJ,2020,9,0,0,0
KWD,2020,4,0,0,10
LKD,2020,6,2,0,2
OGQ,2020,2,0,0,0
PER,2020,37,1,0,0
PMC,2020,8,0,1,0
OMT,2020,1,0,0,0
HJK,2020,2,0,1,
NKL,2020,1,0,,
OXH,2020,2,0,0,
PJF,2020,1,0,0,0
KIT,2020,1,0,,
EYA,2020,8,0,0,0
PMH,2020,1,0,0,
FXM,2020,1,0,,
LYB,2020,5,0,0,
PJS,2020,15,0,0,0
OTJ,2020,1,0,0,
OAZ,2020,2,0,0,0
HQW,2020,2,0,0,
KWP,2020,788,3,0,3
EZY,2020,1726,0,1,0
FTL,2020,18707,1,1,4
KDI,2020,1618,10,9,18
JDS,2020,635,2,0,1
FED,2020,33,1,1,0
MNT,2020,4159,34,7,5
JAK,2020,159,24,42,15
CGX,2020,19,1,0,1
KWZ,2020,280,0,0,2
MDB,2020,37,0,0,0
KNT,2020,1618,2,3,1
DRC,2020,107,0,3,0
NGV,2020,927,0,0,0
GFF,2020,23,0,1,0
ODE,2020,16,0,0,0
LRK,2020,24,0,0,1
MXD,2020,228,0,2,1
GZL,2020,24,1,9,0
MCH,2020,52,0,0,0
BTM,2020,26,0,0,0
CBR,2020,1,0,0,
CDX,2020,5,0,0,0
KOG,2020,41,0,0,0
NAA,2020,22,0,0,0
DRG,2020,82,1,1,0
PGN,2020,333,1,0,1
FGY,2020,6,0,,
FBN,2020,172,1,0,1
JDP,2020,53,0,0,0
HBT,2020,9,0,0,0
LRW,2020,21,0,0,1
LMB,2020,8,0,0,0
DZI,2020,55,0,0,0
OFP,2020,16,1,4,0
JKC,2020,1,0,0,0
MQB,2020,9,7,3,0
EMF,2020,6,1,0,0
INK,2020,89,1,0,0
NAE,2020,11,1,0,0
HMF,2020,3,0,0,0
GAJ,2020,1,0,,
NFO,2020,6,0,0,0
BZN,2020,4,0,0,0
IPS,2020,4,0,0,0
MIJ,2020,3,0,1,0
OYS,2020,6,0,0,1
IQI,2020,9,0,0,0
LDQ,2020,48,0,0,0
MSH,2020,58,0,0,0
LMD,2020,1,2,0,0
HIB,2020,4,0,0,0
GDZ,2020,4,0,0,1
DTN,2020,6,0,11,0
DOF,2020,2,0,3,1
MZY,2020,2,0,0,0
JIF,2020,1,2,0,0
LEG,2020,9,0,0,0
NHC,2020,9,0,0,0
HKI,2020,5,0,0,0
OXF,2020,1,0,0,0
PLQ,2020,4,0,0,0
OII,2020,2,0,1,1
GIE,2020,2,0,0,0
NQR,2020,24,0,0,0
OMX,2020,4,0,0,0
NNW,2020,1,0,0,0
LXI,2020,1,0,0,
HRW,2020,1,0,,
BYI,2020,4,0,1,0
LWL,2020,7,0,0,0
EBF,2020,2,1,0,0
GEE,2020,1,0,0,0
HCY,2020,1,0,0,0
KMJ,2020,1,0,1,0
LKK,2020,5077,2,1,1
EXE,2020,8658,0,0,1
JDC,2020,178,0,0,0
HBC,2020,1291,0,0,9
DTE,2020,1081,0,0,0
GAB,2020,26,0,0,0
JXG,2020,1201,8,4,0
LMH,2020,1144,0,0,0
JCT,2020,120,0,0,2
OGO,2020,197,0,0,0
CFP,2020,6,0,0,0
MPN,2020,224,0,1,1
IOQ,2020,9,0,0,9
GAN,2020,277,0,0,0
ITJ,2020,114,1,1,1
GEA,2020,158,1,1,0
MNL,2020,28,1,0,6
DQE,2020,39,8,6,0
JDB,2020,32,0,0,0
GKZ,2020,340,1,21,5
CJY,2020,33,0,0,1
GAQ,2020,50,0,0,1
KSZ,2020,74,0,0,0
NTE,2020,236,0,1,0
HWQ,2020,171,0,0,0
NLQ,2020,28,0,1,0
FEM,2020,54,0,0,0
JAA,2020,30,11,5,8
FHQ,2020,49,2,0,0
PAM,2020,2,2,0,0
BTQ,2020,13,0,0,0
HXW,2020,16,0,2,0
JQP,2020,52,8,6,3
MAL,2020,24,24,1,1
EJJ,2020,1,0,0,
BTY,2020,3,0,0,0
GWO,2020,25,0,0,0
KPS,2020,22,19,11,8
IZH,2020,7,0,0,0
DBF,2020,1,0,0,0
MWL,2020,1,0,0,0
KNF,2020,19,0,0,0
LFZ,2020,7,0,0,1
PFJ,2020,20,0,0,0
KTN,2020,2,0,0,
OWI,2020,8,1,0,0
OHA,2020,12,1,0,0
CGL,2020,19,0,0,0
PJM,2020,1,0,,
FQM,2020,64,1,0,3
LXA,2020,3,0,0,0
JJY,2020,7,9,0,7
ILM,2020,5,0,,
GXZ,2020,7,0,1,0
OQI,2020,5,0,0,1
ONW,2020,6,0,0,0
PCK,2020,1,0,,
MIX,2020,10,0,0,0
OVN,2020,1,0,0,0
NDJ,2020,7,0,,
PEH,2020,2,0,,
OWO,2020,3,0,0,0
FLG,2020,4,2,0,0
EJK,2020,1,0,0,
QAV,2020,1,0,0,0
MBP,2020,6,0,0,0
KRK,2020,1,0,0,0
JSO,2020,7,1,3,15
OFL,2020,1,0,0,1
NPK,2020,1,0,0,0
DNS,2020,1,0,,
JSP,2020,1,0,0,
OSN,2020,1,0,0,1
EFA,2020,2,0,0,0
MOO,2020,1,0,,
FSX,2020,1,0,,
CJE,2020,1,0,0,0
CBK,2020,11018,5,29,13
OWB,2020,1553,37,45,42
LHI,2020,1163,0,0,3
HRS,2020,2755,30,12,4
NKB,2020,2067,33,1,7
GXY,2020,10,0,0,2
LZS,2020,561,0,1,0
FCW,2020,151,0,0,0
DSH,2020,89,0,0,0
FDI,2020,483,7,3,0
GFA,2020,276,0,0,1
GAA,2020,102,3,10,2
JFT,2020,4,0,0,0
KSJ,2020,7,0,,
FAJ,2020,339,0,0,3
QHT,2020,88,0,0,0
KIH,2020,23,0,0,0
MBL,2020,115,6,0,0
HXB,2020,39,0,0,0
EBZ,2020,2,0,0,1
PRL,2020,182,0,1,0
HFB,2020,11,0,0,0
NOU,2020,67,1,3,1
MZA,2020,27,0,1,1
DQK,2020,213,4,8,7
OSM,2020,59,0,0,0
FZO,2020,17,0,0,0
PXI,2020,4,14,0,1
FBO,2020,20,1,0,5
LDD,2020,19,1,0,1
HAE,2020,25,0,0,0
FEW,2020,3,0,0,
POL,2020,6,1,0,0
EWO,2020,7,0,0,0
DAP,2020,11,0,1,0
CBQ,2020,1,0,0,
HRM,2020,27,1,0,1
FPD,2020,31,7,0,1
MZR,2020,84,0,0,0
EWL,2020,2,0,0,0
JDX,2020,11,0,0,0
LHC,2020,4,0,0,0
LYC,2020,5,0,0,0
PAI,2020,1,0,0,
IQK,2020,2,0,2,0
GAO,2020,3,0,0,0
KXF,2020,64,0,0,0
IKT,2020,3,0,0,1
MRH,2020,6,0,0,0
DRQ,2020,5,0,0,0
JBF,2020,1,0,0,0
HBN,2020,2,0,,
PPM,2020,1,2,1,3
KNG,2020,2,0,0,0
KXC,2020,1,0,,
PRT,2020,1,0,,
FWM,2020,13900,0,1,0
DYE,2020,2455,0,0,0
FMF,2020,5291,16,1,3
KRD,2020,1162,0,0,3
MPB,2020,178,0,0,0
PQF,2020,10463,2,0,2
KWA,2020,4521,1,17,0
CAZ,2020,272,39,0,0
EZQ,2020,381,0,0,4
IYE,2020,74,14,10,5
FRL,2020,26,0,1,0
LWJ,2020,188,3,0,0
INN,2020,43,0,2,1
JGS,2020,88,4,4,0
NPV,2020,112,0,0,1
LSL,2020,3,0,0,0
DZN,2020,15,0,0,0
GZJ,2020,10,0,0,0
FPO,2020,689,0,3,2
LSZ,2020,154,0,0,1
OLP,2020,8,0,0,0
GXQ,2020,114,0,2,0
KQM,2020,19,0,0,0
PUU,2020,5,0,0,0
MPV,2020,54,0,0,0
OVC,2020,1,0,,
NBL,2020,1,0,,
LGC,2020,2,0,0,
FPL,2020,1,0,0,1
MJG,2020,9,0,1,0
EEG,2020,6,0,0,0
PTK,2020,9,0,0,0
FZS,2020,1,0,0,0
GJT,2020,1,0,0,0
PJE,2020,3,0,0,0
OUP,2020,3,0,0,0
CBL,2020,9,0,1,0
MKF,2020,1,0,,
FWC,2020,4,0,0,0
ELR,2020,2,0,0,0
JCC,2020,1,0,0,
BWF,2020,5,1,0,0
CDD,2020,11,0,1,0
LQL,2020,3,0,0,2
CBN,2020,2,0,0,
HRK,2020,1,0,,
MAJ,2020,5,0,0,0
HRR,2020,3,0,0,0
LYV,2020,1,0,0,
PDG,2020,1,0,,
JXK,2020,1,0,,
PXH,2020,1,0,0,0
MAU,2020,3,0,0,0
GAS,2020,1,0,0,0
HRH,2020,1,0,0,0
KDG,2020,1,0,0,0
OQH,2020,1,0,0,
MPR,2020,10,0,0,0
HOY,2020,1,0,0,0
KNN,2020,1,0,0,0
QGT,2020,1,0,0,
FKX,2020,4575,1,3,1
NUN,2020,6,0,0,0
EZC,2020,1027,0,7,0
MOQ,2020,120,0,0,0
MEB,2020,2724,0,0,0
LWR,2020,1430,5,0,0
FMT,2020,1551,0,0,0
HNO,2020,405,0,0,0
CEC,2020,104,0,0,0
HHS,2020,16098,0,0,0
NNX,2020,180,0,0,0
HTW,2020,1240,2,6,0
HTR,2020,7,0,0,0
HWM,2020,57,0,0,0
HXC,2020,140,0,0,0
DHA,2020,114,0,0,2
LPM,2020,105,2,0,0
KSF,2020,1,0,0,0
KPE,2020,146,0,0,3
FXX,2020,58,0,0,0
JTW,2020,12,0,0,2
OCT,2020,14,0,0,1
MBX,2020,18,0,0,0
DYJ,2020,3,0,0,3
NZK,2020,30,0,0,0
DRS,2020,41,0,9,0
IRQ,2020,4,0,0,0
DWL,2020,3,0,0,0
IKZ,2020,28,0,2,0
FEO,2020,127,1,0,1
OGJ,2020,6,1,1,27
EFQ,2020,8,1,0,3
HIN,2020,9,0,0,0
NGX,2020,7,0,1,0
FTT,2020,2,0,,
JWJ,2020,34,0,0,0
HSO,2020,1,0,,
DIC,2020,1,1,1,
MLN,2020,1,0,0,0
FER,2020,18,0,0,0
HFS,2020,1,0,,
KWH,2020,8,0,0,0
ONF,2020,1,0,0,0
HQP,2020,3,0,0,0
QHP,2020,38,0,0,0
ITW,2020,2,0,0,0
KES,2020,1,0,0,0
FEI,2020,2,0,0,0
IPR,2020,5,0,0,0
DTS,2020,2,0,0,0
JRL,2020,1,0,0,
NPM,2020,3,3,0,1
NWU,2020,1,0,0,2
HNW,2020,3,0,0,0
DZE,2020,250035,1,6,1
LOX,2020,1947,17,0,1
NVY,2020,7926,0,1,2
KYB,2020,329,0,0,0
MXC,2020,1087,0,0,0
ITQ,2020,22,1,0,0
BTR,2020,1062,2,6,3
KRA,2020,378,1,0,2
PBI,2020,185,0,0,0
MCW,2020,623,0,4,2
PZE,2020,7178,0,1,0
DXC,2020,402,1,0,1
MWH,2020,82,0,0,0
PEX,2020,89,0,0,
HSB,2020,3273,21,12,1
NIP,2020,799,0,0,1
NCX,2020,414,0,28,0
MSX,2020,25,0,2,1
EZD,2020,560,3,0,0
FNN,2020,1,0,0,0
FDS,2020,600,2,0,1
ODG,2020,444,4,0,0
GXD,2020,138,0,1,0
DYG,2020,104,0,0,0
CHI,2020,31,3,0,0
LNQ,2020,176,0,0,0
DWB,2020,77,0,0,0
CIG,2020,31,4,0,0
BZO,2020,30,0,0,1
DRX,2020,53,5,1,6
PGJ,2020,1,0,0,
BZQ,2020,10,0,0,0
FMZ,2020,8,3,1,0
JDZ,2020,166,0,0,0
KRP,2020,1,0,0,0
HTC,2020,25,0,0,0
CKA,2020,3,0,4,0
KME,2020,5,0,0,0
IKN,2020,1,0,0,0
FRI,2020,3,0,0,0
HHT,2020,3,0,0,0
MQF,2020,19,19,0,0
KOC,2020,20,0,0,0
KMA,2020,1,0,0,0
HMZ,2020,1,0,0,1
MOI,2020,11,0,3,1
KDC,2020,12,0,2,1
KGG,2020,12,0,0,0
IRS,2020,1,0,,
CAN,2020,2,0,3,0
MAQ,2020,1,1,0,0
QGK,2020,2,0,0,0
CEK,2020,2,2,2,1
HNL,2020,1,0,0,0
JIR,2020,2,0,0,0
NQN,2020,1,1,0,
QLG,2020,1063,0,1,0
PJD,2020,3,0,0,0
MMQ,2020,1,0,0,
NHK,2020,1,0,0,0
GLK,2020,1,0,,
HQZ,2020,1,0,0,0
LZF,2020,1,0,,
FGE,2020,2149,2,28,22
FMI,2020,4215,7,12,1
MJC,2020,1431,1,8,0
GAM,2020,3374,44,0,4
MDS,2020,900,3,20,1
PIF,2020,69,0,0,0
JDL,2020,94,0,0,0
LKB,2020,38,0,0,1
OVD,2020,203,0,1,1
CAW,2020,124,1,0,4
DXJ,2020,22,0,0,3
GXN,2020,62,0,0,0
DPS,2020,59,13,5,2
FJI,2020,16,0,0,0
BSO,2020,158,13,1,0
MZF,2020,64,0,0,0
PMU,2020,1,0,1,0
FDC,2020,10,0,0,0
OOG,2020,8,0,0,0
ODX,2020,2,0,0,
BYZ,2020,1,0,0,0
IKY,2020,16,2,4,0
OBP,2020,12,2,0,0
HKO,2020,7,1,0,0
LZJ,2020,1,0,0,0
DWD,2020,2,0,0,0
ONG,2020,3,0,0,0
HQD,2020,2,0,0,0
MRD,2020,10,0,0,0
LJB,2020,11,0,1,
GDJ,2020,7,0,0,0
OHS,2020,2,0,0,0
LGX,2020,2,0,1,0
GHH,2020,15,0,0,0
OVK,2020,2,0,0,0
IOL,2020,1,0,0,7
PDI,2020,1,0,0,0
OFF,2020,1,1,2,8
LCD,2020,1,1,0,
GDI,2020,4,0,0,0
KGS,2020,3,0,0,0
NOX,2020,1,0,1,1
LXS,2020,1,0,0,
NJM,2020,1,0,0,0
KGI,2020,2,0,0,0
LJL,2020,1,0,0,0
KZD,2020,8,0,0,0
GAC,2020,1,0,0,0
EBG,2020,2,1,0,0
MKQ,2020,1,0,0,0
PAW,2020,1,0,0,0
IPG,2020,5,0,0,
JFB,2020,1,0,0,0
PEZ,2020,1,1,3,0
PTX,2020,2,0,0,0
OKV,2020,3,1,0,2
OCC,2020,17,6,0,0
PHV,2020,1,0,0,0
IMC,2020,1,0,0,0
HTN,2020,81,0,0,1
NPT,2020,5766,9,3,0
DXE,2020,543,2,4,3
DWA,2020,145,0,2,2
MRA,2020,370,0,0,0
DWF,2020,142,2,28,0
NKE,2020,798,0,6,0
KNH,2020,46,0,0,0
DRO,2020,19,12,0,0
MJN,2020,157,2,1,0
MEC,2020,79,5,0,4
FQO,2020,96,3,3,2
IMD,2020,240,0,4,0
MNS,2020,64,0,6,6
KOX,2020,13,0,0,0
FFG,2020,92,0,0,0
MNQ,2020,79,0,0,0
DZM,2020,16,0,0,0
LEH,2020,14,0,0,0
MLM,2020,4,0,0,1
MBV,2020,10,0,0,0
FEB,2020,425,1,1,0
JOP,2020,2,0,0,0
OHR,2020,21,0,0,0
PEP,2020,26,0,0,1
JQX,2020,10,0,0,0
DYF,2020,7,0,0,0
ODC,2020,51,0,0,0
KLE,2020,6,0,0,1
KPI,2020,3,0,0,0
JAQ,2020,8,0,0,0
DPW,2020,4,0,0,0
IKD,2020,7,0,3,0
PON,2020,3,0,0,
QHJ,2020,18,0,0,0
DWH,2020,2,0,0,0
CKG,2020,1,0,0,0
FNJ,2020,4,0,0,1
MIE,2020,3,0,0,0
CDQ,2020,3,0,0,0
ELL,2020,1,0,,
GDR,2020,1,0,0,
FMC,2020,1,0,0,0
IQO,2020,1,0,,
HTP,2020,6,0,0,
PTM,2020,1,0,1,0
KIM,2020,2,0,0,
KWJ,2020,1,0,0,0
LZC,2020,1,0,1,0
FTR,2020,24108,0,0,0
MFK,2020,906,0,0,0
LPH,2020,5391,22,21,5
OUT,2020,804,2,2,0
DSI,2020,3031,3,1,1
HBL,2020,602,1,0,1
BTT,2020,1169,0,1,1
FPA,2020,9497,149,41,25
LIT,2020,2420,2,3,0
HWR,2020,735,0,0,0
OVE,2020,161,0,2,0
GCB,2020,70,2,0,0
FRC,2020,16,0,0,6
FSM,2020,148,0,1,2
GDO,2020,219,0,0,0
FWF,2020,22,0,0,0
HTZ,2020,88,1,0,0
IYO,2020,498,0,13,1
CHL,2020,117,11,1,4
HQE,2020,30,0,0,0
PQK,2020,61,0,0,0
GFI,2020,3,0,0,0
FBK,2020,25,0,20,8
PUI,2020,15,0,11,19
LNS,2020,38,0,0,0
PND,2020,93,3,0,1
EKR,2020,1,0,0,0
HBA,2020,31,0,0,1
LPO,2020,18,0,0,0
DXZ,2020,120,1,1,0
MIA,2020,5,0,0,0
EFS,2020,15,0,0,0
ODP,2020,86,1,0,0
IKX,2020,11,1,0,0
KMN,2020,3,0,0,0
GZT,2020,3,0,0,0
GKP,2020,14,0,0,1
HDD,2020,17,1,0,0
NXB,2020,2,0,1,0
POH,2020,28,0,0,0
FPP,2020,31,0,0,0
JQC,2020,3,0,0,0
PYX,2020,10,0,0,0
GET,2020,15,0,0,0
JSL,2020,5,0,0,0
MNW,2020,12,0,0,0
CAD,2020,11,0,0,0
GBS,2020,1,0,0,0
OAB,2020,16,1,0,0
MHE,2020,5,0,0,0
PYI,2020,2,0,,
MQG,2020,3,1,1,0
LBP,2020,1,0,0,0
HTT,2020,2,0,0,0
KOB,2020,1,0,0,0
KIJ,2020,1,0,0,0
HBO,2020,2,0,1,0
OBT,2020,3,0,0,0
LCO,2020,1,0,0,1
JEX,2020,1,0,0,0
KWQ,2020,399,1,70,0
NIQ,2020,6301,1,0,0
PFV,2020,336,0,0,1
LGW,2020,27855,2,3,8
KDT,2020,21,0,0,0
NJL,2020,1864,0,9,0
NAC,2020,137,0,0,0
HRX,2020,1697,4,4,0
FZX,2020,728,0,0,1
PMP,2020,2309,0,0,0
MQE,2020,1,0,0,0
NHL,2020,144,0,0,0
HQF,2020,70,0,1,0
FGX,2020,40,0,40,1
DXN,2020,128,2,3,0
DSS,2020,18,4,0,0
HBQ,2020,1,0,0,
GKL,2020,13,0,0,0
KXJ,2020,2,0,3,0
MHW,2020,3,0,0,0
LDE,2020,1,0,0,0
OOI,2020,134,1,4,7
KMI,2020,17,1,0,0
HGX,2020,161,0,0,0
OWD,2020,3,1,1,5
MFE,2020,124,0,0,0
FZM,2020,13,0,1,0
ETB,2020,4,2,0,0
FEZ,2020,1,1,0,1
IMP,2020,6,0,0,0
OWQ,2020,29,1,1,0
PLL,2020,3,0,1,0
LWO,2020,15,0,0,0
JOZ,2020,2,0,0,1
LRJ,2020,72,0,1,4
FEQ,2020,5,0,0,0
KOI,2020,4,0,0,0
NFG,2020,1,0,,
PRH,2020,1,0,0,
PKB,2020,3,0,0,
PZI,2020,8,0,0,0
JQW,2020,27,0,1,0
NBF,2020,1,0,0,
KRR,2020,6,0,0,3
OWL,2020,4,1,0,0
QKY,2020,184,1,0,
MDD,2020,18,0,0,0
FEH,2020,1,0,0,
IOY,2020,16,0,0,0
PZT,2020,1,0,0,
OKC,2020,1,0,,
NUP,2020,1,0,0,
EJF,2020,4,1,0,0
HGB,2020,12,0,,
DWC,2020,542,1,10,0
ETN,2020,238,10,4,3
FSY,2020,439,0,0,1
MAI,2020,955,40,2,0
GFD,2020,430,3,0,0
QAU,2020,73,2,0,0
CDP,2020,195,0,0,0
JZO,2020,17,1,0,1
JEY,2020,668,5,0,0
PCU,2020,142,6,0,0
MNK,2020,13,0,0,0
OMP,2020,3650,3,0,0
PAH,2020,169,0,0,0
LJT,2020,955,2,5,1
MON,2020,10,0,0,0
LWH,2020,32,0,0,1
FMS,2020,28,0,1,0
DXO,2020,158,0,8,0
KOL,2020,5,0,0,0
PNB,2020,48,0,0,0
KFZ,2020,32,0,1,0
NQQ,2020,4,0,0,0
MUD,2020,49,0,0,2
HPP,2020,2,0,0,0
LBI,2020,6,0,0,0
ODD,2020,11,0,0,0
GDG,2020,8,0,0,0
IKK,2020,1,1,0,0
DHX,2020,14,0,0,0
MGZ,2020,6,0,0,0
PRI,2020,3,0,1,0
FSH,2020,2,0,0,0
FMQ,2020,38,1,1,1
OPR,2020,11,0,0,1
KHP,2020,6,1,0,0
HQB,2020,12,0,0,0
NQB,2020,3,3,0,0
GXR,2020,16,0,1,0
LFM,2020,29,0,0,0
OTL,2020,7,0,0,0
DTW,2020,2,0,0,0
KGB,2020,8,6,0,0
EAZ,2020,3,0,0,0
MGQ,2020,6,0,0,0
DQR,2020,4,1,0,0
OTK,2020,9,0,0,0
ODB,2020,5,0,0,0
MUI,2020,2,1,0,0
FTY,2020,112,0,0,0
QKS,2020,5,0,0,0
KSS,2020,2,0,0,0
IRP,2020,1,0,0,0
PWH,2020,5,0,0,0
NYV,2020,1,0,0,0
HIM,2020,1,0,0,
PFP,2020,1,0,,
LFG,2020,1,0,0,
OAN,2020,1,0,,
HWI,2020,1,0,0,0
LWP,2020,8885,0,7,0
DTB,2020,17625,0,0,0
DWE,2020,44,0,0,0
KRG,2020,1675,0,0,0
QEW,2020,196,0,0,7
FZP,2020,1742,1,2,0
JJE,2020,3909,26,9,4
KNW,2020,5074,5,10,3
KWY,2020,1248,20,0,0
GAT,2020,1220,0,0,4
ITX,2020,116,4,35,6
NBH,2020,339,1,0,0
NAD,2020,4929,0,2,1
CAF,2020,115,0,1,0
QHM,2020,26,0,0,0
MDM,2020,243,0,1,3
OCY,2020,127,0,0,1
HNN,2020,483,0,1,2
LOZ,2020,263,0,0,1
MLZ,2020,54,0,0,0
MRZ,2020,44,0,0,0
HMT,2020,3,0,0,0
NEP,2020,80,3,2,1
BTO,2020,112,0,0,0
QAN,2020,117,3,4,0
DTL,2020,52,20,2,2
EKX,2020,67,0,0,0
QHR,2020,82,0,0,0
CEM,2020,27,14,4,0
FGO,2020,19,0,0,0
KDD,2020,43,1,7,5
HIS,2020,11,0,0,1
DWS,2020,28,3,0,1
PDQ,2020,9,2,0,0
FFH,2020,2,0,0,0
GYC,2020,1,0,0,0
PJP,2020,4,0,0,0
LKM,2020,2,0,0,
OLL,2020,1,0,0,0
MPK,2020,26,0,0,1
HDA,2020,15,0,0,0
PBJ,2020,8,0,0,0
GCP,2020,18,0,0,0
KRB,2020,16,0,0,0
KZF,2020,47,0,0,0
FIP,2020,12,1,2,4
JXA,2020,15,0,0,0
LYR,2020,4,0,0,1
HDC,2020,2,0,6,0
HOC,2020,4,0,0,0
CBF,2020,4,0,0,0
QES,2020,19,1,0,0
OKR,2020,2,0,0,
OAT,2020,38,0,0,0
LOE,2020,5,0,0,0
ISN,2020,4,0,0,0
OKX,2020,1,0,0,
OIO,2020,1,0,0,0
NXQ,2020,1,0,0,
EPT,2020,10,1,0,2
JKR,2020,1,0,0,0
QII,2020,2,0,0,0
HBM,2020,17,0,0,0
LFK,2020,1,0,0,0
PZK,2020,18,0,0,0
OVJ,2020,1,0,0,0
CGI,2020,1,1,0,0
EIY,2020,1,0,,
OSP,2020,1,0,0,0
JDI,2020,3995,78,1,5
MUM,2020,32,0,0,0
DSP,2020,3381,27,9,36
FZW,2020,484,0,0,0
KYF,2020,434,0,0,0
PKL,2020,495,0,0,0
DRA,2020,699,0,2,0
GDC,2020,252,0,1,6
DTD,2020,18,0,0,0
HTJ,2020,350,0,0,0
KZH,2020,153,0,0,0
BRZ,2020,90,0,0,0
JIT,2020,12,4,0,0
FMK,2020,311,0,4,0
KKY,2020,13,0,0,0
FOS,2020,43,0,1,0
CHP,2020,135,2,1,7
PGT,2020,7,0,0,0
INM,2020,9,0,4,0
JIX,2020,22,2,2,0
ETA,2020,1,0,0,0
GQG,2020,1,0,0,0
INI,2020,25,0,1,0
JCW,2020,6,1,1,0
HFX,2020,21,0,0,0
EIA,2020,48,0,0,0
GKR,2020,1,0,0,0
FHA,2020,1,0,0,0
EBC,2020,1,0,0,0
GCM,2020,1,0,0,0
OKS,2020,2,0,0,0
DWQ,2020,5,0,0,0
CGN,2020,4,0,0,0
GCT,2020,114,0,0,0
JID,2020,25,0,0,0
PTU,2020,1,0,,
JHX,2020,3,0,0,0
HWJ,2020,9,24,0,0
FDG,2020,3,0,0,0
LOL,2020,104,1,0,0
LZN,2020,11,0,0,1
PRC,2020,16,0,0,1
MOS,2020,2,1,0,0
OCM,2020,1,0,0,0
HAX,2020,1,0,,
GWJ,2020,3,0,0,0
BSN,2020,1,0,0,0
DKJ,2020,1,0,,
IPM,2020,1,0,,
KWN,2020,2,0,,
HCH,2020,9,0,0,0
QFV,2020,1,0,0,0
QLC,2020,4,0,0,0
JLS,2020,4,0,1,1
ESZ,2020,1,0,,
KZA,2020,1,0,0,0
PCI,2020,1,0,0,0
OFR,2020,1,0,0,2
NEA,2020,3,0,0,0
HWC,2020,4763,7,5,13
NRY,2020,700,4,1,0
KNS,2020,895,0,41,0
OZP,2020,73712,1,2,5
DTZ,2020,441,3,1,10
OAD,2020,382,0,0,1
NIE,2020,51,0,0,1
LXG,2020,15,2,0,0
HFN,2020,2,0,0,0
DEW,2020,19,0,0,1
NPJ,2020,64,0,0,0
EBW,2020,71,0,0,0
NPU,2020,218,0,0,0
JHI,2020,114,0,0,2
BSP,2020,76,1,0,0
NQO,2020,203,0,0,1
CCX,2020,13,0,3,0
IOR,2020,41,0,1,0
FIQ,2020,1,0,0,
PIM,2020,2,0,,
HTX,2020,29,0,0,0
IEO,2020,78,0,0,0
OGE,2020,76,0,0,2
KKO,2020,1,0,,
GAZ,2020,25,0,0,0
IZZ,2020,2,0,0,1
OLM,2020,6,0,0,0
LFX,2020,21,0,1,0
KIF,2020,3,0,0,0
NFA,2020,20,0,0,0
KDQ,2020,109,2,2,2
JCF,2020,8,0,0,0
MIC,2020,1,0,0,0
MMX,2020,14,0,0,0
OJK,2020,13,1,5,13
KOO,2020,1,0,2,1
QHS,2020,15,0,0,0
OEV,2020,14,1,0,0
JIS,2020,1,1,1,1
OOY,2020,2,0,0,0
OEA,2020,6,2,13,0
CEO,2020,2,0,0,0
PEK,2020,2,0,1,0
KXE,2020,5,0,0,0
NSU,2020,3,1,1,1
DXH,2020,5,0,0,0
HBS,2020,1,0,0,0
HLI,2020,1,0,0,0
FCO,2020,1,0,0,
EIG,2020,1,0,0,0
CAX,2020,1,0,0,0
GAF,2020,1,0,,
MFR,2020,5,0,0,0
KWF,2020,2,0,0,0
NDM,2020,89,0,0,
MRC,2020,3,0,1,0
LPL,2020,117,8,14,1
DTQ,2020,624,7,1,1
JWH,2020,12525,26,17,23
KGZ,2020,92,1,0,0
BTI,2020,110,0,0,0
FTM,2020,450,1,1,0
DXQ,2020,5,0,0,1
MTA,2020,1440,0,0,0
EXS,2020,13,0,0,1
MEG,2020,351,0,1,2
MUU,2020,35,0,0,0
MSS,2020,361,1,0,0
FZK,2020,1,0,0,
NGT,2020,319,1,4,3
GWF,2020,65,0,0,2
KNQ,2020,361,0,0,0
OJH,2020,38,3,4,34
KWT,2020,214,0,0,0
MTD,2020,84,1,0,1
NWX,2020,713,0,0,0
HTD,2020,127,0,0,2
LQC,2020,162,0,2,0
LIP,2020,46,1,3,3
NRA,2020,189,0,0,0
PUM,2020,72,0,0,0
GCX,2020,64,0,1,0
NXC,2020,175,0,0,0
JES,2020,32,0,0,0
PEW,2020,65,0,0,1
MAE,2020,109,0,0,0
JDW,2020,399,0,0,0
NUU,2020,1,0,0,0
FNG,2020,5,0,0,1
NLH,2020,28,0,0,0
GAD,2020,85,1,0,1
EXH,2020,88,0,0,0
HST,2020,37,0,0,0
FPK,2020,4,0,0,0
JSJ,2020,6,0,0,0
KNK,2020,2,0,0,0
EMN,2020,1,0,0,0
HHD,2020,2,0,0,0
NPL,2020,8,0,0,0
PSQ,2020,10,0,0,0
IMG,2020,10,0,0,0
BZC,2020,3,0,0,0
GFC,2020,4,0,0,0
ION,2020,6,0,0,0
NVE,2020,2,0,0,
GCD,2020,3,0,0,0
NSI,2020,1,0,0,
FCN,2020,6,0,0,1
PLF,2020,3,0,0,0
CFJ,2020,10,2,0,0
PWD,2020,2,0,0,
HCI,2020,2,0,0,0
PGD,2020,1,0,0,0
CIX,2020,1,1,0,0
PMB,2020,1,0,,
KTF,2020,2,0,,
FTQ,2020,1,0,,
MPQ,2020,1,0,0,0
OHG,2020,2,0,0,1
MAH,2020,684,0,0,0
LXB,2020,540,0,0,0
JKA,2020,3762,4,7,4
LKN,2020,135,0,2,0
OTN,2020,992,0,0,0
FAE,2020,158,0,0,0
GAK,2020,22,0,0,0
HSD,2020,658,1,0,0
HTO,2020,1530,18,0,1
PHU,2020,21,1,0,0
FJS,2020,94,0,0,0
HBB,2020,258,0,0,0
KNC,2020,43,0,1,0
CBI,2020,87,0,0,1
IZL,2020,45,1,2,2
OCL,2020,36,4,1,1
NEK,2020,31,0,0,0
FZZ,2020,12,0,0,0
DTX,2020,63,0,0,0
KSR,2020,21,0,0,0
BYY,2020,23,0,0,0
LFJ,2020,43,0,0,0
IZQ,2020,13,0,0,0
KNP,2020,6,0,0,0
BZA,2020,21,0,0,0
GXC,2020,27,0,0,0
ISH,2020,5,0,0,1
DZJ,2020,15,0,0,1
BYX,2020,32,0,0,0
DWM,2020,64,0,0,1
FWZ,2020,461,0,0,0
INX,2020,2,0,0,0
HEW,2020,35,0,1,0
PKT,2020,5,0,0,0
KXK,2020,15,0,0,0
HQA,2020,9,0,0,0
NTG,2020,545,0,0,0
DZA,2020,9,0,0,0
MZP,2020,1,0,4,1
CCN,2020,29,0,0,0
PLO,2020,2,1,0,0
ITG,2020,3,0,0,0
NNK,2020,1,0,0,0
GFE,2020,1,0,0,0
MOD,2020,1,0,0,
PAD,2020,2,0,0,0
KCO,2020,2,0,1,0
PYG,2020,1,0,,
QGP,2020,21,0,0,0
OHY,2020,2,0,0,1
PEC,2020,1,0,0,
PQA,2020,2,0,0,0
PLC,2020,1,0,0,
KSE,2020,2,0,,
OXC,2020,4,0,0,0
ONT,2020,1,0,,
HGY,2020,2,0,0,0
HXI,2020,5,0,0,0
QHZ,2020,1,0,0,0
PBN,2020,3,0,0,0
PWZ,2020,2,0,,
NVN,2020,16344,0,0,0
FHW,2020,3530,1,1,0
LWS,2020,16696,8,5,7
NBW,2020,10560,1,4,1
LFL,2020,2908,0,4,0
JCX,2020,89,1,0,0
LFR,2020,130,0,2,0
GKT,2020,560,0,1,0
LYJ,2020,1672,3,1,0
KDJ,2020,2838,1,4,17
NIO,2020,406,0,0,0
EFT,2020,67,0,0,2
MJO,2020,345,0,1,1
NYU,2020,4,0,0,0
FZY,2020,79,0,0,0
FNM,2020,58,0,1,0
KNX,2020,213,0,0,0
DQO,2020,311,6,5,3
PCD,2020,9,0,0,0
ILS,2020,31,1,1,0
OYF,2020,1,0,,
GCA,2020,20,0,0,0
HWX,2020,85,0,0,0
FSA,2020,277,3,11,3
PNO,2020,120,0,0,0
HIG,2020,31,0,1,0
OMD,2020,81,0,0,0
OBR,2020,14,0,0,0
LKG,2020,3,0,0,0
NZU,2020,153,0,0,0
ONB,2020,440,4,11,4
JDQ,2020,123,0,0,0
QFG,2020,29937,0,0,1
PTD,2020,18,0,0,0
EJL,2020,7,6,0,0
HNQ,2020,5,0,0,1
NRU,2020,10,0,0,0
HHE,2020,219,0,0,0
BTA,2020,10,1,1,0
OFT,2020,14,0,0,2
KYX,2020,29,0,0,8
KQT,2020,16,0,0,0
MDP,2020,8,0,0,0
OEQ,2020,63,12,1,7
ILY,2020,4,0,0,4
PCC,2020,1,0,0,0
MCY,2020,9,0,0,3
GAG,2020,47,0,0,1
OLI,2020,2,0,0,0
HXG,2020,8,0,0,0
GBW,2020,3,0,0,0
ORZ,2020,4,0,0,1
NDQ,2020,4,0,0,
QJR,2020,1631,5,18,11
QKR,2020,62,1,0,0
ORD,2020,2,0,0,
FMP,2020,3,1,0,0
GYK,2020,1,0,0,0
QKP,2020,1370,1,25,18
GIO,2020,1,3,0,0
EKH,2020,1,0,0,
IZD,2020,1,2,0,0
JDN,2020,6,0,0,0
KJJ,2020,1,0,0,0
ONZ,2020,1,0,,
NUV,2020,1,0,,
MKW,2020,2,0,0,0
FPX,2020,9,0,0,
INB,2020,1,0,0,0
GDB,2020,1,0,,
KSG,2020,1,0,,
KEW,2020,14,0,0,0
PLS,2020,1,0,0,1
MBI,2020,1452,6,0,1
ERL,2020,2346,6,1,0
MOM,2020,691,0,0,0
DTK,2020,5356,0,0,2
KWI,2020,118,1,0,3
GAW,2020,1484,0,0,2
FST,2020,33,0,0,0
HHW,2020,398,0,1,1
HFG,2020,6,0,0,0
BZE,2020,123,0,0,0
FLL,2020,53,0,1,0
EYQ,2020,4,0,0,0
EGS,2020,190,0,0,0
FNL,2020,1079,5,6,5
NIG,2020,93,1,0,0
LRN,2020,68,0,0,0
PNR,2020,3,0,0,0
FKK,2020,4,0,0,0
GDF,2020,14,0,1,0
CCQ,2020,1,0,0,0
GBA,2020,13,0,0,0
KHS,2020,31,0,0,0
FSS,2020,9,0,0,0
NUC,2020,2,0,0,1
ISA,2020,6,1,0,0
MTF,2020,13,0,0,0
NDC,2020,10,0,0,1
PAO,2020,7,0,0,0
NWJ,2020,8,0,0,0
LNZ,2020,1,0,0,0
JFP,2020,6,0,0,0
NZA,2020,1,0,0,0
FWB,2020,13,0,0,0
KNL,2020,1,0,,
FHO,2020,5,0,0,0
KYR,2020,1,0,0,0
PKP,2020,1,0,0,0
KWB,2020,8,0,0,0
MSR,2020,1,0,0,
EXM,2020,1,0,0,0
CFL,2020,2,0,0,0
NJR,2020,1,0,0,1
KCJ,2020,1,0,0,0
GYB,2020,2,0,1,0
LCX,2020,3,0,0,4
JLB,2020,2,0,,
BTK,2020,2,0,0,
JKD,2020,1,1,1,0
PBF,2020,2,0,0,0
IWB,2020,1,0,1,0
EOX,2020,2,0,0,1
MAC,2020,1,0,0,0
GZX,2020,1,0,0,0
CCM,2020,2,0,0,
ECT,2020,1,0,,
CHN,2020,1,0,,
FOK,2020,1,0,0,0
LWE,2020,3,0,0,0
GZB,2020,457,0,0,0
NIM,2020,162,0,2,0
OGG,2020,92,0,0,0
DSQ,2020,14148,8,22,21
GEH,2020,277,50,0,0
GAR,2020,378,0,0,4
JOL,2020,186,0,0,0
MOZ,2020,436,0,0,0
LON,2020,218,8,2,15
MVR,2020,43,5,0,0
MNB,2020,195,0,0,0
GBM,2020,142,0,1,0
FQH,2020,390,0,0,1
ONU,2020,451,0,0,1
LTK,2020,5,0,0,0
PGQ,2020,26,0,0,0
HSN,2020,274,2,3,3
LGD,2020,87,0,1,0
HIF,2020,360,1,1,0
FDF,2020,686,3,2,1
GCI,2020,123,4,0,0
HQC,2020,1216,0,0,5
MRU,2020,132,0,0,1
PHX,2020,977,11,10,0
PDU,2020,125,3,0,0
LNR,2020,140,0,2,0
HXL,2020,8,0,1,0
GCY,2020,202,0,0,0
GES,2020,35,0,0,1
JEC,2020,6,1,0,0
MQC,2020,46,0,1,0
LMG,2020,170,0,0,0
FEG,2020,23,0,0,0
ILJ,2020,14,0,0,0
ORG,2020,20,0,0,0
JMT,2020,2,0,,
HHI,2020,3,0,0,0
OJA,2020,9,0,0,0
LYU,2020,8,0,6,0
PJO,2020,45,0,0,0
KCT,2020,66,0,1,18
BSS,2020,6,0,0,0
LPC,2020,7,0,0,2
MAD,2020,1,0,0,0
CBT,2020,10,0,0,1
ISY,2020,79,0,0,0
EZO,2020,1,0,0,0
KYG,2020,8,0,0,0
KHE,2020,1,1,0,0
JIY,2020,3,0,0,1
QCT,2020,3,0,0,0
OHI,2020,1,0,,
OGZ,2020,4,0,0,0
FIE,2020,3,0,0,0
PSY,2020,1,0,1,
DYT,2020,2,0,0,0
FPS,2020,2,0,,
CHJ,2020,4,0,,
FFO,2020,2,0,0,0
OFD,2020,1,0,0,2
KHJ,2020,1,0,0,0
HDP,2020,1,0,,
KFD,2020,1,0,,
EJG,2020,4,4,,
BSZ,2020,2645,7,5,10
FOZ,2020,3779,6,13,11
FAD,2020,350,3,1,9
LZO,2020,1947,5,8,6
OQY,2020,90,0,0,0
HWA,2020,1475,1,0,0
OAE,2020,739,1,6,3
DQA,2020,423,0,0,0
MMI,2020,381,2,3,3
LDF,2020,83,0,0,0
CAK,2020,180,0,0,0
LRC,2020,20,0,0,0
NHA,2020,456,30,5,0
MWJ,2020,12,3,0,0
GDH,2020,2,0,0,0
CFT,2020,20,0,0,1
HNF,2020,10,0,0,0
LXT,2020,32,0,0,1
OTO,2020,152,0,0,0
BSR,2020,5,0,0,0
FRO,2020,134,8,6,10
FSO,2020,7,0,2,5
JEA,2020,46,0,1,0
LFD,2020,34,0,1,0
HBF,2020,322,1,0,0
KPA,2020,420,2,2,2
NZG,2020,7,0,0,0
JDG,2020,1046,0,4,0
NZW,2020,3,0,0,1
OEZ,2020,64,2,3,28
PBL,2020,8,0,0,0
OYE,2020,173,0,0,0
CHH,2020,1,0,2,1
OIV,2020,1,0,0,0
IDO,2020,3,0,0,0
EYB,2020,13,0,0,1
DEH,2020,3,0,1,0
NBE,2020,27,0,0,0
NTW,2020,7,0,0,0
FTD,2020,101,0,0,0
ECI,2020,2,0,1,0
EXJ,2020,1,0,0,
EHZ,2020,1,0,0,0
DLJ,2020,1,0,0,0
HDF,2020,3,0,0,0
PEN,2020,4,4,5,0
FZE,2020,23,0,0,0
DDR,2020,2,0,0,0
LIO,2020,3,1,0,0
LPG,2020,1,0,0,0
LXM,2020,1,0,,
QJP,2020,16,0,0,0
KQS,2020,2,0,0,
GEL,2020,1,0,,
BTC,2020,2,0,0,0
FEC,2020,1,0,0,0
LYA,2020,6,0,0,1
BSK,2020,1,0,0,0
EFL,2020,1,0,,
KGT,2020,1,0,,
LZA,2020,4,1,0,0
GKN,2020,1,0,0,0
FRW,2020,1,0,0,0
MKJ,2020,15994,16,6,3
LZP,2020,131,0,0,0
OYC,2020,73951,0,0,5
GEY,2020,944,0,0,0
EZW,2020,4074,0,1,1
OLO,2020,2742,12,0,6
HWB,2020,302,0,0,0
DQX,2020,1526,1,0,35
NIU,2020,317,0,1,0
GAP,2020,423,1,0,1
GIM,2020,145,1,2,0
FDT,2020,815,0,4,4
BSB,2020,214,0,0,0
LWW,2020,2,0,0,0
MZO,2020,47,0,0,0
OQG,2020,177,0,0,0
OVB,2020,125,0,0,2
CEW,2020,50,1,0,2
MRM,2020,314,0,21,0
MCZ,2020,3,0,0,1
KOY,2020,6,0,0,0
DRE,2020,120,2,2,0
GZF,2020,104,6,0,0
EOB,2020,47,1,0,1
KPR,2020,19,8,8,3
NWB,2020,823,0,0,2
GEF,2020,19,0,0,0
LKF,2020,119,0,0,4
EZN,2020,40,0,0,0
GWQ,2020,30,1,0,0
OSR,2020,39,2,2,1
HXK,2020,12,1,0,0
OHV,2020,6,0,0,0
OWT,2020,45,0,0,0
HDY,2020,1,0,0,0
OFU,2020,6,0,0,0
HTF,2020,5,0,0,0
LZU,2020,1,0,0,0
HMX,2020,27,0,2,1
EHD,2020,4,0,0,0
KST,2020,2,0,0,0
KGE,2020,7,0,0,0
FFS,2020,56,0,0,0
PUP,2020,4,0,0,0
PPG,2020,1,0,0,0
EYC,2020,6,0,0,0
OHT,2020,2,0,0,0
FXR,2020,14,0,0,0
FCS,2020,8,0,0,0
QKO,2020,852,10,14,5
KYI,2020,8,0,0,
OAR,2020,5,2,0,0
NUH,2020,8,0,0,0
GJC,2020,2,0,0,0
MKB,2020,1,0,0,
OGR,2020,4,3,2,6
GFJ,2020,3,0,0,0
QAI,2020,1,0,0,0
PMX,2020,1,0,0,1
NEG,2020,2,0,0,0
JOQ,2020,1,0,0,0
CAP,2020,1,0,0,0
CBC,2020,1,0,,
LBS,2020,1,0,0,0
KTG,2020,1,0,,
PXJ,2020,3,0,0,
LRD,2020,1,0,0,
PLR,2020,2,0,0,0
QJI,2020,1,0,0,0
IYN,2020,66,9,13,10
FRN,2020,92927,43,15,6
HQL,2020,1970,2,0,2
POE,2020,344,0,0,0
OTD,2020,100,0,0,0
MHX,2020,1702,8,3,7
KOD,2020,1369,11,1,3
GCJ,2020,2598,2,3,7
ITI,2020,203,1,4,1
OZD,2020,341,0,1,0
GWM,2020,267,0,0,1
BTS,2020,91,0,0,0
GAL,2020,109,0,0,0
JQT,2020,11,0,0,0
KGX,2020,1290,0,0,2
NJK,2020,340,0,1,0
NIV,2020,54,0,0,0
MUZ,2020,74,0,0,0
QAD,2020,7,0,0,0
PFN,2020,66,0,0,0
KGN,2020,17,0,1,3
FDE,2020,12,3,0,9
BZD,2020,126,0,1,5
LYY,2020,1,1,0,0
OUB,2020,38,0,0,0
INO,2020,41,1,1,1
HAM,2020,3,0,0,0
FAS,2020,97,0,4,0
CAI,2020,71,0,0,1
MDI,2020,4,0,0,0
---,2020,4,0,0,0
OVO,2020,3,0,,
PNG,2020,15,0,0,0
EQL,2020,2,0,0,0
HCF,2020,27,1,0,0
OUH,2020,2,1,0,0
DSK,2020,29,0,0,0
KKX,2020,16,0,0,2
HOA,2020,6,0,0,
FSR,2020,13,0,0,0
LSR,2020,7,0,2,0
QHQ,2020,20,0,0,0
FMA,2020,3,0,0,0
ING,2020,7,0,0,0
CFG,2020,7,0,,
CDT,2020,2,0,0,2
GGW,2020,4,0,0,0
GEN,2020,6,0,0,0
KAL,2020,1,0,0,1
PNW,2020,33,0,0,0
KPQ,2020,1,0,,
HDT,2020,4,0,0,0
EGJ,2020,2,0,0,0
KTW,2020,60,0,0,0
MMY,2020,2,0,1,0
LRS,2020,6,0,0,14
JZW,2020,6,0,0,0
KLT,2020,1,0,0,0
NCP,2020,1,0,0,
JBP,2020,10,0,0,0
HOZ,2020,2,0,0,0
BXY,2020,1,0,0,0
OCE,2020,1,0,0,0
PNC,2020,5,0,0,
QJN,2020,2,0,0,
BZG,2020,1,0,0,0
OIB,2020,1,0,4,
KYN,2020,1,0,0,
FTZ,2020,1,0,0,
DQY,2020,2861,4,13,3
LZG,2020,31983,3,2,1
MQN,2020,86,0,0,0
MCX,2020,815,0,1,2
FMG,2020,283,5,0,12
CAH,2020,32,0,4,7
HXD,2020,114,0,0,0
JDH,2020,291,0,0,0
LWQ,2020,372,1,0,0
OUR,2020,145,0,0,0
MNI,2020,115,0,0,0
KOT,2020,90,0,0,0
MNH,2020,430,0,0,0
HNR,2020,134,0,0,0
DZL,2020,85,0,0,0
GDT,2020,231,0,0,0
CDZ,2020,12,0,0,1
DSY,2020,168,0,4,1
OIY,2020,119,0,0,1
BYJ,2020,37,0,0,4
OSH,2020,12,0,0,0
JOW,2020,50,0,2,0
MAV,2020,101,0,0,5
LRY,2020,86,0,0,0
FGB,2020,401,0,0,6
DXF,2020,54,3,0,0
PML,2020,27,0,0,0
MTJ,2020,16,0,0,0
MOF,2020,18,0,0,0
KYK,2020,1,0,,
MPO,2020,53,0,3,0
MFA,2020,76,0,0,0
BRY,2020,13,0,0,3
CAC,2020,108,0,0,0
EFW,2020,113,1,0,1
FCZ,2020,2,0,0,0
LWF,2020,6,0,0,0
FET,2020,3040,0,0,0
FPB,2020,18,0,1,0
EBI,2020,8,0,0,2
IPF,2020,13,0,0,0
OSI,2020,14,0,0,0
FXZ,2020,4,0,0,0
FFA,2020,14,0,0,0
JSM,2020,47,4,3,6
LOK,2020,10,0,0,0
OHM,2020,6,1,0,4
JDK,2020,4,0,0,0
PTI,2020,12,12,0,0
EJR,2020,3,0,0,0
BSF,2020,2,0,0,0
IXR,2020,11,0,0,0
ELW,2020,8,0,0,1
NGY,2020,9,2,0,0
HFW,2020,1,0,0,0
MVU,2020,10,3,6,5
OSV,2020,1,0,0,0
EMS,2020,1,0,0,0
FYC,2020,1,0,0,2
HLG,2020,1,0,0,0
QBN,2020,54,0,0,0
GCC,2020,3,0,0,0
EIL,2020,4,0,0,0
LHX,2020,2,0,0,0
DWX,2020,1,0,0,
GKG,2020,1,0,0,0
QFQ,2020,2,0,0,0
HAW,2020,3465,6,4,1
MWS,2020,43,0,1,0
MQP,2020,154,15,0,1
PJQ,2020,151,0,1,0
GJS,2020,1349,2,1,2
GDW,2020,12215,12,3,0
EZL,2020,710,11,4,0
JOH,2020,786,3,2,0
DXT,2020,93,1,2,0
JLW,2020,144,2,2,2
JWY,2020,20,0,1,31
QCD,2020,572,0,0,0
PNY,2020,165,0,0,0
FWW,2020,2,0,0,0
IRT,2020,114,0,0,3
LMF,2020,146,0,0,1
LLZ,2020,82,13,12,14
JOJ,2020,6,1,1,3
PZP,2020,85,0,1,0
EKS,2020,419,0,0,0
HDB,2020,24,0,0,0
MQV,2020,125,36,1,0
QHO,2020,9,0,0,0
NXA,2020,1,0,1,3
FAF,2020,8,0,0,0
LQR,2020,51,0,0,0
DXG,2020,49,3,0,0
MWI,2020,108,6,1,2
LJH,2020,23,0,0,1
HWN,2020,51,0,0,0
GDM,2020,2,0,0,0
HET,2020,49,0,0,1
LQE,2020,2,0,0,0
KGY,2020,14,0,0,0
NCO,2020,3,0,,
HSZ,2020,13,0,0,0
NLF,2020,2,0,0,0
DWZ,2020,5,0,0,0
JTQ,2020,2,0,0,0
ILO,2020,7,0,1,0
PDJ,2020,5,1,0,4
DCF,2020,2,0,0,0
NHJ,2020,3,0,0,2
GEC,2020,7,0,0,0
MMH,2020,3,0,0,0
JRO,2020,1,0,0,0
HJN,2020,1,0,0,0
LRG,2020,1,1,0,1
DML,2020,1,0,0,0
MOV,2020,2,0,0,0
CAO,2020,1,0,,
JXI,2020,5,1,0,0
LYZ,2020,1,0,0,0
ICL,2020,1,0,0,0
MIB,2020,1,0,0,0
PTJ,2020,2,0,0,
EZS,2020,1,0,,
FGH,2020,1,0,0,0
NVZ,2020,8268,9,3,0
OTM,2020,258,0,0,0
LCJ,2020,637,0,0,0
MIH,2020,3032,8,8,2
MBB,2020,373,0,0,1
EQJ,2020,99,0,1,0
GBX,2020,197,2,2,29
OJX,2020,2749,0,0,0
FFT,2020,762,0,2,0
HEB,2020,1695,0,0,0
MAF,2020,427,0,0,0
QCB,2020,1749,0,0,0
OZO,2020,76853,1,0,1
OOD,2020,70,0,0,0
NEW,2020,1002,0,0,2
NUJ,2020,59,0,0,0
MND,2020,341,1,0,0
JIL,2020,23,0,0,0
FDX,2020,13,0,1,2
MUE,2020,48,2,0,0
PNF,2020,6,0,0,0
MCN,2020,44,0,0,0
EMA,2020,5,1,0,1
HXP,2020,10,0,0,0
PCA,2020,1,0,0,
MQR,2020,46,0,0,0
MED,2020,32,0,0,2
HGI,2020,102,0,7,1
FFX,2020,20,0,0,0
FGA,2020,6,0,0,0
DRY,2020,35,1,0,0
EQN,2020,3,0,,
MUQ,2020,25,0,2,0
NTN,2020,56,0,0,0
OOK,2020,18,0,1,5
HGP,2020,25,0,0,1
LTJ,2020,4,0,0,0
KZL,2020,53,0,0,0
FAT,2020,2,0,0,0
DSA,2020,31,0,0,1
GFG,2020,52,0,0,0
EXB,2020,21,0,0,0
LEJ,2020,3,0,0,1
MNR,2020,5,0,1,0
OHD,2020,5,0,1,2
FWP,2020,6,0,0,0
OGH,2020,1,0,0,
PHP,2020,1,0,0,0
KRE,2020,4,0,0,0
GHC,2020,2,0,0,0
BYE,2020,5,0,0,0
DYN,2020,7,0,0,0
MLS,2020,3,1,5,3
BSJ,2020,1,0,0,0
MEF,2020,1,0,0,
HRZ,2020,1,0,0,0
NHX,2020,3,0,2,0
PBU,2020,1,0,,
EXF,2020,1,0,0,0
NMJ,2020,1,0,0,
FXY,2020,1,0,0,0
GAX,2020,7,1,0,0
PBX,2020,4,0,0,0
JTC,2020,2,0,0,0
BTG,2020,11,0,0,0
KFK,2020,1,0,0,
CGJ,2020,3,0,1,1
IDZ,2020,2,0,0,0
JGQ,2020,2,0,0,0
DPT,2020,3,0,0,0
OUO,2020,1,1,2,
JPK,2020,1,1,3,0
FCX,2020,1,0,1,0
BTL,2020,451,1,1,0
MAX,2020,637,22,6,3
HBE,2020,1018,0,1,1
LEI,2020,192,0,0,0
GBO,2020,125,0,0,0
OXO,2020,813,0,1,0
LJS,2020,2517,10,21,0
MVK,2020,11748,0,0,0
MLV,2020,406,0,9,2
DRT,2020,50,0,1,0
OLW,2020,15,0,0,0
LQY,2020,138,0,0,0
KYJ,2020,48,0,0,0
ESW,2020,155,0,0,0
HSX,2020,273,4,0,0
LCP,2020,13,3,0,1
OJU,2020,9,3,0,2
EIC,2020,35,0,0,1
CAT,2020,133,0,0,0
GBZ,2020,11,0,0,1
OZT,2020,11,0,0,0
ORQ,2020,1,0,0,0
PTS,2020,39,0,0,0
LLI,2020,16,0,0,1
JRJ,2020,1,0,0,0
LNX,2020,13,0,0,0
BZR,2020,15,0,0,0
DXX,2020,4,0,0,0
KQO,2020,21,4,1,0
ORY,2020,2,0,0,0
NAB,2020,11,1,0,0
MTG,2020,5,0,0,0
KXG,2020,158,1,1,3
MVF,2020,4,0,0,0
DIP,2020,17,0,1,0
KQZ,2020,7,0,1,0
FYD,2020,11,0,0,1
ILQ,2020,2,0,2,4
KMF,2020,8,1,0,1
NOC,2020,1,0,0,0
LWK,2020,9,0,0,0
OAF,2020,9,0,0,0
JEB,2020,1,0,0,0
LZK,2020,1,0,0,0
JTO,2020,7,0,2,12
FIA,2020,2,0,,
FHM,2020,5,0,0,
MKZ,2020,6,0,0,0
CFR,2020,4,0,0,0
HBW,2020,1,0,0,0
GAI,2020,9,0,0,0
PMT,2020,1,0,0,0
MQM,2020,1,0,0,0
NFB,2020,3,0,0,0
EML,2020,2,0,0,0
IQA,2020,1,0,0,4
ITY,2020,1,0,,
KIL,2020,1,0,0,
JYR,2020,2,0,0,0
QMN,2020,1,3,1,0
KNT,2021,1603,3,1,2
NVZ,2021,8421,3,0,0
MSX,2021,17,2,1,0
MAH,2021,690,0,0,0
LJT,2021,1276,5,1,0
BSZ,2021,3067,5,10,6
JDH,2021,158,0,0,0
DZI,2021,84,0,0,0
HRS,2021,2430,12,4,8
OTP,2021,642,0,0,0
NEP,2021,130,2,1,1
OFP,2021,6,4,0,0
MSS,2021,284,0,0,0
GXN,2021,61,0,0,0
QII,2021,89,0,0,0
IYE,2021,67,10,5,50
CAW,2021,193,0,4,1
EZN,2021,40,0,0,0
LSZ,2021,218,0,1,2
MNI,2021,261,0,0,1
HCF,2021,45,0,0,2
JSG,2021,177,1,0,0
CBL,2021,22,1,0,0
HCH,2021,13,0,0,2
HQW,2021,2,0,,
DTL,2021,55,2,2,2
NOX,2021,7,1,1,0
FED,2021,55,1,0,0
GXY,2021,21,0,2,2
FEN,2021,1,0,0,0
JSI,2021,83,0,2,0
KYX,2021,7,0,8,1
IOR,2021,58,1,0,0
HBI,2021,4,0,0,0
FFK,2021,22,1,1,0
KQT,2021,11,0,0,0
JIL,2021,12,0,0,0
OIP,2021,2,2,1,
QHJ,2021,9,0,0,0
JSD,2021,1,0,0,1
PNG,2021,15,0,0,13
PZS,2021,12,0,0,0
JGY,2021,1,0,,
JTC,2021,8,0,0,1
FDC,2021,5,0,0,0
NZA,2021,4,0,0,
JDJ,2021,14,0,0,0
NFO,2021,6,0,0,0
KHH,2021,1,0,,
FNJ,2021,8,0,1,0
PCL,2021,1,1,,
JQX,2021,12,0,0,0
NHJ,2021,5,0,2,0
FRZ,2021,3,0,1,0
MQH,2021,10,0,,
DML,2021,1,0,0,0
DPW,2021,6,0,0,1
HRR,2021,1,0,0,1
HKI,2021,3,0,0,0
LMB,2021,10,0,0,0
FPL,2021,2,0,1,0
BST,2021,1,0,,
PEC,2021,1,0,,
HCA,2021,1,1,,
LEG,2021,12,0,0,0
DZK,2021,2,0,,
JZF,2021,2,0,0,0
DKZ,2021,3,0,1,0
POS,2021,1,0,0,0
ONB,2021,543,11,4,1
EZY,2021,1657,1,0,0
GEI,2021,6293,14,56,42
GAT,2021,1632,0,4,0
PFV,2021,281,0,1,0
LKK,2021,4651,1,1,2
JJE,2021,3871,9,4,20
PZE,2021,66392,1,0,2
MCH,2021,27,0,0,0
FTY,2021,160,0,0,0
ETN,2021,192,4,3,1
GAE,2021,1,0,0,0
GKP,2021,16,0,1,1
GFD,2021,606,0,0,1
PUI,2021,43,11,19,1
FFS,2021,57,0,0,0
LPM,2021,99,0,0,2
IYO,2021,607,13,1,0
NPH,2021,1,0,,
MRD,2021,20,0,0,0
DWA,2021,153,2,2,0
OBP,2021,15,0,0,0
INI,2021,40,1,0,0
EWD,2021,2,0,0,0
EFT,2021,70,0,2,1
INK,2021,109,0,0,0
PWH,2021,5,0,0,0
KCT,2021,26,1,18,3
QDA,2021,4,0,0,0
BTA,2021,8,1,0,1
JSK,2021,6,0,0,0
CBP,2021,1,0,,
MDI,2021,93,0,0,0
KQO,2021,13,1,0,4
KGE,2021,24,0,0,0
NYU,2021,1,0,0,0
PTM,2021,1,1,0,2
OVG,2021,3,0,,
PBF,2021,12,0,0,0
LFB,2021,1,0,,
JIY,2021,2,0,1,2
DZC,2021,3,0,0,0
JET,2021,2,0,1,0
DWZ,2021,5,0,0,0
HOG,2021,1,0,,
KDL,2021,2,0,0,
NZF,2021,1,0,0,0
HFM,2021,2,0,0,0
HFG,2021,20,0,0,0
JIH,2021,1,0,0,0
PJF,2021,5,0,0,0
OKV,2021,1,0,2,3
PAV,2021,1,0,,
DTG,2021,1,0,0,0
QIJ,2021,1,0,0,0
HGE,2021,1,0,0,0
KXE,2021,1,0,0,
QGP,2021,45,0,0,0
HSX,2021,240,0,0,39
MOZ,2021,371,0,0,0
NRY,2021,687,1,0,0
NIU,2021,220,1,0,0
MBX,2021,35,0,0,0
QFG,2021,72575,0,1,2
LQY,2021,105,0,0,0
MAF,2021,321,0,0,0
KGC,2021,73,0,0,0
FDF,2021,2418,2,1,8
PNB,2021,28,0,0,0
HET,2021,132,0,1,4
MVN,2021,24,0,0,0
FEM,2021,47,0,0,1
NIG,2021,69,0,0,0
GDY,2021,131,1,1,0
HHE,2021,38,0,0,0
GXI,2021,30,0,0,0
GXD,2021,154,1,0,2
MMX,2021,22,0,0,0
FRG,2021,7,0,4,0
BZA,2021,14,0,0,3
CAL,2021,60,1,0,0
GGK,2021,2,0,1,
PND,2021,83,0,1,0
IQK,2021,3,2,0,0
EBI,2021,25,0,2,2
OHA,2021,9,0,0,0
FOD,2021,2,0,0,0
MUD,2021,27,0,2,1
MNW,2021,10,0,0,0
PHU,2021,21,0,0,
KNF,2021,9,0,0,0
JSJ,2021,46,0,0,0
MRZ,2021,61,0,0,1
HBM,2021,10,0,0,2
JSO,2021,27,3,15,1
FRI,2021,5,0,0,0
PTI,2021,17,0,0,0
GXH,2021,6,0,0,0
HIL,2021,7,0,0,0
JWY,2021,41,1,31,0
EXH,2021,2,0,0,0
LWF,2021,4,0,0,0
MGP,2021,52,0,0,0
LFK,2021,2,0,0,
PAO,2021,7,0,0,0
FKC,2021,1,0,,
ECX,2021,4,1,0,0
KGS,2021,1,0,0,0
BSS,2021,8,0,0,5
DOF,2021,95,3,1,0
OUP,2021,9,0,0,0
GAH,2021,2,1,0,0
EAZ,2021,7,0,0,0
MHW,2021,1,0,0,0
OKO,2021,1,0,0,
QNR,2021,1,0,0,0
EAT,2021,1,0,0,
CIX,2021,3,0,0,0
LZW,2021,1,0,0,
QJY,2021,4,0,0,0
FAF,2021,1,0,0,0
LPG,2021,1,0,0,0
PGI,2021,1,0,0,
MDS,2021,520,20,1,0
NWB,2021,1448,0,2,5
GEX,2021,3332,6,3,13
DXC,2021,370,0,1,2
LOX,2021,1715,0,1,0
CAC,2021,72,0,0,7
HXD,2021,75,0,0,0
FNL,2021,1332,6,5,17
FAE,2021,167,0,0,0
DXO,2021,115,8,0,0
KYF,2021,386,0,0,0
OLW,2021,15,0,0,0
MQV,2021,95,1,0,4
ONU,2021,304,0,1,0
BTI,2021,277,0,0,3
CBI,2021,159,0,1,0
KHO,2021,208,0,0,0
MJO,2021,305,1,1,1
NJW,2021,1,0,,
DWC,2021,618,10,0,5
KPO,2021,62,4,6,0
GAB,2021,16,0,0,0
NEC,2021,7,0,0,0
EMF,2021,4,0,0,0
QJP,2021,29,0,0,1
MPV,2021,68,0,0,0
NQQ,2021,3,0,0,0
KMW,2021,32,1,0,0
PZK,2021,85,0,0,0
GCC,2021,2,0,0,0
OCJ,2021,1,0,0,0
FWF,2021,28,0,0,0
HQB,2021,1,0,0,0
IMI,2021,3,0,0,0
FKO,2021,6,0,0,0
LTK,2021,2,0,0,0
JTZ,2021,19,0,0,0
BTM,2021,41,0,0,9
LXG,2021,11,0,0,1
ODU,2021,2,0,0,0
NOA,2021,4,0,0,0
IMK,2021,4,0,0,0
EAP,2021,1,0,0,0
HLG,2021,3,0,0,0
OXQ,2021,55,3,8,6
ISW,2021,2,0,1,1
NGZ,2021,8,0,2,0
EJB,2021,1,0,,
FPX,2021,10,0,,
EXD,2021,1,0,,
MBU,2021,1,0,,
MYA,2021,2,0,0,0
OYI,2021,2,0,,
CGJ,2021,2,1,1,1
JOZ,2021,2,0,1,1
EKD,2021,1,0,,
PKN,2021,2,0,0,0
QLJ,2021,2,0,0,0
MWJ,2021,3,0,0,0
JTX,2021,1,0,,
MIA,2021,4,0,0,0
LEL,2021,1,0,,
MDC,2021,1,0,,
FKX,2021,5016,3,1,3
GCJ,2021,3391,3,7,22
LPB,2021,1223,0,0,0
LZG,2021,30738,2,1,0
MBH,2021,1521,1,0,5
LFR,2021,161,2,0,0
FFT,2021,514,2,0,0
KXA,2021,16,0,0,0
MUM,2021,70,0,0,0
LOF,2021,246,0,0,0
GZF,2021,216,0,0,0
GIM,2021,53,2,0,0
NKB,2021,1730,1,7,2
OYE,2021,251,0,0,0
PJO,2021,27,0,0,0
GFF,2021,74,1,0,0
DQE,2021,39,6,0,0
HXB,2021,35,0,0,0
PNO,2021,88,0,0,0
MVR,2021,35,0,0,0
ITX,2021,145,35,6,4
EFB,2021,121,0,0,1
ISY,2021,33,0,0,0
KWT,2021,228,0,0,1
LIO,2021,10,0,0,0
OXF,2021,7,0,0,0
OHY,2021,2,0,1,0
OLM,2021,20,0,0,0
LGD,2021,38,1,0,0
HXG,2021,6,0,0,0
FTC,2021,46,0,2,0
BZD,2021,6011,1,5,9
POL,2021,21,0,0,0
QJH,2021,1,0,0,0
HDC,2021,4,6,0,
OSI,2021,28,0,0,0
CHI,2021,2,0,0,1
CCT,2021,3,0,0,0
NQP,2021,7,0,0,0
JJH,2021,20,1,1,7
OUB,2021,12,0,0,0
OWI,2021,5,0,0,0
OAZ,2021,1,0,0,0
HBA,2021,43,0,1,0
FMR,2021,8,0,0,0
FHN,2021,15,0,0,0
OHV,2021,11,0,0,1
PTK,2021,13,0,0,0
JTS,2021,4,0,0,0
JLT,2021,1,0,,
FYH,2021,1,0,,
DIP,2021,49,1,0,0
GGC,2021,1,0,,
KHQ,2021,1,0,,
KES,2021,1,0,0,0
MBV,2021,1,0,0,0
BSF,2021,1,0,0,
FIQ,2021,3,0,,
FKP,2021,4,0,,
QJA,2021,2,0,0,0
JXH,2021,1,0,0,
MNM,2021,2,0,0,0
FGC,2021,2,0,0,0
DCK,2021,1,0,,
NNW,2021,1,0,0,0
LJX,2021,2,0,0,0
NCP,2021,2,0,,
FFH,2021,1,0,0,0
BWC,2021,1,0,0,0
EWY,2021,4,0,0,0
FMT,2021,451,0,0,1
NKE,2021,1169,6,0,0
DTB,2021,18179,0,0,0
KNW,2021,1002,10,3,5
NOU,2021,245,3,1,1
EXE,2021,1132,0,1,0
EZW,2021,4411,1,1,1
LFJ,2021,37,0,0,0
BSO,2021,146,1,0,0
JKA,2021,3553,7,4,4
HWC,2021,4382,5,13,0
MAV,2021,182,0,5,0
NGT,2021,557,4,3,4
FSY,2021,378,0,1,11
LNH,2021,81,83,14,17
PHC,2021,35,0,2,0
QHM,2021,93,0,0,0
FPO,2021,865,3,2,3
JCF,2021,10,0,0,0
GDF,2021,9,1,0,2
MDP,2021,10,0,0,0
PCD,2021,19,0,0,0
ILO,2021,14,1,0,0
JXB,2021,37,1,2,0
LDF,2021,125,0,0,0
OKS,2021,6,0,0,
IKZ,2021,11,2,0,0
KYZ,2021,41,0,1,1
LRW,2021,16,0,1,1
DXQ,2021,12,0,1,0
FST,2021,20,0,0,0
INN,2021,26,2,1,0
ITJ,2021,80,1,1,2
GQG,2021,5,0,0,0
MKQ,2021,24,0,0,0
FNM,2021,45,1,0,2
JQT,2021,5,0,0,0
QHP,2021,102,0,0,0
MOS,2021,2,0,0,0
KLT,2021,2,0,0,0
HGP,2021,32,0,1,0
NGY,2021,7,0,0,1
MVF,2021,3,0,0,0
ION,2021,7,0,0,0
OGJ,2021,1,1,27,4
HXP,2021,19,0,0,0
MLA,2021,5,0,0,0
HXL,2021,8,1,0,0
HXO,2021,2,0,0,0
NUN,2021,5,0,0,0
JDN,2021,2,0,0,0
HGD,2021,1,0,0,
KYN,2021,1,0,,
BSN,2021,3,0,0,0
QMG,2021,20,0,0,0
JXI,2021,3,0,0,1
PLV,2021,10,0,0,0
DTM,2021,1,0,0,0
FAT,2021,2,0,0,0
MUJ,2021,15,15,6,5
LQM,2021,3,0,1,0
NFB,2021,2,0,0,0
PLP,2021,1,0,0,0
JTL,2021,2,0,,
KME,2021,2,0,0,1
PUU,2021,5,0,0,0
HBW,2021,2,0,0,0
KHP,2021,3,0,0,0
KSS,2021,2,0,0,0
LDH,2021,1,0,,
GKG,2021,1,0,0,
KDN,2021,1,0,1,
NVR,2021,1,0,,
NCC,2021,1,0,,
JLX,2021,1,0,,
NVN,2021,17501,0,0,0
NBW,2021,9042,4,1,1
GCY,2021,215,0,0,0
KOD,2021,1380,1,3,1
HQO,2021,56,0,0,0
HWA,2021,1995,0,0,1
NCF,2021,46,0,0,0
GFA,2021,388,0,1,0
NPT,2021,5520,3,0,0
LZS,2021,261,1,0,0
FZX,2021,784,0,1,1
PGN,2021,194,0,1,0
MNQ,2021,216,0,0,0
DTQ,2021,725,1,1,8
FCG,2021,289,5,1,2
POH,2021,34,0,0,0
NNX,2021,146,0,0,0
IZI,2021,29,1,0,0
HEW,2021,14,1,0,0
JDO,2021,10,0,0,0
MCN,2021,42,0,0,0
KWL,2021,107,0,0,0
FJK,2021,188,1,0,0
HJO,2021,14,1,0,0
KZF,2021,21,0,0,0
KXF,2021,131,0,0,1
JEA,2021,40,1,0,0
DZN,2021,20,0,0,0
QHS,2021,5,0,0,0
GAA,2021,105,10,2,0
KYG,2021,19,0,0,1
KMF,2021,10,0,1,0
PWJ,2021,1,0,0,0
BTQ,2021,20,0,0,0
DWS,2021,32,0,1,5
PFJ,2021,15,0,0,0
EYB,2021,11,0,1,0
GDJ,2021,25,0,0,0
FFA,2021,23,0,0,0
JGQ,2021,2,0,0,0
BTK,2021,1,0,,
LQL,2021,4,0,2,0
DYJ,2021,6,0,3,0
JIF,2021,1,0,0,0
HAD,2021,1,0,0,
CCN,2021,2,0,0,
KNO,2021,2,0,0,0
GCD,2021,1,0,0,0
FRK,2021,4,1,0,0
MCZ,2021,4,0,1,1
NKC,2021,2,0,0,0
IZZ,2021,1,0,1,0
MMA,2021,1,0,,
JKD,2021,1,1,0,0
HAM,2021,1,0,0,0
MBP,2021,2,0,0,19
QAV,2021,1,0,0,0
MQM,2021,1,0,0,0
OFK,2021,1,0,0,
EYZ,2021,1,0,,
IGG,2021,1,0,,
QCB,2021,2867,0,0,4
KRG,2021,1677,0,0,0
CAI,2021,137,0,1,15
OYC,2021,50384,0,5,0
LIT,2021,2449,3,0,0
NIQ,2021,5193,0,0,0
MTD,2021,98,0,1,0
GDW,2021,12835,3,0,2
DSQ,2021,15628,22,21,11
QKO,2021,606,14,5,2
LKN,2021,63,2,0,2
LMG,2021,209,0,0,0
EIC,2021,75,0,1,0
NWX,2021,776,0,0,0
PMC,2021,3,1,0,0
EQJ,2021,130,1,0,0
DPS,2021,24,5,2,3
KNX,2021,209,0,0,1
GAO,2021,8,0,0,0
HTZ,2021,227,0,0,0
CDQ,2021,1,0,0,2
CEC,2021,95,0,0,0
FCM,2021,85,0,7,2
CAH,2021,56,4,7,2
GFG,2021,68,0,0,0
ONG,2021,9,0,0,0
JOL,2021,282,0,0,3
MAL,2021,33,1,1,0
LZA,2021,20,0,0,0
KGZ,2021,34,0,0,0
IPR,2021,3,0,0,0
FMH,2021,22,0,1,3
DWB,2021,58,0,0,0
LZN,2021,11,0,1,7
CEM,2021,17,4,0,7
OCT,2021,16,0,1,0
MGZ,2021,2,0,0,1
FMS,2021,28,1,0,0
EXB,2021,40,0,0,0
KHE,2021,2,0,0,0
KNH,2021,23,0,0,0
HWJ,2021,9,0,0,1
EZQ,2021,117,0,4,0
PXR,2021,1,0,,
OZN,2021,5,0,1,1
OFR,2021,1,0,2,1
KMK,2021,33,0,0,0
DQR,2021,11,0,0,0
IOQ,2021,56,0,9,2
KDX,2021,1,0,,
NOF,2021,2,1,0,0
NAC,2021,57,0,0,0
FWP,2021,13,0,0,0
LTJ,2021,8,0,0,0
OAF,2021,9,0,0,0
DGC,2021,2,0,,
DSA,2021,7,0,1,0
CHH,2021,2,2,1,0
LXA,2021,6,0,0,0
EPP,2021,3,0,0,
QKE,2021,3,0,,
NLG,2021,2,0,0,0
LOE,2021,3,0,0,0
DWL,2021,2,0,0,0
ODV,2021,3,0,,
OPJ,2021,6,0,0,0
KAY,2021,1,0,,
FLF,2021,4,0,,
LDT,2021,2,0,0,
ELR,2021,3,0,0,0
PHV,2021,4,0,0,0
KYS,2021,1,0,0,0
KRK,2021,2,0,0,0
EIE,2021,2,0,0,0
HOZ,2021,1,0,0,3
LKD,2021,2,0,2,0
KOY,2021,1,0,0,
QBJ,2021,249720,1,0,0
PHX,2021,1384,10,0,8
OAD,2021,399,0,1,0
HRY,2021,1210,9,3,0
OJX,2021,2820,0,0,0
DHX,2021,11,0,0,0
NAD,2021,448,2,1,0
DRF,2021,614,0,0,0
HTW,2021,1557,6,0,0
OXO,2021,545,1,0,3
MRU,2021,142,0,1,0
FZT,2021,63,0,0,0
OAM,2021,3,0,,
CAF,2021,157,1,0,1
KPA,2021,308,2,2,0
MCW,2021,714,4,2,1
GWQ,2021,19,0,0,1
BYS,2021,5,0,0,2
LPO,2021,18,0,0,0
EFW,2021,118,0,1,0
BSY,2021,62,3,3,5
EJL,2021,20,0,0,0
KWI,2021,44,0,3,0
DRQ,2021,3,0,0,0
DRO,2021,22,0,0,0
---,2021,4,0,0,0
JSE,2021,3,0,0,
CGL,2021,20,0,0,0
PCH,2021,26,2,1,5
IXR,2021,5,0,0,0
HFN,2021,3,0,0,0
OLP,2021,7,0,0,0
GCX,2021,64,1,0,3
HKO,2021,5,0,0,0
OYK,2021,4,0,0,0
HDA,2021,21,0,0,0
KCJ,2021,2,0,0,0
LQE,2021,3,0,0,0
JIR,2021,1,0,0,3
KCG,2021,1,0,0,
KZJ,2021,4,0,0,0
FFR,2021,1,0,,
MTJ,2021,12,0,0,1
NQW,2021,7,0,0,0
EHZ,2021,1,0,0,0
KHY,2021,2,0,,
PWB,2021,4,0,0,0
FSZ,2021,3,0,0,0
LPK,2021,1,0,0,
QLT,2021,391,2,4,3
MIC,2021,1,0,0,0
HXS,2021,1,0,0,0
IPL,2021,4,0,0,0
DSW,2021,2,0,0,
FEQ,2021,3,0,0,0
HJZ,2021,1,0,0,
KHA,2021,1,0,0,
JDG,2021,1196,4,0,0
LWS,2021,19402,5,7,66
PFO,2021,236,0,0,0
DQO,2021,332,5,3,2
KRO,2021,766,5,0,25
MHY,2021,2400,4,2,2
LYJ,2021,1743,1,0,0
PJS,2021,201,0,0,0
KNS,2021,802,41,0,1
MEB,2021,1786,0,0,0
PNY,2021,23,0,0,0
QJR,2021,7186,18,11,3
FAS,2021,101,4,0,2
GAP,2021,436,0,1,1
PSV,2021,134,0,0,2
QDK,2021,111,0,0,0
FOS,2021,48,1,0,0
OXC,2021,33,0,0,0
LRN,2021,118,0,0,0
QCD,2021,156,0,0,0
LNM,2021,11,1,0,0
FCW,2021,146,0,0,1
PQK,2021,74,0,0,0
OAP,2021,3,0,1,0
NUH,2021,7,0,0,0
POQ,2021,10,0,,
FTA,2021,20,0,0,2
NXT,2021,528,1,0,0
EYA,2021,33,0,0,0
MIX,2021,5,0,0,0
OWD,2021,57,1,5,1
FTD,2021,65,0,0,6
EEF,2021,1,1,0,
NDM,2021,6,0,,
PLR,2021,4,0,0,0
NJT,2021,1,2,0,0
MVZ,2021,1,0,,
DXJ,2021,6,0,3,0
LSL,2021,4,0,0,0
CBT,2021,23,0,1,2
OSV,2021,3,0,0,
DTS,2021,11,0,0,0
ETW,2021,5,0,0,0
MXY,2021,1,0,,
PQA,2021,4,0,0,0
DTI,2021,4,0,0,0
PDI,2021,2,0,0,0
EMB,2021,1,0,0,0
NDK,2021,2,0,0,
QIR,2021,3,0,0,0
JAF,2021,1,0,0,4
HEE,2021,1,0,0,
PIE,2021,3,0,0,
MLN,2021,7,0,0,0
PHL,2021,2,0,0,0
FER,2021,3,0,0,0
DCF,2021,3,0,0,0
EJJ,2021,1,0,,
MOU,2021,2,0,,
MIB,2021,5,0,0,0
INQ,2021,1,0,0,0
MWP,2021,3,0,0,0
FTH,2021,1,0,0,0
OCS,2021,2,0,,
KNN,2021,16,0,0,3
NDL,2021,1,0,,
CIC,2021,1,1,0,0
LZO,2021,2170,8,6,15
LPH,2021,5938,21,5,5
FTL,2021,16042,1,4,5
NIP,2021,832,0,1,1
JAK,2021,245,42,15,37
JZO,2021,19,0,1,1
OMP,2021,1411,0,0,0
OUT,2021,838,2,0,1
DRC,2021,77,3,0,0
HTO,2021,4770,0,1,0
OAT,2021,66,0,0,0
MBL,2021,116,0,0,0
KGX,2021,559,0,2,1
KWZ,2021,214,0,2,1
KPE,2021,161,0,3,0
IYN,2021,212,13,10,10
FEO,2021,65,0,1,0
FQO,2021,101,3,2,2
KZD,2021,11,0,0,0
HXZ,2021,43,0,0,0
CGA,2021,47,0,2,3
CAE,2021,62,0,4,4
JMG,2021,5,0,0,0
GWO,2021,41,0,0,2
BTO,2021,196,0,0,1
DXG,2021,29,0,0,0
NEK,2021,23,0,0,0
MDB,2021,1184,0,0,1
FZM,2021,13,1,0,0
GDX,2021,21,0,0,0
OFB,2021,4,0,,
MKZ,2021,9,0,0,0
ONW,2021,7,0,0,0
JAA,2021,26,5,8,14
PDQ,2021,10,0,0,0
MUU,2021,27,0,0,0
HRQ,2021,15,0,0,0
FEZ,2021,3,0,1,0
IZQ,2021,14,0,0,0
EFQ,2021,6,0,3,0
PNR,2021,5,0,0,4
JOQ,2021,2,0,0,0
DXK,2021,1,0,0,
DPT,2021,13,0,0,0
PEK,2021,17,1,0,0
PBN,2021,2,0,0,0
HBO,2021,4,1,0,0
GZO,2021,1,0,0,
KLI,2021,3,2,,
MTE,2021,1,0,,
OJK,2021,4,5,13,4
PEX,2021,4,0,,
PQH,2021,1,0,,
CCO,2021,1,0,0,
HNI,2021,1,0,0,0
JHS,2021,3,0,0,0
GCL,2021,9,0,0,0
INE,2021,1,0,0,
JJY,2021,1,0,7,4
MYF,2021,2,1,1,0
FZD,2021,3,0,0,
MJV,2021,1,0,,
JYR,2021,1,0,0,
GDR,2021,1,0,,
HJI,2021,1,0,0,
FHB,2021,1,0,,
EBD,2021,1,0,0,
LWW,2021,2,0,0,0
HWT,2021,2168,0,2,0
FFG,2021,109,0,0,1
CDP,2021,119,0,0,1
NFA,2021,25,0,0,0
HTJ,2021,395,0,0,0
MQP,2021,206,0,1,0
QEX,2021,77,0,0,0
OQY,2021,111,0,0,0
JHI,2021,158,0,2,6
LZD,2021,206,0,1,0
EMJ,2021,65,0,0,0
FXX,2021,64,0,0,4
KRR,2021,8,0,3,0
FPB,2021,160,1,0,0
NCX,2021,451,28,0,0
OPR,2021,58,0,1,0
LFX,2021,13,1,0,0
NUJ,2021,46,0,0,3
QHO,2021,14,0,0,0
MQN,2021,99,0,0,0
GXR,2021,28,1,0,0
KPR,2021,23,8,3,8
DTR,2021,11,0,0,1
CDZ,2021,7,0,1,0
HBT,2021,10,0,0,0
GXZ,2021,9,1,0,0
PKC,2021,14,0,0,0
KPS,2021,9,11,8,11
FXY,2021,1,0,0,0
LQR,2021,47,0,0,0
MIJ,2021,4,1,0,0
HFB,2021,8,0,0,0
MZO,2021,26,0,0,0
HOY,2021,2,0,0,0
FHO,2021,6,0,0,0
PIJ,2021,6,0,0,0
HAO,2021,10,0,0,0
NQD,2021,2,0,0,0
ETY,2021,1,0,0,0
KCZ,2021,2,0,0,0
DQT,2021,2,0,0,0
OWO,2021,1,0,0,0
MIR,2021,13,0,0,0
FMA,2021,1,0,0,
OQH,2021,1,0,,
FCN,2021,2,0,1,0
GYA,2021,3,0,,
PXJ,2021,3,0,,
OFF,2021,4,2,8,8
GDM,2021,2,0,0,0
CZP,2021,1,0,1,0
PWA,2021,1,0,,
LSB,2021,1,0,0,
QKP,2021,6514,25,18,1
BTR,2021,1314,6,3,124
HWB,2021,322,0,0,0
MBB,2021,646,0,1,0
GKT,2021,471,1,0,0
KGG,2021,10,0,0,0
HWR,2021,888,0,0,0
LIP,2021,54,3,3,0
LCJ,2021,436,0,0,1
GBA,2021,20,0,0,0
HPP,2021,2,0,0,0
QKY,2021,100,0,,
HTX,2021,26,0,0,0
QEW,2021,316,0,7,0
FEC,2021,2,0,0,
BTS,2021,110,0,0,0
EZB,2021,69,0,0,0
JOJ,2021,29,1,3,3
BRZ,2021,59,0,0,0
NQU,2021,1,0,,
DRE,2021,114,2,0,0
OEQ,2021,54,1,7,3
QJZ,2021,52,1,0,0
MWS,2021,73,1,0,2
LYA,2021,19,0,1,0
HXI,2021,2,0,0,0
FEG,2021,27,0,0,10
FLE,2021,80,1,0,2
CAX,2021,5,0,0,0
MMH,2021,9,0,0,0
QHZ,2021,2,0,0,0
ICL,2021,5,0,0,0
JWJ,2021,8,0,0,0
EKB,2021,1,0,0,0
LIH,2021,1,0,0,0
HIG,2021,126,1,0,1
PAG,2021,5,0,0,0
PQC,2021,3,0,0,0
FAQ,2021,70,0,0,3
LBI,2021,2,0,0,0
EXS,2021,32,0,1,1
NBY,2021,4,0,0,0
EMH,2021,1,0,,
LDY,2021,1,0,,
NLM,2021,5,0,0,0
FKQ,2021,2,1,0,0
KYJ,2021,44,0,0,0
GBZ,2021,7,0,1,1
OCH,2021,1,0,0,0
IDZ,2021,4,0,0,0
DXH,2021,2,0,0,0
KQM,2021,9,0,0,1
IDO,2021,7,0,0,0
EJI,2021,1,0,0,0
OJT,2021,1,0,0,0
NNL,2021,1,0,0,
KNG,2021,1,0,0,0
MUH,2021,1,0,0,0
LWR,2021,1538,0,0,0
OGE,2021,41,0,2,3
MJC,2021,1462,8,0,0
NBH,2021,388,0,0,0
FWZ,2021,334,0,0,0
FGE,2021,2261,28,22,19
KTT,2021,948,2,1,2
HBB,2021,257,0,0,0
KIF,2021,9,0,0,0
LJH,2021,15,0,1,0
NIM,2021,199,2,0,0
LOD,2021,775,18,2,0
GEN,2021,20,0,0,0
GBX,2021,381,2,29,0
LLZ,2021,69,12,14,14
LWH,2021,35,0,1,0
IKD,2021,10,3,0,0
HGI,2021,100,7,1,0
BSB,2021,330,0,0,0
FRO,2021,174,6,10,3
NPL,2021,11,0,0,0
PEW,2021,49,0,1,0
MQR,2021,55,0,0,0
JFY,2021,57,0,0,0
LDP,2021,2,0,0,0
ELC,2021,166,0,2,0
MPN,2021,138,1,1,0
HTE,2021,3,0,0,0
FWC,2021,22,0,0,0
NSU,2021,4,1,1,1
POK,2021,1,0,,
QEZ,2021,2,0,0,0
KXJ,2021,8,3,0,0
FZS,2021,2,0,0,1
LEH,2021,11,0,0,0
FTS,2021,1,0,,
HIS,2021,15,0,1,0
EBF,2021,2,0,0,0
JHW,2021,1,0,0,0
LDD,2021,22,0,1,1
KDT,2021,26,0,0,0
IZH,2021,9,0,0,0
GCP,2021,12,0,0,0
LPZ,2021,1,0,0,
MZA,2021,20,1,1,0
LWK,2021,10,0,0,0
JBP,2021,9,0,0,0
PRI,2021,156,1,0,0
OFL,2021,6,0,1,0
JTA,2021,5,0,0,0
MZY,2021,1,0,0,0
LFZ,2021,23,0,1,0
MNR,2021,4,1,0,0
NHK,2021,7,0,0,0
INM,2021,22,4,0,0
PTD,2021,15,0,0,0
ERA,2021,3,0,0,0
ETF,2021,1,0,,
FRL,2021,12,1,0,0
OHG,2021,5,0,1,6
DWH,2021,2,0,0,0
LYR,2021,1,0,1,
GNB,2021,1,0,,
PGD,2021,3,0,0,0
NZP,2021,3,0,0,0
KMA,2021,1,0,0,0
HYJ,2021,7,0,,
LKM,2021,1,0,,
GSI,2021,1,0,,
PMX,2021,2,0,1,0
KWF,2021,2,0,0,0
JEX,2021,3,0,0,
HQR,2021,2,0,0,0
NQX,2021,3,0,0,0
LHC,2021,5,0,0,0
PMU,2021,2,1,0,
OUO,2021,1,2,,
CFL,2021,2,0,0,0
QJS,2021,2,0,0,
KTR,2021,1,0,,
MLO,2021,1,0,0,0
FCZ,2021,1,0,0,0
OTM,2021,205,0,0,0
HIF,2021,650,1,0,2
FDT,2021,1260,4,4,5
PGQ,2021,27,0,0,0
CBK,2021,13107,29,13,33
NIO,2021,418,0,0,0
HAW,2021,2815,4,1,7
DYE,2021,2786,0,0,0
JOH,2021,1019,2,0,4
KRH,2021,416,0,0,0
JDQ,2021,139,0,0,0
LMH,2021,1399,0,0,0
NPJ,2021,50,0,0,0
BZE,2021,124,0,0,0
JJX,2021,42,3,0,4
MAI,2021,1258,2,0,5
DSY,2021,168,4,1,1
IZL,2021,45,2,2,12
OOI,2021,322,4,7,2
PXI,2021,10,0,1,0
NZU,2021,602,0,0,1
JQP,2021,105,6,3,2
CBH,2021,26,0,0,0
OFO,2021,4,0,0,
BSK,2021,9,0,0,1
PIF,2021,89,0,0,1
MFE,2021,149,0,0,0
MMK,2021,85,0,0,0
MTF,2021,46,0,0,0
JSM,2021,41,3,6,0
PWI,2021,3,0,0,0
PFN,2021,56,0,0,0
NAA,2021,18,0,0,0
MNS,2021,253,6,6,0
OWQ,2021,38,1,0,0
NEZ,2021,41,0,0,0
NLQ,2021,40,1,0,1
FZZ,2021,12,0,0,0
OTK,2021,3,0,0,0
HRM,2021,24,0,1,0
PBL,2021,8,0,0,
MZI,2021,4,0,0,
KAC,2021,3,0,0,
OAB,2021,11,0,0,1
JSL,2021,2,0,0,0
GZJ,2021,5,0,0,0
HXA,2021,1,0,0,
JDX,2021,7,0,0,0
NAM,2021,2,0,0,
LZJ,2021,2,0,0,0
QLW,2021,1,0,1,0
OUH,2021,1,0,0,
OHS,2021,2,0,0,0
IZF,2021,1,0,,
IKK,2021,1,0,0,1
PTJ,2021,8,0,,
FWH,2021,5,0,,
LZK,2021,1,0,0,
PNC,2021,1,0,,
IWP,2021,1,0,,
MIE,2021,4,0,0,0
MCY,2021,3,0,3,3
NWR,2021,2,0,,
KPI,2021,1,0,0,0
GKR,2021,1,0,0,0
CCQ,2021,2,0,0,0
HES,2021,1,0,0,
MPQ,2021,1,0,0,
CEK,2021,1,2,1,2
FRN,2021,196629,15,6,36
PMP,2021,2263,0,0,0
MJP,2021,281,2,0,1
NIE,2021,59,0,1,25
OTN,2021,2581,0,0,0
FZO,2021,28,0,0,0
GAW,2021,1634,0,2,0
ODE,2021,24,0,0,0
KFM,2021,446,1,0,1
MUE,2021,23,0,0,1
MOQ,2021,121,0,0,0
GWM,2021,209,0,1,2
PER,2021,54,0,0,0
LPL,2021,109,14,1,1
MRM,2021,572,21,0,0
EMA,2021,8,0,1,2
MFA,2021,83,0,0,0
OUG,2021,79,1,0,2
JTY,2021,24,2,1,0
BYD,2021,15,1,1,0
GAZ,2021,18,0,0,0
DWE,2021,41,0,0,0
FFX,2021,25,0,0,1
IQI,2021,9,0,0,3
OCM,2021,6,0,0,0
HQE,2021,32,0,0,0
NWV,2021,122,0,0,0
IKY,2021,13,4,0,0
FWB,2021,6,0,0,0
EIX,2021,2,0,,
EJR,2021,6,0,0,0
GMQ,2021,3,0,0,0
IYT,2021,1,0,0,0
LYB,2021,7,0,,
PIO,2021,9,0,0,0
ECC,2021,1,0,,
HNF,2021,18,0,0,0
JRJ,2021,1,0,0,
GRI,2021,1,0,,
BTY,2021,2,0,0,0
HDT,2021,1,0,0,
FHF,2021,2,0,0,0
JYG,2021,2,0,1,
HNL,2021,3,0,0,
BYY,2021,9,0,0,0
LOJ,2021,5,0,0,0
CGN,2021,3,0,0,3
MRH,2021,2,0,0,0
QKA,2021,1,0,0,0
FEH,2021,1,0,,
GYC,2021,1,0,0,0
NAJ,2021,4,0,0,0
JMM,2021,1,0,0,0
HHD,2021,5,0,0,0
HMF,2021,1,0,0,0
IXG,2021,1,0,,
MON,2021,2,0,0,0
HFW,2021,1,0,0,
HXY,2021,1,0,,
OFG,2021,1,0,3,7
FPA,2021,10184,41,25,12
LRO,2021,915,16,200,37
MLV,2021,480,9,2,0
BTT,2021,1480,1,1,0
FET,2021,5281,0,0,2
JDI,2021,3155,1,5,4
NJL,2021,2639,9,0,0
CGX,2021,13,0,1,0
KYB,2021,347,0,0,0
KRD,2021,1425,0,3,1
HAE,2021,12,0,0,2
HTN,2021,146,0,1,0
HNR,2021,63,0,0,1
NTN,2021,47,0,0,0
DSH,2021,112,0,0,0
JDR,2021,207,0,11,0
LOL,2021,12,0,0,0
PJY,2021,25,0,0,0
OCO,2021,2,0,0,
OSR,2021,101,2,1,0
MNK,2021,15,0,0,0
HDY,2021,3,0,0,
BSP,2021,51,0,0,0
EEG,2021,6,0,0,0
PSZ,2021,41,0,1,0
GZX,2021,2,0,0,0
DHB,2021,7,0,3,0
HSZ,2021,27,0,0,0
JJG,2021,12,0,0,0
ELW,2021,5,0,1,0
LYG,2021,1,0,0,0
CBF,2021,6,0,0,0
FSO,2021,19,2,5,1
MJA,2021,5,0,0,0
MTK,2021,1,0,,
ESD,2021,4,0,0,0
NHN,2021,1,0,0,
IOL,2021,1,0,7,7
NBK,2021,1,0,,
LXS,2021,2,0,,
CJE,2021,1,0,0,1
HDF,2021,2,0,0,1
EKM,2021,1,0,0,0
PYU,2021,1,0,,
NFJ,2021,1,0,1,
PDJ,2021,5,0,4,1
OSM,2021,15,0,0,0
QBY,2021,1,0,0,
PEN,2021,14,5,0,2
ILQ,2021,5,2,4,1
KNA,2021,2,0,0,0
NLF,2021,1,0,0,0
FWW,2021,1,0,0,0
GZI,2021,1,0,1,0
QNY,2021,2,0,,
QGH,2021,1,0,0,0
FMF,2021,5776,1,3,30
MEA,2021,3713,0,1,0
JDS,2021,626,0,1,0
ODG,2021,1228,0,0,0
DWJ,2021,2680,1,5,0
GCT,2021,148,0,0,0
FYA,2021,15,11,2,1
KWY,2021,274,0,0,0
DSI,2021,3018,1,1,3
NHA,2021,543,5,0,5
KXG,2021,392,1,3,1
CEW,2021,57,0,2,0
KDQ,2021,107,2,2,4
HBE,2021,1034,1,1,3
NQO,2021,468,0,1,1
DQK,2021,345,8,7,4
LON,2021,230,2,15,0
OEV,2021,9,0,0,0
JEY,2021,448,0,0,1
MEC,2021,91,0,4,1
GDC,2021,257,1,6,3
DRM,2021,742,0,1,0
NXC,2021,895,0,0,0
ESW,2021,76,0,0,0
MQB,2021,25,3,0,1
PSQ,2021,10,0,0,2
QHR,2021,89,0,0,0
FDA,2021,22,0,0,0
HGX,2021,117,0,0,0
NHG,2021,2,0,0,0
CAP,2021,5,0,0,0
HIN,2021,9,0,0,0
FLD,2021,6,0,0,
FYD,2021,20,0,1,0
HQD,2021,3,0,0,0
HND,2021,4,0,0,0
GSH,2021,1,0,,
NTG,2021,88,0,0,1
MWL,2021,1,0,0,0
KGW,2021,4,0,0,0
QKR,2021,141,0,0,0
NSC,2021,22,0,0,0
GDG,2021,18,0,0,0
BTC,2021,5,0,0,2
BXN,2021,2,0,0,4
IRQ,2021,4,0,0,0
OEX,2021,3,0,0,0
OMZ,2021,5,0,0,0
OGH,2021,1,0,,
BSJ,2021,11,0,0,0
GIO,2021,2,0,0,0
PMH,2021,1,0,,
MLM,2021,1,0,1,1
KGI,2021,1,0,0,0
QLK,2021,4,0,0,0
PHS,2021,1,0,,
KJK,2021,2,0,0,
MLS,2021,2,5,3,5
OSH,2021,2,0,0,0
MJH,2021,1,1,0,1
GBQ,2021,1,0,0,0
KIK,2021,2,0,0,0
EJF,2021,1,0,0,0
NIK,2021,9977,6,8,61
FTR,2021,23078,0,0,0
EZC,2021,1027,7,0,0
MCM,2021,5227,0,0,0
DQX,2021,1692,0,35,0
NEW,2021,1440,0,2,3
EYJ,2021,176,0,0,0
OZD,2021,563,1,0,11
OVB,2021,265,0,2,0
DRY,2021,41,0,0,0
FSA,2021,255,11,3,3
LQC,2021,110,2,0,0
LNS,2021,53,0,0,0
PGW,2021,189,1,0,1
DXT,2021,129,2,0,2
LXT,2021,24,0,1,0
MSH,2021,17,0,0,1
JAY,2021,17,0,1,0
FCX,2021,12,1,0,0
CAZ,2021,165,0,0,0
NIN,2021,47,0,0,0
KDC,2021,11,2,1,0
OWT,2021,55,0,0,0
KOH,2021,1,1,0,0
CFT,2021,23,0,1,0
PBI,2021,133,0,0,0
NEU,2021,81,0,3,0
OJH,2021,39,4,34,10
OAR,2021,13,0,0,0
HDB,2021,21,0,0,0
KGO,2021,14,0,2,2
GWG,2021,21,0,0,1
CAD,2021,12,0,0,0
OTE,2021,36,0,0,1
EIG,2021,3,0,0,0
KYW,2021,15,0,8,0
NZK,2021,32,0,0,0
MMP,2021,1,0,0,2
LYZ,2021,3,0,0,0
BZC,2021,5,0,0,0
BXB,2021,2,0,0,1
EYQ,2021,5,0,0,0
PEZ,2021,5,3,0,0
GRX,2021,1,0,,
NMJ,2021,11,0,,
JPA,2021,7,1,2,3
HNQ,2021,4,0,1,0
INX,2021,2,0,0,0
KHS,2021,14,0,0,4
EMX,2021,2,0,0,0
PLQ,2021,1,0,0,0
DSK,2021,31,0,0,0
ITH,2021,1,0,0,1
PHM,2021,2,0,0,0
HEX,2021,1,0,0,0
OLV,2021,3,0,0,0
KOG,2021,5,0,0,0
DSR,2021,5,0,0,0
JJQ,2021,2,0,1,0
BRW,2021,1,0,0,0
LYU,2021,1,6,0,0
NSM,2021,1,0,0,0
NYV,2021,1,0,0,0
KWJ,2021,1,0,0,0
FEB,2021,573,1,0,5
MHE,2021,12,0,0,0
MRN,2021,217,2,1,3
GJS,2021,1340,1,2,0
DHA,2021,210,0,2,0
EKS,2021,342,0,0,0
GAL,2021,120,0,0,3
MNT,2021,3758,7,5,2
GDO,2021,303,0,0,0
DYG,2021,97,0,0,2
PCU,2021,160,0,0,0
OMD,2021,185,0,0,0
KXK,2021,62,0,0,0
KTI,2021,47,0,0,1
MAU,2021,1,0,0,1
BWN,2021,16,1,0,0
FLL,2021,113,1,0,0
HWN,2021,87,0,0,0
ILS,2021,27,1,0,0
GFO,2021,11,1,0,0
KKX,2021,40,0,2,1
KCY,2021,129,0,1,7
FGX,2021,18,40,1,0
LWE,2021,8,0,0,0
JGS,2021,89,4,0,4
MVU,2021,5,6,5,3
EWL,2021,7,0,0,0
MUQ,2021,25,2,0,0
EZO,2021,1,0,0,0
OSN,2021,4,0,1,0
QES,2021,18,0,0,0
LWO,2021,12,0,0,0
GCB,2021,18,0,0,0
EWO,2021,3,0,0,4
QLC,2021,10,0,0,0
OLT,2021,6,0,0,0
JID,2021,19,0,0,0
NNI,2021,4,1,0,0
LKQ,2021,68,1,1,
NSX,2021,3,0,1,0
HFX,2021,5,0,0,2
NJR,2021,2,0,1,0
OYS,2021,5,0,1,0
NZG,2021,3,0,0,0
OUY,2021,7,0,0,0
BYZ,2021,1,0,0,0
OZI,2021,1,0,0,0
MAQ,2021,9,0,0,0
JQC,2021,1,0,0,0
JEB,2021,1,0,0,
EQL,2021,3,0,0,0
PAD,2021,1,0,0,0
QOS,2021,1,0,0,
MYC,2021,1,0,0,
HNN,2021,399,1,2,2
PKL,2021,652,0,0,4
FQH,2021,393,0,1,0
JLW,2021,146,2,2,0
MVK,2021,12177,0,0,0
DXE,2021,326,4,3,1
LHI,2021,917,0,3,2
FGB,2021,322,0,6,1
HTD,2021,153,0,2,0
OES,2021,21,0,4,11
KNQ,2021,346,0,0,0
GKZ,2021,389,21,5,1
HNO,2021,69,0,0,0
ODC,2021,50,0,0,0
DTX,2021,77,0,0,0
KDD,2021,62,7,5,12
MTG,2021,9,0,0,0
NWU,2021,2,0,2,5
GTY,2021,37,0,1,0
FMP,2021,3,0,0,0
CEO,2021,3,0,0,0
NPM,2021,4,0,1,0
JST,2021,1,0,,
GEG,2021,3,0,0,0
MZP,2021,1,4,1,1
FJI,2021,12,0,0,0
FRW,2021,2,0,0,0
LST,2021,2,0,,
MVL,2021,3,0,0,0
ORZ,2021,2,0,1,0
PEA,2021,201,0,0,0
DBF,2021,3,0,0,0
GHO,2021,1,0,,
EBP,2021,1,0,0,
EAJ,2021,3,0,0,0
GWN,2021,1,0,0,0
BRY,2021,57,0,3,14
QKS,2021,1,0,0,0
LLI,2021,3,0,1,0
HQQ,2021,3,0,,
PXU,2021,3,0,0,0
BZT,2021,3,0,0,0
OEA,2021,3,13,0,0
OVN,2021,1,0,0,1
OFD,2021,1,0,2,0
PGJ,2021,1,0,,
MCB,2021,2,1,0,0
JBF,2021,1,0,0,
FQP,2021,1,0,0,0
LHD,2021,1,0,0,
LMD,2021,1,0,0,0
LWP,2021,9274,7,0,0
HRX,2021,1890,4,0,0
OAE,2021,904,6,3,1
GAR,2021,525,0,4,1
OWB,2021,1940,45,42,39
NGV,2021,1134,0,0,0
MCX,2021,881,1,2,0
NDN,2021,339,73,1,0
OTO,2021,287,0,0,0
QHT,2021,60,0,0,0
FAJ,2021,492,0,3,7
LHN,2021,24,3,3,1
DZL,2021,55,0,0,0
HWK,2021,10,0,0,0
GAG,2021,52,0,1,0
HBL,2021,506,0,1,0
OVE,2021,184,2,0,0
CAT,2021,127,0,0,0
EIA,2021,45,0,0,0
LOM,2021,147,0,1,1
HST,2021,40,0,0,0
JDC,2021,156,0,0,1
JIX,2021,9,2,0,8
GEF,2021,20,0,0,0
IPS,2021,10,0,0,0
OFU,2021,12,0,0,0
MAY,2021,24,0,0,0
KTW,2021,25,0,0,0
PPN,2021,18,0,0,0
EKX,2021,78,0,0,0
ILY,2021,5,0,4,1
FXR,2021,5,0,0,0
NHB,2021,15,0,0,0
NJD,2021,5,0,0,0
LBS,2021,1,0,0,0
OYH,2021,1,0,0,0
GZT,2021,2,0,0,0
IWJ,2021,15,1,0,0
QBC,2021,1,0,0,0
OTL,2021,6,0,0,0
OFC,2021,4,0,0,0
FOK,2021,2,0,0,
GKL,2021,11,0,0,0
BZG,2021,1,0,0,0
NWA,2021,2,0,,
GIG,2021,1,0,,
FBK,2021,34,20,8,2
LFM,2021,25,0,0,0
ISA,2021,2,0,0,0
JEC,2021,2,0,0,0
PLF,2021,2,0,0,0
OQB,2021,1,0,0,0
QGK,2021,1,0,0,0
HQP,2021,2,0,0,0
PZG,2021,2,6,0,
QIT,2021,1,0,0,0
GXL,2021,2,0,0,0
BRT,2021,1,0,0,
MKJ,2021,16067,6,3,14
EOQ,2021,1338,20,6,42
GAM,2021,4447,0,4,0
MIH,2021,3653,8,2,1
PQF,2021,4879,0,2,0
LGZ,2021,866,8,0,0
LXB,2021,476,0,0,0
OZP,2021,65662,2,5,1
OLO,2021,1691,0,6,10
MFK,2021,1193,0,0,0
JIN,2021,42,6,1,3
KWQ,2021,580,70,0,0
LKF,2021,187,0,4,0
QLG,2021,21115,1,0,3
LZH,2021,1175,1,0,0
NPU,2021,247,0,0,0
ODP,2021,156,0,0,3
FIP,2021,35,2,4,1
OOD,2021,98,0,0,0
LZY,2021,59,0,1,0
HQF,2021,97,1,0,1
HCG,2021,2245,0,4,0
FFL,2021,357,0,1,2
LEI,2021,263,0,0,0
MTA,2021,2044,0,0,7
OCW,2021,197,0,0,1
JES,2021,30,0,0,0
KWB,2021,4,0,0,0
FJL,2021,53,1,1,0
BYX,2021,13,0,0,0
JOW,2021,33,2,0,1
JDL,2021,62,0,0,0
JAQ,2021,5,0,0,0
KFZ,2021,29,1,0,0
NLH,2021,55,0,0,0
EPT,2021,31,0,2,0
NBE,2021,9,0,0,2
NWW,2021,4,0,0,0
MLZ,2021,40,0,0,0
GHC,2021,6,0,0,
OCZ,2021,20,2,18,0
JDB,2021,23,0,0,0
DZA,2021,8,0,0,0
KZH,2021,87,0,0,0
CHW,2021,7,0,0,0
OCE,2021,11,0,0,0
FQM,2021,73,0,3,0
KGY,2021,14,0,0,0
ISH,2021,3,0,1,1
FSS,2021,5,0,0,0
ING,2021,6,0,0,0
QHQ,2021,22,0,0,0
FCS,2021,6,0,0,0
IMC,2021,1,0,0,0
PHP,2021,4,0,0,0
PID,2021,10,0,0,0
PBX,2021,8,0,0,0
EFD,2021,1,0,0,
GZL,2021,13,9,0,0
FLG,2021,1,0,0,0
JHX,2021,10,0,0,0
BZQ,2021,1,0,0,
EBZ,2021,4,0,1,0
LGX,2021,1,1,0,
DDR,2021,1,0,0,0
OJP,2021,2,0,0,
JIT,2021,3,0,0,3
PCI,2021,6,0,0,0
PNZ,2021,1,0,0,0
MMO,2021,2,0,0,
MVC,2021,2,0,,
EQH,2021,1,0,0,0
NAH,2021,1,0,,
LHQ,2021,1,0,0,
LYX,2021,1,0,,
LHP,2021,1,0,,
FMI,2021,4459,12,1,1
MBI,2021,1882,0,1,4
MHX,2021,2384,3,7,9
DZE,2021,467861,6,1,1
KDI,2021,1934,9,18,8
HXX,2021,1981,2,0,0
MXC,2021,821,0,0,0
PDU,2021,186,0,0,1
PNJ,2021,1467,0,0,0
DTZ,2021,586,1,10,19
KOT,2021,84,0,0,0
MAX,2021,615,6,3,6
KDJ,2021,3100,4,17,2
NKM,2021,2320,0,3,1
MMI,2021,353,3,3,3
LRK,2021,49,0,1,0
DWM,2021,143,0,1,0
LTI,2021,190,0,0,0
NEY,2021,211,5,1,0
OWN,2021,310,0,3,0
MGQ,2021,1,0,0,0
BZO,2021,51,0,1,7
ORQ,2021,5,0,0,0
DTN,2021,12,11,0,1
NKG,2021,693,0,0,0
EZX,2021,35,0,0,0
NZW,2021,10,0,1,0
IPF,2021,2,0,0,1
OFT,2021,6,0,2,2
KLE,2021,5,0,1,0
KOB,2021,2,0,0,0
INO,2021,49,1,1,0
FXZ,2021,4,0,0,0
JDZ,2021,58,0,0,0
FPD,2021,23,0,1,0
FRC,2021,10,0,6,5
ILJ,2021,6,0,0,0
HQA,2021,15,0,0,0
KSZ,2021,70,0,0,0
CDD,2021,28,1,0,0
JCW,2021,23,1,0,0
FNG,2021,4,0,1,0
FDE,2021,16,0,9,8
ORD,2021,4,0,,
LBR,2021,1,0,0,0
KNP,2021,3,0,0,0
LHX,2021,5,0,0,0
BSR,2021,10,0,0,0
LPN,2021,50,0,4,0
KHJ,2021,1,0,0,0
PJE,2021,14,0,0,0
JKC,2021,1,0,0,0
LLH,2021,1,1,0,0
DJG,2021,1,0,0,0
HGK,2021,1,0,,
EYC,2021,6,0,0,0
QNO,2021,2,0,0,0
KWH,2021,5,0,0,0
LYT,2021,1,0,0,
KRI,2021,1,0,0,0
MPK,2021,1,0,1,0
MUI,2021,13,0,0,3
MXJ,2021,2,0,0,0
QKU,2021,1,0,0,
PNE,2021,1,0,0,0
QPQ,2021,2,0,0,0
OBT,2021,1,0,0,0
LXC,2021,1,1,,
QBP,2021,1,0,0,0
PKJ,2021,1,0,,
FYF,2021,1,0,,
LIX,2021,1,0,0,0
FMZ,2021,15,1,0,11
NPV,2021,151,0,1,0
GBM,2021,101,1,0,1
MGB,2021,7496,0,0,3
DTC,2021,635,0,0,0
KRA,2021,436,0,2,2
ITI,2021,162,4,1,2
NSA,2021,20,0,0,0
OOK,2021,1155,1,5,0
MNB,2021,228,0,0,0
MJN,2021,158,1,0,0
NEI,2021,8,0,0,
CAK,2021,18,0,0,0
NHL,2021,202,0,0,0
QAU,2021,110,0,0,2
MEF,2021,2,0,,
MED,2021,30,0,2,0
HTF,2021,16,0,0,0
LKB,2021,38,0,1,0
MQF,2021,13,0,0,0
LPC,2021,7,0,2,0
OHR,2021,48,0,0,3
GFC,2021,8,0,0,0
GGW,2021,4,0,0,0
HHW,2021,24,1,1,0
GWJ,2021,3,0,0,0
LTO,2021,17,0,0,0
QAD,2021,8,0,0,0
LCX,2021,4,0,4,9
BYI,2021,15,1,0,0
HCI,2021,6,0,0,3
KOC,2021,32,0,0,0
OWY,2021,25,0,0,0
QMN,2021,40,1,0,2
PCC,2021,6,0,0,0
KAE,2021,4,0,0,0
GDH,2021,3,0,0,0
QAI,2021,2,0,0,2
JWX,2021,2,0,,
IDP,2021,5,0,0,0
PVD,2021,1,0,0,
FPK,2021,8,0,0,0
MJG,2021,6,1,0,2
IZD,2021,1,0,0,1
DXX,2021,5,0,0,0
MMZ,2021,1,0,0,
KBM,2021,1,0,,
KNZ,2021,2,0,,
NWJ,2021,1,0,0,0
QAQ,2021,1,0,0,0
LRX,2021,1,0,,
HNC,2021,1,0,0,0
KBN,2021,1,0,0,0
JPK,2021,1,3,0,
JRM,2021,1,0,,
PAH,2021,312,0,0,0
FHW,2021,3651,1,0,17
KXT,2021,1,0,0,0
LRJ,2021,467,1,4,1
CCW,2021,433,2,1,4
FSM,2021,147,1,2,2
FJS,2021,77,0,0,1
FDI,2021,206,3,0,0
HWX,2021,91,0,0,0
NTE,2021,323,1,0,17
EIH,2021,22,0,6,0
DWF,2021,161,28,0,0
EOB,2021,343,0,1,1
QBN,2021,162,0,0,0
NQB,2021,10,0,0,0
DZJ,2021,21,0,1,0
KWD,2021,1,0,10,0
GAK,2021,13,0,0,0
GES,2021,33,0,1,0
OJG,2021,8,1,20,5
DXF,2021,38,0,0,0
ONF,2021,2,0,0,0
JXA,2021,5,0,0,0
GAQ,2021,39,0,1,0
BZR,2021,32,0,0,0
LRC,2021,23,0,0,1
OZT,2021,18,0,0,0
CIG,2021,22,0,0,1
JSC,2021,2,1,0,0
DRG,2021,106,1,0,0
PON,2021,3,0,,
KSR,2021,16,0,0,0
PZI,2021,17,0,0,0
DRS,2021,93,9,0,15
JQW,2021,30,1,0,0
KMI,2021,14,0,0,0
KGN,2021,14,1,3,6
JTN,2021,5,1,0,0
NVM,2021,2,0,0,0
GCM,2021,5,0,0,0
NQR,2021,20,0,0,0
JSH,2021,42,0,0,0
FSR,2021,14,0,0,0
LOK,2021,15,0,0,0
FZE,2021,32,0,0,0
BYJ,2021,7,0,4,0
NXB,2021,4,1,0,0
MFR,2021,9,0,0,0
IKE,2021,1,0,,
NDR,2021,1,0,0,
PQP,2021,1,0,2,2
ITQ,2021,4,0,0,0
FKK,2021,1,0,0,0
DWX,2021,1,0,,
EXF,2021,1,0,0,
OIR,2021,2,0,2,0
GKN,2021,12,0,0,0
OVZ,2021,1,0,,
BXJ,2021,2,0,0,0
HHK,2021,1,0,1,0
FEA,2021,3,0,0,0
NEG,2021,4,0,0,0
ISS,2021,1,0,0,0
FXG,2021,1,0,1,
JXM,2021,1,0,0,0
KQZ,2021,1,1,0,0
JXG,2021,1456,4,0,3
FOZ,2021,4624,13,11,5
OZO,2021,41742,0,1,0
MEH,2021,368,15,1,0
HEB,2021,1388,0,0,0
DTE,2021,888,0,0,0
FMG,2021,242,0,12,0
KWS,2021,1340,2,0,5
DRA,2021,733,2,0,0
MLR,2021,198,0,0,0
LWQ,2021,286,0,0,0
GBO,2021,115,0,0,0
NTW,2021,12,0,0,0
HMX,2021,39,2,1,0
MOF,2021,39,0,0,0
HXW,2021,11,2,0,0
HIH,2021,191,0,1,4
PUM,2021,42,0,0,0
OGG,2021,60,0,0,0
DRB,2021,94,0,0,0
PTS,2021,26,0,0,0
IRT,2021,96,0,3,0
PYX,2021,7,0,0,2
OEZ,2021,42,3,28,14
MNL,2021,68,0,6,0
GDZ,2021,4,0,1,0
OOG,2021,4,0,0,0
KOX,2021,7,0,0,0
OPC,2021,1,0,0,
OHM,2021,3,0,4,6
MRR,2021,1,0,0,1
NUU,2021,2,0,0,2
GMB,2021,2,0,0,
OBO,2021,1,2,0,0
GIE,2021,1,0,0,
JYL,2021,1,0,0,
FXP,2021,1,0,0,0
QOV,2021,8,0,0,0
OGQ,2021,2,0,0,0
MKY,2021,2,0,0,0
IKN,2021,2,0,0,0
PKT,2021,6,0,0,0
NTO,2021,23,1,0,
GTN,2021,1,0,,
MZC,2021,8,0,0,0
KEW,2021,1,0,0,0
HEO,2021,1,0,,
GCQ,2021,15,0,0,0
PAM,2021,2,0,0,1
MDD,2021,5,0,0,0
QEP,2021,1,0,0,1
EZL,2021,697,4,0,2
FWM,2021,11185,1,0,0
LGW,2021,23916,3,8,11
JWH,2021,9333,17,23,72
KWP,2021,521,0,3,5
MOM,2021,709,0,0,8
ERL,2021,2229,1,0,0
FAD,2021,529,1,9,0
GDT,2021,251,0,0,0
HBC,2021,930,0,9,0
KAD,2021,2,0,0,
DSP,2021,4315,9,36,36
MND,2021,666,0,0,1
LMF,2021,96,0,1,2
FZP,2021,1744,2,0,1
MNH,2021,523,0,0,0
OGO,2021,239,0,0,0
LFD,2021,29,1,0,0
GEA,2021,148,1,0,0
OQG,2021,86,0,0,1
GAN,2021,299,0,0,0
MEG,2021,530,1,2,0
EGS,2021,291,0,0,1
GFE,2021,7,0,0,0
JCT,2021,105,0,2,0
FCL,2021,30,0,0,4
MPO,2021,20,3,0,1
JOS,2021,5,0,0,0
JOP,2021,3,0,0,0
CHL,2021,147,1,4,7
HTC,2021,18,0,0,0
NGX,2021,5,1,0,0
IMG,2021,13,0,0,0
LRY,2021,67,0,0,0
MWI,2021,187,1,2,1
LNX,2021,19,0,0,0
GYB,2021,4,1,0,0
JSS,2021,9,1,1,0
FDX,2021,19,1,2,0
PML,2021,32,0,0,2
ORG,2021,25,0,0,0
JTO,2021,10,2,12,0
HXK,2021,11,0,0,1
KKY,2021,12,0,0,0
GXP,2021,14,1,0,0
MBF,2021,35,0,8,4
MOI,2021,16,3,1,0
PWY,2021,34,0,11,0
ITG,2021,5,0,0,0
JTW,2021,7,0,2,0
LQZ,2021,2,0,,
OFQ,2021,1,0,2,2
GET,2021,9,0,0,1
HMY,2021,7,0,0,0
CCL,2021,3,0,0,0
PNF,2021,6,0,0,0
NAE,2021,15,0,0,0
CKA,2021,2,4,0,0
GGP,2021,2,0,0,0
KFF,2021,4,1,0,3
LKG,2021,8,0,0,0
EBG,2021,4,0,0,0
QMC,2021,2,0,1,
MAD,2021,1,0,0,0
FLH,2021,5,0,0,0
OJE,2021,2,0,0,0
BXP,2021,1,0,0,0
PBJ,2021,1,0,0,0
DZB,2021,1,0,,
NPK,2021,2,0,0,
PJP,2021,2,0,0,0
DWP,2021,2,0,0,
PGT,2021,5,0,0,0
PPD,2021,1,0,0,0
QJI,2021,1,0,0,0
GAI,2021,1,0,0,0
PZV,2021,1,0,,
QPL,2021,1,0,,
JFM,2021,1,0,5,0
JKR,2021,3,0,0,0
PNS,2021,4,0,0,
KDG,2021,1,0,0,
HQC,2021,1667,0,5,8
NVY,2021,7964,1,2,0
HAB,2021,1694,0,0,0
MXD,2021,691,2,1,1
KWA,2021,2056,17,0,20
NRA,2021,234,0,0,0
FHQ,2021,57,0,0,0
HWQ,2021,160,0,0,0
MSD,2021,519,18,9,1
OVD,2021,216,1,1,15
GAD,2021,79,0,1,3
OOE,2021,320,1,0,0
LZP,2021,157,0,0,0
OCY,2021,94,0,1,0
NJK,2021,397,1,0,1
OUR,2021,151,0,0,0
DEH,2021,12,1,0,0
GCI,2021,94,0,0,0
HTY,2021,145,0,3,0
NAW,2021,76,2,0,0
HGM,2021,71,0,0,0
OHD,2021,222,1,2,6
QLQ,2021,1,0,0,
PZP,2021,97,1,0,0
QCA,2021,14,0,0,0
CCX,2021,26,3,0,0
DRT,2021,85,1,0,1
IKT,2021,5,0,1,0
OIO,2021,2,0,0,
NRU,2021,2,0,0,0
PJT,2021,8,0,0,0
LZC,2021,2,1,0,0
BYE,2021,4,0,0,0
BWF,2021,9,0,0,0
DZP,2021,6,0,0,0
FCE,2021,4,0,0,0
DSJ,2021,32,0,0,4
GBB,2021,13,0,0,0
KCF,2021,2,0,0,0
HGY,2021,5,0,0,0
NHI,2021,6,0,0,0
PWD,2021,1,0,,
FMC,2021,3,0,0,
IKX,2021,5,0,0,0
JDK,2021,3,0,0,0
GBP,2021,2,0,0,
PZX,2021,10,0,0,0
OBL,2021,1,0,0,
HBG,2021,1,0,0,9
CFR,2021,5,0,0,0
JNL,2021,1,0,0,0
LPS,2021,1,0,1,
JRO,2021,2,0,0,
JZW,2021,6,0,0,0
MTL,2021,1,0,,
KMY,2021,67,0,0,0
FGH,2021,1,0,0,
NPP,2021,1,0,0,
PCV,2021,2,0,,
JFT,2021,2,0,0,2
OGR,2021,2,2,6,5
GBS,2021,2,0,0,0
PMG,2021,1,0,,
PFF,2021,1,0,3,2
OYB,2021,2,0,0,0
LAP,2021,1,0,,
POE,2021,585,0,0,1
NAY,2021,1973,3,7,5
PRL,2021,234,1,0,1
OIY,2021,378,0,1,1
DTK,2021,5287,0,2,1
LFL,2021,3246,4,0,2
FZY,2021,68,0,0,0
HQL,2021,2892,0,2,1
DQA,2021,549,0,0,9
OBJ,2021,346,1,2,0
MRA,2021,108,0,0,0
MUZ,2021,103,0,0,0
DXZ,2021,78,1,0,2
EBW,2021,57,0,0,0
MWH,2021,76,0,0,0
BTL,2021,503,1,0,0
FTM,2021,364,1,0,12
PJQ,2021,156,1,0,0
DXN,2021,162,3,0,0
HBF,2021,308,0,0,0
LNR,2021,112,2,0,0
MPB,2021,190,0,0,0
GXQ,2021,75,2,0,1
NDP,2021,236,7,0,1
OCC,2021,675,0,0,1
IOY,2021,25,0,0,0
LOZ,2021,241,0,1,1
LNQ,2021,186,0,0,0
KRB,2021,22,0,0,0
LJE,2021,37,1,0,0
FOX,2021,171,0,0,0
OBR,2021,10,0,0,0
PJA,2021,2,0,0,0
FTN,2021,7,0,9,5
JDW,2021,168,0,0,0
IME,2021,6,1,8,0
CAN,2021,6,3,0,1
HTR,2021,7,0,0,0
CFJ,2021,10,0,0,0
KIC,2021,12,0,0,0
LRS,2021,7,0,14,5
CJY,2021,24,0,1,0
GBW,2021,8,0,0,0
OQI,2021,5,0,1,1
DZM,2021,41,0,0,0
GCA,2021,8,0,0,0
MRG,2021,15,0,0,0
EHD,2021,4,0,0,0
GHH,2021,22,0,0,1
DYF,2021,5,0,0,0
LSR,2021,4,2,0,0
DYN,2021,3,0,0,0
QFQ,2021,8,0,0,0
HCY,2021,2,0,0,0
OJA,2021,6,0,0,0
CFP,2021,10,0,0,1
NUC,2021,7,0,1,0
DCN,2021,1,0,0,0
ODD,2021,8,0,0,0
NAB,2021,10,0,0,0
LYC,2021,12,0,0,0
MZR,2021,1,0,0,
KOA,2021,1,0,0,0
CAG,2021,13,0,0,0
ETD,2021,8,0,0,1
PWO,2021,2,0,,
POD,2021,1,1,0,0
DPZ,2021,1,0,0,0
PTX,2021,1,0,0,0
LYY,2021,1,0,0,0
CKB,2021,2,0,,
FCY,2021,13,0,,
OZA,2021,1,0,0,0
INB,2021,1,0,0,0
FBX,2021,3,0,0,
FIE,2021,1,0,0,0
ISD,2021,1,0,0,0
HQZ,2021,1,0,0,
QAN,2021,423,4,0,0
LXH,2021,4799,7,7,10
DXY,2021,543,0,3,0
GEY,2021,1128,0,0,1
HTQ,2021,542,0,0,0
IMD,2021,137,4,0,0
FBN,2021,155,0,1,1
NJE,2021,380,0,0,0
JCX,2021,221,0,0,0
HWM,2021,73,0,0,0
LWJ,2021,149,0,0,2
EFS,2021,18,0,0,0
KIH,2021,30,0,0,0
MDM,2021,226,1,3,0
IEO,2021,121,0,0,1
LBH,2021,15,0,0,2
QCI,2021,5,0,0,0
GZB,2021,318,0,0,0
MZM,2021,25,0,0,0
KNY,2021,17,0,0,1
NIV,2021,78,0,0,0
FMK,2021,239,4,0,0
GWF,2021,54,0,2,0
OCX,2021,8,0,2,0
FPP,2021,54,0,0,0
KZL,2021,70,0,0,0
MRW,2021,1,1,0,0
MZF,2021,64,0,0,0
CDX,2021,2,0,0,0
DRX,2021,54,1,6,0
JGJ,2021,33,1,2,0
CHP,2021,42,1,7,0
GEC,2021,16,0,0,0
GIF,2021,1,0,0,
HHI,2021,3,0,0,0
OCL,2021,62,1,1,0
KRE,2021,14,0,0,0
PPM,2021,12,1,3,1
CIT,2021,5,0,0,1
GXJ,2021,1,0,0,
KOE,2021,19,0,0,0
QCT,2021,6,0,0,0
DRJ,2021,3,0,0,0
FBO,2021,18,0,5,1
PEP,2021,24,0,1,0
PLS,2021,2,0,1,0
LYL,2021,2,0,0,1
JLK,2021,1,0,,
OIV,2021,4,0,0,0
FGO,2021,14,0,0,0
MAJ,2021,3,0,0,0
MOV,2021,1,0,0,
FDP,2021,1,0,0,0
CJW,2021,5,0,0,0
HTT,2021,2,0,0,0
OUJ,2021,1,0,0,0
MVG,2021,2,0,0,0
FKB,2021,1,0,,
LNZ,2021,4,0,0,0
OVQ,2021,1,1,,
LRP,2021,3,0,3,5
EGT,2021,1,0,,
NHT,2021,1,0,,
MRC,2021,1,1,0,0
OBN,2021,1,0,,
PZT,2021,1,0,,
DTW,2021,2,0,0,
KLQ,2021,1,0,0,0
CCK,2021,2222,1,1,0
HWE,2021,3093,0,0,0
EZD,2021,988,0,0,4
DYB,2021,2808,15,3,18
FDS,2021,1738,0,1,2
HHS,2021,3716,0,0,0
DQY,2021,2974,13,3,19
LJS,2021,3015,21,0,8
HSB,2021,4034,12,1,9
FZW,2021,553,0,0,0
JEQ,2021,549,0,0,0
HSD,2021,569,0,0,0
LDQ,2021,24,0,0,0
MQC,2021,111,1,0,1
GEH,2021,208,0,0,2
HSN,2021,237,3,3,2
MAE,2021,76,0,0,0
GXC,2021,18,0,0,0
LYS,2021,168,0,0,0
BZN,2021,8,0,0,0
KNC,2021,25,1,0,0
HXC,2021,158,0,0,0
JDP,2021,77,0,0,0
PNW,2021,25,0,0,0
OTD,2021,58,0,0,0
DAP,2021,7,1,0,0
GNX,2021,36,0,0,0
PRC,2021,24,0,1,0
FMQ,2021,30,1,1,0
OJU,2021,86,0,2,1
MDA,2021,3,0,0,0
HDD,2021,19,0,0,0
KZI,2021,50,0,0,0
LNK,2021,2,0,0,
DTD,2021,23,0,0,0
JPH,2021,1,0,,
BYG,2021,12,0,0,0
JLS,2021,40,1,1,0
LWL,2021,12,0,0,0
MKW,2021,6,0,0,0
LCP,2021,7,0,1,0
FME,2021,1,0,,
NZJ,2021,1,0,,
ILH,2021,2,0,0,1
IMP,2021,5,0,0,0
NDC,2021,11,0,1,0
OWL,2021,4,0,0,0
DYT,2021,1,0,0,0
MPR,2021,1,0,0,0
JSP,2021,2,0,,
POC,2021,1,0,0,0
KOI,2021,3,0,0,0
GEE,2021,5,0,0,0
NNK,2021,4,0,0,0
HIB,2021,4,0,0,0
KQJ,2021,1,0,0,
OBI,2021,1,0,0,0
MMT,2021,1,0,0,
NVZ,2022,7707,0,0,3
JGS,2022,60,0,4,0
ILO,2022,10,0,0,0
GFD,2022,544,0,1,0
FJK,2022,360,0,0,7
MAH,2022,703,0,0,0
MQR,2022,34,0,0,0
LHI,2022,1811,3,2,5
IPS,2022,10,0,0,0
MHY,2022,2246,2,2,7
KRO,2022,886,0,25,4
KZD,2022,44,0,0,0
FZW,2022,508,0,0,1
GHC,2022,1,0,,
FEM,2022,109,0,1,0
LZD,2022,190,1,0,1
BSB,2022,446,0,0,0
MEC,2022,85,4,1,0
JQP,2022,165,3,2,5
LYC,2022,6,0,0,0
IRT,2022,131,3,0,1
LZY,2022,65,1,0,0
HXI,2022,8,0,0,0
KCY,2022,90,1,7,1
MNB,2022,174,0,0,1
LPN,2022,61,4,0,0
LFJ,2022,34,0,0,0
CGX,2022,23,1,0,0
KGZ,2022,87,0,0,0
NFK,2022,18,0,0,0
DYJ,2022,5,3,0,0
DXH,2022,6,0,0,0
OUP,2022,15,0,0,0
OAP,2022,2,1,0,0
LQX,2022,1,0,,
ISA,2022,8,0,0,0
IZL,2022,29,2,12,10
DZM,2022,35,0,0,0
NSC,2022,9,0,0,0
BZA,2022,21,0,3,2
NNW,2022,1,0,0,0
PTK,2022,8,0,0,
NHC,2022,1,0,0,0
GGW,2022,1,0,0,0
MIB,2022,18,0,0,0
FXR,2022,37,0,0,0
HFB,2022,3,0,0,1
MED,2022,16,2,0,0
QDD,2022,1,0,0,
CFT,2022,29,1,0,0
QLQ,2022,2,0,,
KMN,2022,2,0,0,0
BWA,2022,3,0,0,0
LRW,2022,15,1,1,5
CHW,2022,4,0,0,0
OHT,2022,2,0,0,0
NZA,2022,2,0,,
HTT,2022,3,0,0,
JIT,2022,4,0,3,1
IXR,2022,1,0,0,0
OOY,2022,5,0,0,
LYZ,2022,1,0,0,0
HDW,2022,1,0,,
KXD,2022,1,0,,
DJG,2022,1,0,0,3
OKI,2022,2,0,0,5
OYP,2022,1,0,,
MWL,2022,1,0,0,0
KCO,2022,2,1,0,0
QRL,2022,1,0,0,0
LJT,2022,1316,1,0,0
FFT,2022,260,0,0,0
BTR,2022,1123,3,124,1
NZK,2022,25,0,0,0
HET,2022,215,1,4,1
MBH,2022,1247,0,5,11
PKL,2022,515,0,4,0
BZE,2022,152,0,0,0
OXO,2022,292,0,3,4
GZF,2022,180,0,0,1
JCX,2022,212,0,0,0
MQV,2022,46,0,4,2
QLT,2022,883,4,3,1
MZO,2022,56,0,0,2
GAL,2022,128,0,3,0
JEQ,2022,605,0,0,0
DXO,2022,140,0,0,0
JTN,2022,5,0,0,32
JZO,2022,25,1,1,4
HQO,2022,53,0,0,0
HWM,2022,75,0,0,0
GCX,2022,72,0,3,1
QJZ,2022,53,0,0,1
LNZ,2022,4,0,0,0
ITQ,2022,5,0,0,0
IPF,2022,4,0,1,0
GAQ,2022,70,1,0,0
EKX,2022,37,0,0,0
DWM,2022,62,1,0,0
PJY,2022,26,0,0,0
FHQ,2022,64,0,0,0
QJA,2022,6,0,0,0
FWW,2022,6,0,0,0
MIJ,2022,2,0,0,0
MBV,2022,6,0,0,0
KNH,2022,20,0,0,0
JJQ,2022,22,1,0,0
EYQ,2022,5,0,0,0
BZC,2022,9,0,0,1
LRH,2022,1,0,,
GCC,2022,2,0,0,0
DRQ,2022,6,0,0,0
NNK,2022,1,0,0,0
HDY,2022,3,0,,
IMC,2022,5,0,0,0
EFA,2022,4,0,0,0
NSA,2022,23,0,0,0
NBC,2022,4,0,0,0
MDR,2022,1,0,,
EBG,2022,2,0,0,
DIP,2022,18,0,0,0
HDF,2022,3,0,1,1
KOI,2022,3,0,0,0
HIL,2022,2,0,0,0
KOB,2022,2,0,0,0
HKP,2022,1,0,0,
DYE,2022,2556,0,0,0
LZG,2022,27713,1,0,0
OZP,2022,152682,5,1,1
NKB,2022,1322,7,2,6
DTK,2022,2176,2,1,0
OWT,2022,103,0,0,0
MAI,2022,1416,0,5,0
OOD,2022,421,0,0,0
NBH,2022,332,0,0,0
KDQ,2022,118,2,4,8
MZA,2022,28,1,0,0
FOZ,2022,4113,11,5,1
HTY,2022,94,3,0,2
JKA,2022,3360,4,4,1
PJS,2022,292,0,0,0
PER,2022,63,0,0,1
HBT,2022,15,0,0,0
MOZ,2022,304,0,0,0
FPB,2022,36,0,0,0
ITJ,2022,113,1,2,5
HQF,2022,110,0,1,0
MRC,2022,4,0,0,0
MQC,2022,137,0,1,0
KPS,2022,14,8,11,16
PQK,2022,77,0,0,0
MDM,2022,180,3,0,5
HBB,2022,170,0,0,0
CAH,2022,67,7,2,1
JTY,2022,11,1,0,0
PRC,2022,27,1,0,0
PZK,2022,76,0,0,0
JSH,2022,10,0,0,0
HAE,2022,13,0,2,0
KSR,2022,11,0,0,0
ODC,2022,37,0,0,0
LTJ,2022,11,0,0,0
CDZ,2022,2,1,0,2
FHF,2022,1,0,0,
KQW,2022,2,0,0,
JDO,2022,3,0,0,0
KGW,2022,18,0,0,0
OGR,2022,5,6,5,15
NHI,2022,8,0,0,0
PHV,2022,642,0,0,0
GEC,2022,1,0,0,0
CHH,2022,4,1,0,0
EBC,2022,1,0,0,0
PQX,2022,1,0,0,0
QBZ,2022,1,0,,
IWY,2022,1,0,0,
DHX,2022,12,0,0,0
KMA,2022,2,0,0,0
HKN,2022,1,0,,
ION,2022,5,0,0,0
QEZ,2022,18,0,0,0
OSP,2022,2,0,0,0
NYV,2022,3,0,0,0
KWD,2022,10,10,0,0
NDF,2022,1,0,,
EXR,2022,1,0,,
FDG,2022,4,0,0,0
OJP,2022,1,0,,
QBX,2022,7,0,0,0
ILH,2022,1,0,1,0
LDO,2022,2,0,,
IKN,2022,2,0,0,
OJE,2022,1,0,0,
BZT,2022,1,0,0,
KPN,2022,1,4,,
IPY,2022,2,0,,
MZP,2022,1,1,1,0
KYS,2022,1,0,0,0
JOL,2022,218,0,3,1
FPA,2022,13250,25,12,50
MCM,2022,5461,0,0,2
DTQ,2022,713,1,8,2
FQH,2022,169,1,0,1
BTL,2022,747,0,0,8
DWJ,2022,3218,5,0,10
JSG,2022,197,0,0,0
PQA,2022,7,0,0,0
GFG,2022,69,0,0,0
MQP,2022,132,1,0,0
KWL,2022,98,0,0,3
FIP,2022,56,4,1,1
KPO,2022,25,6,0,2
EFW,2022,325,1,0,0
FFH,2022,5,0,0,0
LWO,2022,5,0,0,0
GCQ,2022,9,0,0,0
PND,2022,175,1,0,0
DRE,2022,135,0,0,16
LRK,2022,40,1,0,0
KMI,2022,21,0,0,0
MNW,2022,8,0,0,0
LBH,2022,7,0,2,0
BSS,2022,22,0,5,0
ITG,2022,9,0,0,0
INM,2022,11,0,0,0
KNF,2022,16,0,0,0
FTN,2022,2,9,5,8
HCY,2022,4,0,0,1
FYA,2022,4,2,1,0
NQP,2022,12,0,0,0
GXP,2022,3,0,0,0
JXA,2022,5,0,0,0
LLH,2022,1,0,0,0
MAO,2022,3,0,0,0
IKK,2022,3,0,1,0
DWD,2022,1,0,0,0
NTC,2022,1,0,,
HNO,2022,7,0,0,0
NSX,2022,2,1,0,
DZG,2022,3,0,0,
OVK,2022,1,0,0,0
MNO,2022,2,0,,
PJA,2022,1,0,0,0
PRV,2022,1,1,0,
PVO,2022,1,0,0,
IRP,2022,1,0,0,1
PMA,2022,4,0,0,0
QBO,2022,2,0,0,0
FGA,2022,1,0,0,8
QJR,2022,6930,11,3,1
FHO,2022,4,0,0,0
GKN,2022,52,0,0,0
OTP,2022,114,0,0,0
NDN,2022,266,1,0,0
PSZ,2022,10,1,0,0
LWQ,2022,296,0,0,0
FHW,2022,3182,0,17,0
HEB,2022,1043,0,0,0
MRU,2022,168,1,0,0
MWH,2022,67,0,0,0
JBP,2022,7,0,0,0
EKS,2022,290,0,0,0
FBK,2022,80,8,2,9
NKG,2022,175,0,0,0
NLQ,2022,31,0,1,1
GDC,2022,57,6,3,2
PUM,2022,40,0,0,0
HIH,2022,286,1,4,1
IYE,2022,65,5,50,3
EQJ,2022,228,0,0,1
MOQ,2022,854,0,0,1
FHN,2022,60,0,0,0
GTY,2022,32,1,0,6
CBH,2022,46,0,0,8
EZD,2022,486,0,4,0
KSZ,2022,77,0,0,0
KCT,2022,8,18,3,0
LNS,2022,50,0,0,0
PPM,2022,31,3,1,3
FJS,2022,101,0,1,0
GBZ,2022,7,1,1,0
EIA,2022,44,0,0,0
PBF,2022,53,0,0,0
PFN,2022,49,0,0,0
OTK,2022,7,0,0,
FJI,2022,2,0,0,0
EIL,2022,1,0,0,
CAP,2022,6,0,0,0
HQP,2022,7,0,0,0
PUU,2022,6,0,0,0
KZL,2022,102,0,0,0
HWK,2022,4,0,0,0
KNP,2022,8,0,0,0
HFM,2022,2,0,0,0
JKR,2022,3,0,0,0
IPL,2022,3,0,0,0
PNR,2022,2,0,4,0
NSU,2022,24,1,1,1
HIN,2022,1,0,0,0
JOQ,2022,4,0,0,0
KNR,2022,1,0,,
HHK,2022,2,1,0,0
NRC,2022,10,0,0,0
JHX,2022,2,0,0,0
NRU,2022,1,0,0,0
HSA,2022,4,0,0,
FKK,2022,1,0,0,0
GZI,2022,3,1,0,0
PGD,2022,2,0,0,0
NIH,2022,2,0,0,0
IZZ,2022,1,1,0,9
QFV,2022,1,0,0,1
OJV,2022,1,0,0,
PJZ,2022,1,0,,
EOX,2022,1,0,1,2
OGQ,2022,1,0,0,0
FET,2022,6137,0,2,1
MEA,2022,6371,1,0,3
BRY,2022,198,3,14,38
HQL,2022,3268,2,1,0
LRO,2022,1126,200,37,78
HNN,2022,327,2,2,29
OMP,2022,256,0,0,4
KDI,2022,2175,18,8,21
OBJ,2022,464,2,0,1
PRL,2022,285,0,1,3
NGV,2022,1470,0,0,0
MEB,2022,1277,0,0,0
DQR,2022,26,0,0,0
LOZ,2022,151,1,1,0
FMG,2022,279,12,0,0
HGI,2022,104,1,0,0
NUJ,2022,28,0,3,3
FCG,2022,298,1,2,4
HSZ,2022,35,0,0,2
BTC,2022,6,0,2,0
FCW,2022,166,0,1,0
LEI,2022,249,0,0,0
DRS,2022,95,0,15,0
DFH,2022,11,0,0,0
PPN,2022,35,0,0,0
LLZ,2022,28,14,14,20
DAP,2022,30,0,0,0
LWJ,2022,90,0,2,0
HEW,2022,23,0,0,0
GAX,2022,3,0,0,0
OFT,2022,22,2,2,8
KQO,2022,15,0,4,0
QHP,2022,25,0,0,0
GWQ,2022,16,0,1,1
GEF,2022,18,0,0,0
KLC,2022,1,0,,
QGP,2022,66,0,0,0
GCM,2022,4,0,0,0
JSL,2022,2,0,0,
QLC,2022,6,0,0,0
ETB,2022,6,0,0,0
PHM,2022,8,0,0,0
FPD,2022,19,1,0,0
NLM,2022,5,0,0,0
JIY,2022,3,1,2,1
GDJ,2022,20,0,0,3
CIX,2022,1,0,0,1
IQG,2022,4,0,0,0
NPM,2022,27,1,0,0
OMB,2022,1,0,0,0
OQL,2022,1,0,,
PJD,2022,1,0,0,0
DSA,2022,49,1,0,0
DZP,2022,4,0,0,0
FDC,2022,5,0,0,0
IKT,2022,4,1,0,0
NBG,2022,5,0,,
NOX,2022,2,1,0,0
KHA,2022,3,0,,
BTY,2022,2,0,0,0
JOP,2022,1,0,0,0
FTC,2022,4,2,0,0
QES,2022,22,0,0,0
PHP,2022,5,0,0,0
MHW,2022,1,0,0,0
NRZ,2022,2,0,0,0
NOC,2022,1,0,0,
OWV,2022,2,0,,
LKV,2022,1,0,0,
QHW,2022,1,0,0,0
EOQ,2022,2516,6,42,7
LIT,2022,2129,0,0,2
DTE,2022,828,0,0,0
GCI,2022,102,0,0,0
QMN,2022,2144,0,2,1
DQE,2022,57,0,0,0
KPE,2022,111,3,0,22
DYG,2022,129,0,2,0
OKS,2022,3,0,,
KWZ,2022,158,2,1,0
HWN,2022,64,0,0,0
OGO,2022,233,0,0,0
KNC,2022,25,0,0,0
DZL,2022,160,0,0,0
PKT,2022,4,0,0,0
INN,2022,31,1,0,0
JEA,2022,31,0,0,8
HQG,2022,2,0,0,0
NFA,2022,23,0,0,0
OAT,2022,83,0,0,0
NAA,2022,7,0,0,0
BYX,2022,10,0,0,0
FLH,2022,6,0,0,0
FHR,2022,1,0,0,
CBF,2022,9,0,0,0
MRH,2022,15,0,0,0
DSR,2022,24,0,0,0
NOA,2022,8,0,0,0
QKO,2022,69,5,2,0
DOF,2022,1,1,0,
JWJ,2022,64,0,0,0
KQM,2022,6,0,1,1
PWY,2022,6,11,0,2
QHS,2022,14,0,0,0
QJY,2022,22,0,0,0
HME,2022,1,0,0,
HKI,2022,1,0,0,0
HTE,2022,11,0,0,0
MVL,2022,1,0,0,0
HEE,2022,3,0,,
HXG,2022,5,0,0,0
OKV,2022,2,2,3,14
JXI,2022,8,0,1,0
KYZ,2022,11,1,1,1
JFY,2022,9,0,0,0
KCG,2022,2,0,,
LQM,2022,7,1,0,0
QLK,2022,27,0,0,0
PHR,2022,1,0,0,
PJT,2022,7,0,0,0
FMR,2022,6,0,0,0
FCS,2022,19,0,0,0
LQW,2022,1,0,,
PSQ,2022,5,0,2,0
MRR,2022,1,0,1,0
INQ,2022,3,0,0,0
GIO,2022,2,0,0,0
NHV,2022,4,0,0,
GGP,2022,4,0,0,
OXF,2022,1,0,0,
EZP,2022,9,0,,
LFY,2022,2,1,0,0
EPP,2022,1,0,,
FZK,2022,1,0,,
DXJ,2022,2,3,0,1
JGX,2022,4,0,0,
MAD,2022,4,0,0,0
MLY,2022,2,0,0,0
PBN,2022,2,0,0,
JYO,2022,1,0,,
ORQ,2022,2,0,0,0
ODF,2022,1,0,,
NQM,2022,1,0,0,0
EKC,2022,2,0,0,0
NPF,2022,1,0,,
OTO,2022,110,0,0,0
GEI,2022,6058,56,42,46
POE,2022,627,0,1,0
GAA,2022,73,2,0,0
GFA,2022,436,1,0,0
MVK,2022,12246,0,0,0
QKP,2022,12885,18,1,0
FFL,2022,424,1,2,0
DSJ,2022,27,0,4,0
LPB,2022,1316,0,0,0
MNI,2022,210,0,1,0
KRH,2022,369,0,0,0
EZL,2022,875,0,2,2
FMT,2022,152,0,1,2
KWT,2022,272,0,1,0
NIN,2022,39,0,0,0
HBE,2022,890,1,3,11
CDP,2022,117,0,1,1
FFS,2022,10,0,0,0
QDK,2022,80,0,0,0
DRJ,2022,4,0,0,0
CAZ,2022,267,0,0,1
NWU,2022,2,2,5,9
FSO,2022,5,5,1,1
QHJ,2022,173,0,0,0
FXZ,2022,4,0,0,0
MRI,2022,1,0,0,
LQY,2022,62,0,0,0
HDD,2022,14,0,0,0
LFX,2022,13,0,0,0
PYX,2022,9,0,2,2
CAX,2022,1,0,0,0
PKU,2022,5877,0,0,0
EJF,2022,6,0,0,0
BSA,2022,1,0,,
LNM,2022,18,0,0,0
DWZ,2022,14,0,0,0
MVN,2022,18,0,0,1
NBY,2022,4,0,0,0
MMP,2022,1,0,2,0
OLL,2022,2,0,0,0
JRO,2022,2,0,,
BSJ,2022,11,0,0,0
NJR,2022,3,1,0,2
LDQ,2022,1,0,0,0
KPI,2022,2,0,0,0
FLG,2022,12,0,0,1
PQD,2022,15,1,0,
PMC,2022,4,0,0,0
OAV,2022,1,0,,
MJT,2022,6,0,,
JLS,2022,17,1,0,0
PLP,2022,6,0,0,0
KOH,2022,1,0,0,0
FCZ,2022,1,0,0,
OKX,2022,1,0,,
BXY,2022,1,0,0,0
PQO,2022,2,0,0,0
EQH,2022,1,0,0,
GYB,2022,4,0,0,4
HRP,2022,1,0,,
JJW,2022,1,2,,
PAM,2022,1,0,1,1
MXD,2022,1343,1,1,1
KRD,2022,1490,3,1,2
MCW,2022,560,2,1,2
OWB,2022,2920,42,39,46
OCX,2022,18,2,0,0
OQY,2022,267,0,0,0
PFO,2022,301,0,0,0
HNR,2022,58,0,1,0
CAE,2022,51,4,4,9
LIP,2022,44,3,0,0
NXC,2022,599,0,0,2
OWN,2022,344,3,0,1
MJC,2022,1791,0,0,1
EBW,2022,30,0,0,0
PNB,2022,16,0,0,0
QIR,2022,2,0,0,0
EZB,2022,103,0,0,0
MBF,2022,114,8,4,0
POH,2022,29,0,0,0
NIG,2022,82,0,0,5
GXC,2022,25,0,0,0
OVB,2022,383,2,0,0
FPO,2022,692,2,3,0
IEO,2022,165,0,1,1
GCT,2022,158,0,0,0
FWF,2022,40,0,0,0
OES,2022,13,4,11,25
HST,2022,26,0,0,1
MBX,2022,44,0,0,0
LOL,2022,17,0,0,0
QPQ,2022,8,0,0,0
EMJ,2022,46,0,0,0
JHI,2022,126,2,6,1
DYN,2022,1,0,0,0
FQP,2022,2,0,0,0
KWI,2022,43,3,0,0
MUQ,2022,12,0,0,0
JZW,2022,5,0,0,0
KNN,2022,3,0,3,0
MAQ,2022,4,0,0,2
PDQ,2022,16,0,0,0
LWL,2022,13,0,0,0
FBO,2022,33,5,1,0
FXG,2022,3,1,,
JAY,2022,11,1,0,0
MJA,2022,10,0,0,1
OFF,2022,2,8,8,5
KLE,2022,7,1,0,1
QAI,2022,6,0,2,0
IPR,2022,4,0,0,0
OWI,2022,6,0,0,0
GZL,2022,10,0,0,3
ESD,2022,4,0,0,0
OJK,2022,4,13,4,10
KZJ,2022,3,0,0,
KWG,2022,2,0,0,
PMS,2022,1,0,,
HXR,2022,1,0,0,
IQZ,2022,7,0,0,1
JSE,2022,1,0,,
HNY,2022,4,0,0,0
QEH,2022,2,0,0,0
OLI,2022,1,0,0,
PGX,2022,1,0,,
NKE,2022,1280,0,0,2
GEX,2022,2208,3,13,9
FMF,2022,5172,3,30,100
LKK,2022,4270,1,2,6
HWB,2022,319,0,0,1
PHX,2022,1327,0,8,12
GJS,2022,1196,2,0,0
KXG,2022,63,3,1,1
OUT,2022,1107,0,1,0
MLV,2022,502,2,0,0
LWE,2022,6,0,0,0
MXC,2022,621,0,0,0
NGT,2022,280,3,4,0
FEO,2022,30,1,0,0
OMD,2022,174,0,0,0
FAJ,2022,733,3,7,0
GDT,2022,94,0,0,0
FED,2022,36,0,0,4
KNQ,2022,272,0,0,0
DTC,2022,215,0,0,0
CHP,2022,60,7,0,0
MOI,2022,16,1,0,0
MUJ,2022,22,6,5,13
JTZ,2022,27,0,0,0
KOT,2022,51,0,0,0
OBL,2022,1,0,,
MUD,2022,51,2,1,2
EWO,2022,6,0,4,0
QJP,2022,30,0,1,5
DXF,2022,67,0,0,0
MDP,2022,8,0,0,0
CAC,2022,65,0,7,0
NEZ,2022,63,0,0,0
KZH,2022,58,0,0,0
PNY,2022,7,0,0,0
FCL,2022,69,0,4,0
DWE,2022,123,0,0,0
EYA,2022,21,0,0,0
OVN,2022,2,0,1,
HTX,2022,23,0,0,1
FPK,2022,7,0,0,0
EHD,2022,4,0,0,0
OEX,2022,2,0,0,
NWJ,2022,7,0,0,0
HND,2022,5,0,0,0
QEX,2022,16,0,0,0
NAC,2022,71,0,0,5
FEQ,2022,19,0,0,1
MIE,2022,5,0,0,0
DTM,2022,4,0,0,
GAO,2022,13,0,0,0
OAB,2022,4,0,1,0
GYC,2022,2,0,0,0
HWJ,2022,8,0,1,1
EMB,2022,2,0,0,0
CCT,2022,3,0,0,0
PIE,2022,1,0,,
NUN,2022,3,0,0,0
GXH,2022,3,0,0,0
HCH,2022,1,0,2,0
CFL,2022,6,0,0,0
BTG,2022,4,0,0,0
OEA,2022,1,0,0,1
JSS,2022,2,1,0,
MPW,2022,1,0,0,
PZG,2022,1,0,,
GKR,2022,1,0,0,
ILZ,2022,1,0,0,
FRA,2022,1,0,0,
NLF,2022,2,0,0,0
NPK,2022,3,0,,
NXO,2022,1,0,,
EXE,2022,547,1,0,2
HQC,2022,1904,5,8,16
GKT,2022,443,0,0,0
DRB,2022,92,0,0,0
QAU,2022,134,0,2,2
MWI,2022,168,2,1,6
DQK,2022,318,7,4,29
EOB,2022,1145,1,1,2
HOC,2022,6,0,0,0
FLE,2022,68,0,2,0
GEA,2022,83,0,0,1
FTM,2022,374,0,12,16
NIO,2022,349,0,0,0
JCT,2022,60,2,0,0
LKF,2022,99,4,0,0
KPA,2022,155,2,0,1
HTD,2022,146,2,0,1
BTI,2022,248,0,3,0
EQL,2022,32,0,0,0
FMQ,2022,53,1,0,0
DWB,2022,87,0,0,0
KMW,2022,53,0,0,1
FSM,2022,200,2,2,2
NNI,2022,3,0,0,
GCB,2022,23,0,0,1
JES,2022,8,0,0,0
JSK,2022,4,0,0,
NPU,2022,213,0,0,0
IOQ,2022,22,9,2,2
GBW,2022,6,0,0,
DYF,2022,9,0,0,14
MUM,2022,28,0,0,0
KEW,2022,1,0,0,0
NYU,2022,16,0,0,0
KIF,2022,10,0,0,0
OCE,2022,5,0,0,0
NAJ,2022,20,0,0,0
FON,2022,13,0,0,2
FKO,2022,1,0,0,0
OBI,2022,11,0,0,0
LXI,2022,3,0,,
MCZ,2022,1,1,1,2
EWL,2022,5,0,0,0
OSM,2022,101,0,0,0
LWW,2022,2,0,0,0
IMK,2022,3,0,0,0
KIC,2022,6,0,0,0
BYZ,2022,2,0,0,0
LDT,2022,1,0,,
ODB,2022,2,0,0,0
OJR,2022,17,0,,
MUI,2022,1,0,3,0
BTQ,2022,20,0,0,1
LYL,2022,3,0,1,0
CGJ,2022,1,1,1,0
NRV,2022,1,0,0,
NPS,2022,1,0,0,0
JQC,2022,1,0,0,0
LBR,2022,2,0,0,0
OGZ,2022,1,0,0,0
NVY,2022,7548,2,0,0
LWS,2022,23271,7,66,17
NIQ,2022,4021,0,0,0
FDF,2022,8271,1,8,3
CBK,2022,15726,13,33,26
FKX,2022,4475,1,3,0
IMD,2022,195,0,0,3
HAW,2022,1922,1,7,5
DXC,2022,271,1,2,3
CAI,2022,241,1,15,6
HTZ,2022,194,0,0,0
MRM,2022,504,0,0,0
PGW,2022,166,0,1,2
GIM,2022,42,0,0,0
OGE,2022,76,2,3,5
OQG,2022,31,0,1,0
CEC,2022,79,0,0,0
JDL,2022,49,0,0,0
JGJ,2022,42,2,0,1
LPM,2022,82,0,2,2
MOF,2022,92,0,0,1
MRG,2022,13,0,0,0
PEN,2022,5,0,2,2
DRX,2022,60,6,0,0
OIU,2022,2,0,0,0
IZH,2022,4,0,0,0
LNX,2022,18,0,0,
QCX,2022,1,0,,
QPB,2022,5,0,0,1
LZA,2022,19,0,0,0
QHO,2022,10,0,0,0
FFA,2022,16,0,0,5
HRM,2022,17,1,0,0
PFJ,2022,10,0,0,0
DWH,2022,10,0,0,0
KGB,2022,6,0,0,0
MFR,2022,1,0,0,0
JOX,2022,28,0,0,0
JCW,2022,13,0,0,0
GZX,2022,4,0,0,0
JOW,2022,27,0,1,0
KHS,2022,10,0,4,0
HTF,2022,8,0,0,2
MDI,2022,27,0,0,0
ILJ,2022,12,0,0,0
MMT,2022,1,0,,
JDK,2022,4,0,0,1
ECX,2022,1,0,0,0
NHW,2022,1,0,0,
GEG,2022,2,0,0,0
OJA,2022,3,0,0,2
LZJ,2022,1,0,0,0
FTZ,2022,1,0,,
KME,2022,1,0,1,0
FLD,2022,2,0,,
KPM,2022,2,0,0,0
KRK,2022,2,0,0,
OGF,2022,1,0,,
OZN,2022,1,1,1,1
KMJ,2022,4,1,0,0
NFB,2022,1,0,0,0
OHO,2022,1,0,0,
KST,2022,1,0,0,0
DDR,2022,1,0,0,1
MKB,2022,1,0,,
FWM,2022,13501,0,0,0
MAF,2022,279,0,0,0
MKJ,2022,14721,3,14,8
HWR,2022,978,0,0,0
GAR,2022,529,4,1,0
QCB,2022,2761,0,4,0
HRS,2022,1683,4,8,2
PTI,2022,13,0,0,0
MRN,2022,113,1,3,0
FAE,2022,167,0,0,0
FMI,2022,4856,1,1,3
DSP,2022,5100,36,36,8
KWS,2022,1259,0,5,14
LYS,2022,200,0,0,0
JSJ,2022,56,0,0,0
JWY,2022,10,31,0,0
OAD,2022,343,1,0,0
PNS,2022,6,0,,
LON,2022,180,15,0,6
EKM,2022,1,0,0,
LZP,2022,183,0,0,0
LFR,2022,101,0,0,0
FDX,2022,17,2,0,0
JPA,2022,8,2,3,0
DSY,2022,151,1,1,54
HSX,2022,256,0,39,0
NNX,2022,111,0,0,0
HCF,2022,67,0,2,0
LPL,2022,125,1,1,1
BZN,2022,29,0,0,0
PNG,2022,17,0,13,0
PTS,2022,38,0,0,0
ONW,2022,5,0,0,0
BSY,2022,307,3,5,1
FNM,2022,75,0,2,0
FBW,2022,3,0,0,0
JJH,2022,45,1,7,2
FTA,2022,14,0,2,0
IDP,2022,5,0,0,6
ING,2022,3,0,0,0
FRC,2022,9,6,5,1
PRI,2022,16,0,0,0
JFT,2022,2,0,2,0
QJI,2022,4,0,0,0
MLS,2022,9,3,5,13
HCZ,2022,4,0,0,
EXH,2022,10,0,0,0
NHJ,2022,6,2,0,3
GYK,2022,4,0,0,
HBI,2022,2,0,0,0
HDL,2022,1,0,,
OAZ,2022,5,0,0,
FSS,2022,3,0,0,0
JEX,2022,1,0,,
EGJ,2022,1,0,0,2
BSR,2022,5,0,0,3
EXM,2022,1,0,0,0
PPC,2022,3,0,,
EGN,2022,2,0,,
MOD,2022,1,0,,
HJN,2022,2,0,0,0
LCG,2022,1,0,0,
QQX,2022,1,0,,
ODG,2022,1823,0,0,0
LOX,2022,1795,1,0,0
MDS,2022,10325,1,0,0
DZE,2022,472174,1,1,1
BSZ,2022,4291,10,6,19
NCX,2022,504,0,0,0
GAM,2022,4768,4,0,7
GKZ,2022,197,5,1,2
JDG,2022,886,0,0,4
LPH,2022,5201,5,5,13
LXB,2022,381,0,0,0
HWT,2022,2090,2,0,1
HBC,2022,753,9,0,0
GDO,2022,355,0,0,0
KZI,2022,40,0,0,0
LNQ,2022,184,0,0,0
JDQ,2022,134,0,0,0
OSH,2022,8,0,0,0
HGX,2022,152,0,0,0
HXC,2022,143,0,0,0
FZY,2022,68,0,0,0
PAH,2022,159,0,0,0
CDD,2022,23,0,0,3
QBN,2022,135,0,0,0
KHO,2022,220,0,0,0
HBL,2022,263,1,0,0
OSI,2022,37,0,0,0
QCD,2022,29,0,0,0
MCN,2022,53,0,0,1
MTJ,2022,31,0,1,0
JEC,2022,3,0,0,0
FCX,2022,28,0,0,0
PNF,2022,5,0,0,0
FCM,2022,59,7,2,1
OUG,2022,50,0,2,0
OLM,2022,30,0,0,0
ELR,2022,2,0,0,0
EZQ,2022,94,4,0,0
GXY,2022,32,2,2,0
MMH,2022,6,0,0,0
OLP,2022,1,0,0,0
OTE,2022,57,0,1,1
PAD,2022,5,0,0,1
HHI,2022,6,0,0,0
FRL,2022,4,0,0,0
LYA,2022,8,1,0,0
QNM,2022,1,0,,
POL,2022,10,0,0,2
KAR,2022,1,0,,
KCJ,2022,3,0,0,1
FMP,2022,60,0,0,0
OJG,2022,11,20,5,16
JQT,2022,5,0,0,0
KGG,2022,5,0,0,0
HXS,2022,3,0,0,
LEJ,2022,2,0,1,0
KIK,2022,3,0,0,0
QGK,2022,1,0,0,
EKI,2022,1,0,,
QLY,2022,1,0,,
JHS,2022,3,0,0,1
IYC,2022,2,0,,
LTK,2022,2,0,0,0
HTP,2022,1,0,,
QJS,2022,1,0,,
GZC,2022,1,0,,
QKJ,2022,1,0,,
DTI,2022,2,0,0,0
MNJ,2022,1,0,,
LBE,2022,1,0,0,
DQA,2022,475,0,9,9
KNW,2022,526,3,5,2
CCK,2022,2448,1,0,0
HWQ,2022,63,0,0,0
HRY,2022,840,3,0,1
OWD,2022,52,5,1,0
MIH,2022,3429,2,1,1
DXE,2022,461,3,1,1
DWA,2022,204,2,0,0
FBN,2022,282,1,1,1
FOX,2022,12,0,0,0
LMF,2022,57,1,2,1
OWQ,2022,24,0,0,0
MWS,2022,96,0,2,3
EYJ,2022,118,0,0,0
MZF,2022,113,0,0,0
MWG,2022,5,0,0,0
MVR,2022,18,0,0,0
MMX,2022,37,0,0,0
GWO,2022,51,0,2,1
JIL,2022,14,0,0,1
IKX,2022,50,0,0,1
PGM,2022,5,0,0,0
PCE,2022,1,0,0,0
GNX,2022,32,0,0,0
GXN,2022,57,0,0,0
EXB,2022,33,0,0,0
HIB,2022,2,0,0,0
EIC,2022,11,1,0,0
DTD,2022,24,0,0,0
NZW,2022,13,1,0,0
NPL,2022,19,0,0,0
MKQ,2022,17,0,0,0
DPT,2022,45,0,0,22
FMZ,2022,27,0,11,2
NKC,2022,2,0,0,0
LHN,2022,10,3,1,7
HJO,2022,6,0,0,0
KWJ,2022,5,0,0,
MLM,2022,23,1,1,0
GWE,2022,2,0,0,
KPY,2022,1,0,0,
GDG,2022,11,0,0,3
FFG,2022,21,0,1,0
KOG,2022,3,0,0,0
MKW,2022,7,0,0,0
QFQ,2022,23,0,0,
PAY,2022,2,0,0,0
FFO,2022,3,0,0,0
DSS,2022,4,0,0,0
PNE,2022,2,0,0,0
PHL,2022,2,0,0,0
PHO,2022,8,1,,
QQS,2022,515,0,0,0
HLJ,2022,2,0,0,
IZD,2022,3,0,1,3
QDS,2022,1,0,2,1
OAY,2022,2,0,0,0
IDZ,2022,1,0,0,0
MVG,2022,2,0,0,0
GKL,2022,7,0,0,0
PRR,2022,2,0,0,
KWR,2022,2,0,0,
OKH,2022,2,0,,
JEK,2022,2,0,,
DJZ,2022,1,0,0,0
DHB,2022,1,3,0,0
PDI,2022,1,0,0,0
GXL,2022,3,0,0,
PGU,2022,2,0,0,
EJQ,2022,1,0,,
INP,2022,1,0,0,0
KRZ,2022,1,0,,
MSQ,2022,1,0,0,0
LWP,2022,14178,0,0,4
HHS,2022,1638,0,0,0
MAX,2022,616,3,6,2
NBW,2022,7986,1,1,1
JOH,2022,1610,0,4,0
MNL,2022,58,6,0,1
JXG,2022,1318,0,3,6
KGX,2022,251,2,1,4
NAD,2022,403,1,0,0
MEH,2022,315,1,0,0
PXI,2022,22,1,0,0
EZW,2022,4276,1,1,1
MJP,2022,511,0,1,0
OAE,2022,1153,3,1,7
DSH,2022,46,0,0,0
FGE,2022,1740,22,19,8
LMH,2022,1335,0,0,0
JSI,2022,88,2,0,0
NEY,2022,140,1,0,0
MCH,2022,125,0,0,
DZC,2022,7,0,0,0
KYW,2022,35,8,0,1
PFV,2022,261,1,0,0
PAO,2022,9,0,0,1
EGS,2022,276,0,1,0
PID,2022,9,0,0,1
ETD,2022,1,0,1,9
LKB,2022,9,1,0,1
KDP,2022,2,0,0,0
FMH,2022,19,1,3,2
CAF,2022,55,0,1,0
ILQ,2022,27,4,1,0
ESW,2022,108,0,0,31
KYG,2022,20,0,1,0
KGC,2022,51,0,0,0
ISY,2022,23,0,0,0
HWX,2022,88,0,0,0
GDM,2022,3,0,0,0
IZI,2022,264,0,0,0
EFS,2022,21,0,0,0
FNJ,2022,23,1,0,0
IKZ,2022,6,0,0,0
LBI,2022,8,0,0,0
BSN,2022,23,0,0,0
OWY,2022,15,0,0,0
QKU,2022,1,0,,
KXT,2022,3,0,0,0
PLF,2022,4,0,0,0
EHK,2022,1,0,,
QDA,2022,3,0,0,0
ODU,2022,3,0,0,
EEF,2022,7,0,,
QOG,2022,1,0,,
PJO,2022,20,0,0,0
MKT,2022,2,2,0,0
HDA,2022,13,0,0,0
PEK,2022,11,0,0,0
IFP,2022,7,0,0,0
NZG,2022,3,0,0,0
EZX,2022,4,0,0,0
KMC,2022,1,0,,
NSL,2022,1,0,,
QDJ,2022,1,0,,
OED,2022,1,0,0,
QOC,2022,1,0,0,0
BTA,2022,6,0,1,0
OCJ,2022,1,0,0,0
GIF,2022,1,0,,
FRG,2022,4,4,0,0
PAG,2022,1,0,0,
NGZ,2022,3,2,0,0
PBJ,2022,1,0,0,0
MWP,2022,1,0,0,0
OYC,2022,76656,5,0,1
NDP,2022,188,0,1,2
LOD,2022,470,2,0,0
BZD,2022,90406,5,9,7
MNS,2022,2503,6,0,3
CAG,2022,9,0,0,0
NWX,2022,743,0,0,0
HTW,2022,1510,0,0,2
LBX,2022,3,0,,
DTZ,2022,554,10,19,2
QII,2022,57,0,0,0
PIF,2022,76,0,1,3
MCX,2022,714,2,0,0
MMI,2022,505,3,3,1
KYJ,2022,38,0,0,0
FWZ,2022,56,0,0,1
LNH,2022,135,14,17,122
HMX,2022,46,1,0,1
KHP,2022,7,0,0,0
QHR,2022,64,0,0,0
BYE,2022,10,0,0,0
FDA,2022,63,0,0,0
MKZ,2022,2,0,0,0
JLW,2022,136,2,0,2
OHR,2022,166,0,3,3
GHH,2022,11,0,1,0
LFZ,2022,11,1,0,0
MDD,2022,59,0,0,0
NAB,2022,12,0,0,0
NUC,2022,7,1,0,0
HBQ,2022,1,0,,
GMQ,2022,14,0,0,0
LRP,2022,10,3,5,14
LNW,2022,1,0,,
JDN,2022,16,0,0,0
MZR,2022,3,0,,
CFJ,2022,7,0,0,0
OLZ,2022,2,0,0,0
JJG,2022,4,0,0,0
GWG,2022,12,0,1,1
PWH,2022,17,0,0,0
GZJ,2022,4,0,0,0
QGU,2022,1,0,0,
JHY,2022,1,0,0,
KZE,2022,1,0,0,0
QKS,2022,1,0,0,0
HSH,2022,1,0,,
KQS,2022,1,0,,
GKP,2022,4,1,1,0
PCQ,2022,2,0,0,
MIC,2022,1,0,0,0
HQX,2022,2,0,,
OAS,2022,1,0,0,0
KAC,2022,2,0,,
EID,2022,2,0,0,
DQX,2022,1630,35,0,9
DYB,2022,4059,3,18,14
GBX,2022,477,29,0,5
MFK,2022,1250,0,0,0
MOM,2022,721,0,8,3
OEQ,2022,81,7,3,15
NCF,2022,38,0,0,0
NIU,2022,253,0,0,0
IOR,2022,36,0,0,0
MFE,2022,172,0,0,2
FLL,2022,137,0,0,1
PDU,2022,154,0,1,0
FTY,2022,93,0,0,0
MAY,2022,11,0,0,0
LOF,2022,158,0,0,4
QOV,2022,31,0,0,0
CGN,2022,13,0,3,1
KMK,2022,102,0,0,0
FXX,2022,21,0,4,2
EEG,2022,4,0,0,0
KXF,2022,13,0,1,0
DXQ,2022,3,1,0,1
PZS,2022,27,0,0,0
LMG,2022,143,0,0,2
FMS,2022,22,0,0,0
BTM,2022,34,0,9,9
MJK,2022,1,0,0,0
NEK,2022,8,0,0,0
MNK,2022,11,0,0,0
OJH,2022,27,34,10,64
BYG,2022,17,0,0,0
HNF,2022,20,0,0,2
ETW,2022,2,0,0,0
PTD,2022,11,0,0,0
DQT,2022,5,0,0,1
NQR,2022,39,0,0,0
LEH,2022,6,0,0,0
JOZ,2022,16,1,1,1
OAF,2022,15,0,0,0
OZA,2022,2,0,0,
JFP,2022,6,0,0,0
DOP,2022,1,0,4,0
KFF,2022,1,0,3,
LBS,2022,2,0,0,0
HDT,2022,2,0,,
NHK,2022,7,0,0,0
PLA,2022,1,0,0,0
GDX,2022,5,0,0,0
LED,2022,1,0,0,
OYU,2022,2,0,0,1
DML,2022,1,0,0,0
BRW,2022,1,0,0,0
NRP,2022,1,0,0,
PFF,2022,1,3,2,1
INX,2022,17,0,0,0
KTZ,2022,2,0,0,0
LYV,2022,1,0,,
KQT,2022,8,0,0,0
BZQ,2022,2,0,,
PNZ,2022,3,0,0,0
OOG,2022,18,0,0,0
KWF,2022,5,0,0,0
INW,2022,1,0,0,
OWA,2022,1,0,,
LGX,2022,1,0,,
QPT,2022,1,0,0,0
OYT,2022,1,0,,
BYH,2022,1,0,,
PMV,2022,1,0,0,
FDS,2022,6153,1,2,2
FDT,2022,2607,4,5,0
HIF,2022,664,0,2,0
NTE,2022,318,0,17,0
NKM,2022,2574,3,1,0
EXS,2022,226,1,1,0
PNJ,2022,1699,0,0,2
NWB,2022,1827,2,5,7
LZS,2022,151,0,0,0
DRM,2022,720,1,0,1
MPO,2022,61,0,1,0
MTA,2022,1873,0,7,0
LZH,2022,504,0,0,0
GAW,2022,1556,2,0,3
OTM,2022,197,0,0,0
GEH,2022,230,0,2,2
KNS,2022,908,0,1,20
MND,2022,804,0,1,0
FDI,2022,245,0,0,0
HGM,2022,86,0,0,1
LQL,2022,6,2,0,0
EPT,2022,42,2,0,0
ODP,2022,50,0,3,0
HDB,2022,12,0,0,0
LDF,2022,117,0,0,3
CAN,2022,6,0,1,0
MUE,2022,35,0,1,0
GWJ,2022,8,0,0,0
GBA,2022,27,0,0,0
FZE,2022,30,0,0,0
OFC,2022,4,0,0,0
FSZ,2022,3,0,0,0
MOS,2022,5,0,0,16
HBM,2022,5,0,2,0
LEG,2022,19,0,0,0
JBQ,2022,1,0,0,
PJF,2022,2,0,0,0
PEZ,2022,5,0,0,0
OXQ,2022,7,8,6,11
CGZ,2022,5,0,0,0
CDT,2022,4,0,2,0
KOC,2022,26,0,0,0
NFO,2022,5,0,0,0
KLT,2022,7,0,0,0
KWB,2022,5,0,0,
QRK,2022,2,0,0,0
FKR,2022,3,0,0,0
MSW,2022,54,2,1,0
FXP,2022,1,0,0,0
MOL,2022,2,1,0,0
CKG,2022,1,0,0,0
MQE,2022,2,0,0,0
IRQ,2022,1,0,0,0
HPP,2022,1,0,0,0
QRJ,2022,2,0,0,0
LMN,2022,1,0,,
JAF,2022,2,0,4,
NAS,2022,2,0,0,
NDR,2022,1,0,,
NIK,2022,10526,8,61,6
KRG,2022,1345,0,0,0
HXB,2022,41,0,0,1
NJK,2022,333,0,1,0
GAP,2022,416,1,1,1
HWC,2022,3901,13,0,26
MNH,2022,263,0,0,0
KDJ,2022,2906,17,2,26
KYB,2022,294,0,0,1
NTW,2022,11,0,0,0
OIY,2022,39,1,1,0
JDR,2022,202,11,0,0
QMG,2022,56,0,0,0
JAA,2022,27,8,14,3
CHL,2022,138,4,7,11
PEP,2022,14,1,0,0
DWF,2022,275,0,0,15
EZO,2022,2,0,0,0
ITI,2022,131,1,2,2
NWV,2022,20,0,0,0
OZT,2022,33,0,0,0
CGA,2022,270,2,3,1
MAE,2022,80,0,0,0
HTR,2022,14,0,0,0
KXK,2022,26,0,0,0
DZJ,2022,22,1,0,0
HFG,2022,20,0,0,0
EBZ,2022,5,1,0,0
MBL,2022,90,0,0,0
KCZ,2022,1,0,0,
ETA,2022,4,0,0,0
PEW,2022,54,1,0,0
KRB,2022,21,0,0,0
QIJ,2022,3,0,0,0
LHX,2022,14,0,0,0
OQI,2022,4,1,1,2
NVM,2022,4,0,0,0
QAV,2022,6,0,0,1
GEN,2022,17,0,0,4
JQW,2022,44,0,0,0
MAU,2022,1,0,1,0
KXJ,2022,50,0,0,0
IQI,2022,11,0,3,0
QCT,2022,2,0,0,0
KRR,2022,9,3,0,0
LQE,2022,2,0,0,0
KXA,2022,13,0,0,0
ODE,2022,16,0,0,0
EMF,2022,10,0,0,0
HXL,2022,1,0,0,0
QNO,2022,3,0,0,0
PIJ,2022,13,0,0,0
OPJ,2022,3,0,0,0
KNA,2022,4,0,0,0
NBF,2022,1,0,,
HBO,2022,3,0,0,0
HMF,2022,2,0,0,0
PWE,2022,1,0,0,
FZZ,2022,1,0,0,0
LYU,2022,4,0,0,0
OHQ,2022,2,7,,
PLR,2022,1,0,0,
HWP,2022,2,0,0,
DIO,2022,1,0,0,
JWI,2022,1,0,0,0
OMX,2022,114,0,0,0
FFY,2022,2,0,,
NDH,2022,2,0,0,
LIO,2022,1,0,0,0
NNZ,2022,2,0,0,
PLW,2022,2,0,,
KFK,2022,1,0,,
NUU,2022,1,0,2,0
EAX,2022,1,0,0,
QBJ,2022,228837,0,0,0
HSB,2022,2706,1,9,5
FZP,2022,1567,0,1,0
DQO,2022,377,3,2,51
NJE,2022,391,0,0,0
BTO,2022,758,0,1,31
QAN,2022,115,0,0,1
NIM,2022,169,0,0,0
DRA,2022,648,0,0,1
LSL,2022,11,0,0,0
LYJ,2022,1569,0,0,2
HGP,2022,27,1,0,0
CGL,2022,11,0,0,0
HXW,2022,10,0,0,0
OHA,2022,8,0,0,2
KOX,2022,3,0,0,0
PNO,2022,75,0,0,0
FAS,2022,145,0,2,0
MRZ,2022,37,0,1,0
KDD,2022,12,5,12,175
OSR,2022,264,1,0,0
ISH,2022,2,1,1,0
HQD,2022,3,0,0,0
FZO,2022,18,0,0,0
JIN,2022,14,1,3,0
MRD,2022,31,0,0,0
BZR,2022,15,0,0,0
CCX,2022,13,0,0,1
KZF,2022,70,0,0,0
PML,2022,12,0,2,0
OZI,2022,5,0,0,0
NEC,2022,5,0,0,0
IMG,2022,14,0,0,0
OBR,2022,6,0,0,0
PJE,2022,16,0,0,0
CAK,2022,110,0,0,0
IKY,2022,44,0,0,0
JKC,2022,2,0,0,2
OGG,2022,14,0,0,0
OYJ,2022,4,1,,
DTS,2022,11,0,0,1
MLN,2022,8,0,0,0
CJY,2022,17,1,0,0
FFK,2022,13,1,0,0
PWI,2022,6,0,0,2
FEN,2022,3,0,0,0
NZF,2022,1,0,0,
CIT,2022,2,0,1,0
OMT,2022,1,0,0,0
MGZ,2022,13,0,1,0
FBQ,2022,3,25,0,0
MPK,2022,2,1,0,0
MVA,2022,1,0,,
MLA,2022,4,0,0,0
HAD,2022,1,0,,
PGT,2022,1,0,0,0
OPM,2022,1,0,,
NWW,2022,4,0,0,0
PRX,2022,2,0,,
DWL,2022,1,0,0,0
QLG,2022,26226,0,3,1
MBB,2022,275,1,0,0
GAT,2022,1414,4,0,0
OLO,2022,1562,6,10,13
IYN,2022,186,10,10,14
MRA,2022,89,0,0,0
KWY,2022,207,0,0,2
NZU,2022,514,0,1,0
MGB,2022,9375,0,3,0
KWQ,2022,385,0,0,0
NEP,2022,75,1,1,0
MEG,2022,168,2,0,1
MGP,2022,3,0,0,0
FMK,2022,249,0,0,0
BSP,2022,84,0,0,0
GWF,2022,45,2,0,3
PCU,2022,208,0,0,0
DXT,2022,110,0,2,11
JDW,2022,121,0,0,0
FZT,2022,76,0,0,1
JDS,2022,585,1,0,0
FOD,2022,4,0,0,0
FQO,2022,124,2,2,11
DRY,2022,37,0,0,0
LRS,2022,7,14,5,5
PLV,2022,39,0,0,0
HQE,2022,46,0,0,0
LJE,2022,42,0,0,0
JTW,2022,5,2,0,0
JCF,2022,7,0,0,0
JIF,2022,2,0,0,0
OFP,2022,11,0,0,0
FQM,2022,23,3,0,2
PDJ,2022,19,4,1,0
KDT,2022,39,0,0,0
JID,2022,12,0,0,0
KGO,2022,10,2,2,0
INB,2022,3,0,0,0
PNW,2022,92,0,0,1
FNG,2022,5,1,0,1
GAB,2022,17,0,0,0
MNM,2022,4,0,0,
QAD,2022,25,0,0,0
OHD,2022,13,2,6,10
BXR,2022,3,0,0,
LZN,2022,6,1,7,0
FWG,2022,1,0,,
PPD,2022,5,0,0,1
JZF,2022,5,0,0,0
GQG,2022,3,0,0,0
NLH,2022,12,0,0,1
CFR,2022,3,0,0,0
NJD,2022,34,0,0,0
HFX,2022,3,0,2,1
QBC,2022,1,0,0,0
FSH,2022,1,0,0,0
HGY,2022,1,0,0,0
QAZ,2022,1,0,0,
NEG,2022,1,0,0,0
NUH,2022,2,0,0,0
FYI,2022,4,0,0,0
KAE,2022,1,0,0,0
PJG,2022,1,0,,
EAJ,2022,1,0,0,0
GJC,2022,1,0,0,
KNT,2022,1630,1,2,9
FEB,2022,607,0,5,5
NPT,2022,5957,0,0,5
LSZ,2022,214,1,2,0
FSA,2022,260,3,3,1
HTQ,2022,502,0,0,0
HCG,2022,653,4,0,1
BZO,2022,66,1,7,2
LCJ,2022,495,0,1,0
NIV,2022,149,0,0,0
NEU,2022,98,3,0,3
KOE,2022,14,0,0,0
JIS,2022,11,1,1,
OPR,2022,61,1,0,0
PSV,2022,367,0,2,0
NAE,2022,11,0,0,0
JDZ,2022,46,0,0,0
FCK,2022,3,0,0,0
FWC,2022,17,0,0,0
ODD,2022,11,0,0,0
JQX,2022,24,0,0,0
CIG,2022,26,0,1,1
HXK,2022,8,0,1,1
KMF,2022,7,1,0,0
NQJ,2022,2,0,,
KYT,2022,1,0,1,
JOS,2022,8,0,0,0
LDM,2022,1,0,,
GER,2022,2,2,,
FER,2022,3,0,0,0
LBP,2022,1,0,0,0
BYS,2022,2,0,2,0
IDO,2022,2,0,0,0
CZP,2022,1,1,0,0
HRQ,2022,8,0,0,2
OII,2022,1,1,1,
LZK,2022,1,0,,
NQX,2022,5,0,0,0
EMS,2022,1,0,0,
FWB,2022,1,0,0,0
CDS,2022,1,0,,
PCD,2022,21,0,0,0
KOO,2022,1,2,1,0
JGQ,2022,1,0,0,0
KXQ,2022,1,0,0,0
GWN,2022,1,0,0,0
ORY,2022,2,0,0,0
JAD,2022,4,1,1,0
PBQ,2022,2,0,0,0
EMN,2022,1,0,0,
QPP,2022,1,0,0,0
HKS,2022,1,0,,
QRU,2022,1,0,0,0
PAB,2022,1,0,1,0
GCJ,2022,3924,7,22,15
DRF,2022,608,0,0,0
HRX,2022,1399,0,0,3
MHX,2022,1456,7,9,19
JWH,2022,8311,23,72,17
DSI,2022,1619,1,3,0
GXR,2022,13,0,0,0
KWA,2022,1613,0,20,0
NJL,2022,2317,0,0,0
KTT,2022,620,1,2,1
MDB,2022,642,0,1,4
DXN,2022,155,0,0,7
FZX,2022,578,1,1,0
DHA,2022,185,2,0,0
ONB,2022,447,4,1,1
MNQ,2022,275,0,0,3
FST,2022,11,0,0,0
DRC,2022,61,0,0,1
OCZ,2022,32,18,0,0
MFA,2022,60,0,0,0
GXQ,2022,59,0,1,2
LXA,2022,8,0,0,0
MTF,2022,45,0,0,1
GZB,2022,208,0,0,0
HHD,2022,8,0,0,0
HBA,2022,28,1,0,23
QEW,2022,122,7,0,2
HTC,2022,22,0,0,0
NAW,2022,23,0,0,0
FPP,2022,36,0,0,0
INK,2022,93,0,0,0
ILS,2022,43,0,0,0
DTL,2022,48,2,2,1
KGY,2022,19,0,0,0
JSD,2022,3,0,1,
KTW,2022,50,0,0,0
JXB,2022,10,2,0,0
PLL,2022,36,1,0,0
PCH,2022,47,1,5,2
MHE,2022,6,0,0,0
FSR,2022,11,0,0,0
FZH,2022,10,0,,
OCM,2022,5,0,0,0
OGJ,2022,1,27,4,1
GDF,2022,4,0,2,0
PTE,2022,3,0,0,
QGT,2022,3,0,,
CAD,2022,13,0,0,5
QGH,2022,16,0,0,0
HYA,2022,2,0,,
MQF,2022,11,0,0,0
ELW,2022,9,1,0,0
NXB,2022,3,0,0,0
OBT,2022,1,0,0,0
FHA,2022,2,0,0,
FAM,2022,3,0,0,0
ECM,2022,2,0,,
ILY,2022,2,4,1,0
LMD,2022,6,0,0,0
ONF,2022,2,0,0,0
JXL,2022,3,0,,
LOJ,2022,1,0,0,0
JTA,2022,1,0,0,0
DPW,2022,1,0,1,0
QLW,2022,2,1,0,
NOV,2022,1,0,,
HHL,2022,1,0,0,0
HXQ,2022,1,0,,
MVV,2022,2,0,0,0
MMY,2022,1,1,0,
EXG,2022,1,0,0,0
MER,2022,1,0,,
PGN,2022,120,1,0,0
HWE,2022,3289,0,0,0
PUI,2022,47,19,1,0
MBI,2022,1587,1,4,1
FAD,2022,555,9,0,0
NHL,2022,212,0,0,1
KYF,2022,284,0,0,0
OOI,2022,848,7,2,3
FEG,2022,40,0,10,1
JDB,2022,58,0,0,1
LFL,2022,3398,0,2,12
EZN,2022,50,0,0,1
NTN,2022,46,0,0,0
MMK,2022,38,0,0,0
NPV,2022,190,1,0,0
KIH,2022,26,0,0,0
MON,2022,19,0,0,0
FEA,2022,16,0,0,0
DPS,2022,56,2,3,6
GAG,2022,50,1,0,0
LKQ,2022,17,1,,
LCP,2022,8,1,0,3
OTD,2022,51,0,0,0
BSO,2022,135,0,0,0
KGE,2022,16,0,0,0
DTN,2022,7,0,1,0
OHY,2022,7,1,0,0
CKA,2022,2,0,0,0
MPV,2022,52,0,0,0
PJP,2022,4,0,0,0
LKG,2022,6,0,0,0
NOU,2022,332,1,1,3
BRZ,2022,54,0,0,0
HIS,2022,18,1,0,0
KNY,2022,19,0,1,1
OUB,2022,40,0,0,0
JTC,2022,26,0,1,0
MZM,2022,103,0,0,0
ERA,2022,3,0,0,0
CBT,2022,13,1,2,0
ISW,2022,2,1,1,4
FWP,2022,12,0,0,0
LFD,2022,15,0,0,0
DSK,2022,29,0,0,0
OYS,2022,28,1,0,0
FQL,2022,3,0,0,0
KSF,2022,1,0,0,0
FLN,2022,2,0,0,
BZG,2022,3,0,0,1
FIE,2022,1,0,0,0
HNQ,2022,5,1,0,1
MES,2022,1,0,,
LZC,2022,2,0,0,1
FPL,2022,1,1,0,
DCN,2022,1,0,0,0
NFJ,2022,2,1,,
PXE,2022,3,0,0,
HMY,2022,2,0,0,0
MVF,2022,1,0,0,0
CDM,2022,1,0,0,0
NKO,2022,1,0,,
CHI,2022,3,0,1,0
JJF,2022,1,0,0,0
GAH,2022,7,0,0,0
KTC,2022,1,0,,
JDJ,2022,8,0,0,0
OTL,2022,3,0,0,0
KRE,2022,2,0,0,
EBI,2022,1,2,2,5
QIT,2022,3,0,0,0
GDZ,2022,5,1,0,2
LLD,2022,1,0,0,0
HMT,2022,1,0,0,
MAJ,2022,4,0,0,0
HFA,2022,4,0,0,0
PAI,2022,1,0,,
KWP,2022,333,3,5,0
MAV,2022,437,5,0,4
MNT,2022,3264,5,2,1
MSD,2022,609,9,1,17
OEZ,2022,36,28,14,43
ONU,2022,358,1,0,0
DXY,2022,777,3,0,0
BYD,2022,32,1,0,3
GBM,2022,282,0,1,0
BYI,2022,16,0,0,0
GBO,2022,120,0,0,0
DRT,2022,35,0,1,2
DWS,2022,34,1,5,0
NIE,2022,117,1,25,0
HTN,2022,83,1,0,0
GDY,2022,225,1,0,1
FGC,2022,33,0,0,0
DXZ,2022,77,0,2,1
LPC,2022,14,2,0,0
LXT,2022,21,1,0,0
HAO,2022,10,0,0,0
QKR,2022,3,0,0,0
KDC,2022,10,1,0,1
OLW,2022,27,0,0,0
QHT,2022,47,0,0,0
ORR,2022,1,0,,
MIA,2022,19,0,0,0
EBF,2022,2,0,0,3
OIV,2022,3,0,0,0
MRJ,2022,2,0,0,0
OBP,2022,56,0,0,0
HXP,2022,11,0,0,0
LNI,2022,2,0,4,12
GZT,2022,4,0,0,0
MKY,2022,1,0,0,0
MCB,2022,2,0,0,
MML,2022,1,0,,
DCF,2022,3,0,0,0
EAP,2022,1,0,0,0
HJH,2022,2,0,,
OWP,2022,2,0,,
HRH,2022,1,0,0,
QSK,2022,11,0,0,0
FZQ,2022,1,0,0,0
MVD,2022,1,0,,
LRR,2022,1,5,0,0
MSX,2022,18,1,0,1
OZO,2022,54004,1,0,1
DQY,2022,2617,3,19,6
MSS,2022,485,0,0,0
NRY,2022,543,0,0,3
LZO,2022,1975,6,15,5
CCW,2022,319,1,4,5
LGZ,2022,1531,0,0,0
JDC,2022,129,0,1,0
LOM,2022,138,1,1,1
DXG,2022,44,0,0,0
NXT,2022,425,0,0,0
LQC,2022,245,0,0,1
LRN,2022,105,0,0,0
FDP,2022,7,0,0,0
OJU,2022,41,2,1,3
JJX,2022,24,0,4,2
FGO,2022,18,0,0,0
MIR,2022,23,0,0,0
GAZ,2022,12,0,0,0
JAK,2022,194,15,37,23
MQB,2022,13,0,1,0
ITX,2022,87,6,4,1
HIG,2022,66,0,1,0
KIJ,2022,4,0,0,0
FOS,2022,38,0,0,0
IOL,2022,1,7,7,0
GES,2022,21,1,0,0
NQW,2022,16,0,0,0
MYR,2022,1,0,,
GBQ,2022,7,0,0,0
BYY,2022,10,0,0,0
CJE,2022,6,0,1,0
KRL,2022,20,0,0,0
EFQ,2022,6,3,0,0
NDQ,2022,1,0,,
EMA,2022,3,1,2,2
POC,2022,1,0,0,0
EIE,2022,1,0,0,
BWN,2022,6,0,0,0
KDH,2022,3,0,,
HCC,2022,3,0,1,0
NHB,2022,8,0,0,0
FNN,2022,2,0,0,0
KLK,2022,1,0,,
NGY,2022,10,0,1,0
PIO,2022,5,0,0,0
OHS,2022,2,0,0,0
DKZ,2022,4,1,0,0
MSI,2022,1,0,,
OCC,2022,2,0,1,2
HNC,2022,1,0,0,
MLO,2022,1,0,0,2
MEJ,2022,1,0,,
HLI,2022,1,0,0,0
IQK,2022,2,0,0,1
BSD,2022,1,0,,
MTX,2022,1,1,0,
MQJ,2022,1,0,,
JXH,2022,2,0,,
OXK,2022,2,0,0,
EJR,2022,2,0,0,0
JKD,2022,1,0,0,
PKN,2022,2,0,0,0
FRN,2022,871063,6,36,36
FTL,2022,11283,4,5,1
NVN,2022,17999,0,0,0
DTB,2022,19226,0,0,0
OOK,2022,1960,5,0,0
NIP,2022,824,1,1,0
HXX,2022,1711,0,0,1
LXH,2022,4818,7,10,8
LPO,2022,97,0,0,0
NHA,2022,495,0,5,3
OOE,2022,201,0,0,0
HTJ,2022,315,0,0,0
FRO,2022,176,10,3,2
BTT,2022,736,1,0,1
EZC,2022,1353,0,0,0
OJX,2022,2912,0,0,0
GEY,2022,1343,0,1,0
HWA,2022,2079,0,1,1
HTO,2022,3900,1,0,1
PJQ,2022,178,0,0,0
GAN,2022,317,0,0,2
PQF,2022,1360,2,0,0
OZD,2022,538,0,11,19
GWM,2022,423,1,2,6
LDD,2022,80,1,1,3
OVE,2022,199,0,0,1
HXZ,2022,36,0,0,0
PCI,2022,10,0,0,0
MUU,2022,49,0,0,0
PZP,2022,172,0,0,0
QCA,2022,23,0,0,1
NPJ,2022,32,0,0,0
EFT,2022,40,2,1,0
NQQ,2022,4,0,0,0
PGQ,2022,21,0,0,0
LGD,2022,73,0,0,0
FZM,2022,9,0,0,0
MTG,2022,4,0,0,0
EYB,2022,5,1,0,0
LKN,2022,42,0,2,0
LJH,2022,21,1,0,0
OLT,2022,4,0,0,0
PWB,2022,5,0,0,0
GCP,2022,26,0,0,2
HWI,2022,2,0,0,
NVP,2022,2,0,0,0
IQA,2022,1,0,4,4
ILI,2022,2,0,0,0
BWF,2022,7,0,0,0
BYJ,2022,4,4,0,0
EYI,2022,1,0,,
FFN,2022,1,0,,
KZA,2022,1,0,0,0
FPF,2022,2,0,0,0
LTO,2022,3,0,0,0
GFC,2022,6,0,0,0
CDQ,2022,1,0,2,0
MVU,2022,16,5,3,2
HBG,2022,3,0,9,12
FAF,2022,1,0,0,0
JAQ,2022,4,0,0,0
PII,2022,1,0,,
DZA,2022,1,0,0,0
QUF,2022,1,0,0,0
FTR,2022,30549,0,0,0
NAY,2022,5634,7,5,42
GDW,2022,13504,0,2,5
HQR,2022,1,0,0,
EZY,2022,1535,0,0,2
HAB,2022,387,0,0,0
MJN,2022,148,0,0,0
FSY,2022,424,1,11,5
JDI,2022,1976,5,4,3
HBF,2022,148,0,0,0
PEA,2022,65,0,0,0
GXI,2022,46,0,0,1
FJL,2022,74,1,0,0
GXD,2022,82,0,2,0
OVD,2022,73,1,15,3
KMY,2022,18,0,0,0
PBI,2022,128,0,0,0
LTI,2022,601,0,0,0
KNX,2022,166,0,1,0
QHM,2022,116,0,0,0
JDP,2022,61,0,0,0
CAT,2022,74,0,0,0
INI,2022,41,0,0,0
EFB,2022,155,0,1,0
OEV,2022,6,0,0,0
OCL,2022,58,1,0,0
OAR,2022,11,0,0,2
DEH,2022,7,0,0,0
DTR,2022,23,0,1,0
NBE,2022,11,0,2,0
LQR,2022,58,0,0,0
GCA,2022,18,0,0,0
IOY,2022,13,0,0,0
IZQ,2022,23,0,0,0
IMI,2022,1,0,0,0
GXZ,2022,18,0,0,0
LWG,2022,1,0,0,0
QOI,2022,1,0,0,0
ONG,2022,2,0,0,2
LXG,2022,13,0,1,0
LCX,2022,12,4,9,0
FDE,2022,16,9,8,14
HHW,2022,13,1,0,0
KKX,2022,19,2,1,3
LWF,2022,5,0,0,0
IMP,2022,11,0,0,0
FRI,2022,3,0,0,0
PXU,2022,4,0,0,1
OFL,2022,5,1,0,2
KYX,2022,11,8,1,3
EWY,2022,9,0,0,0
OYH,2022,1,0,0,0
JDY,2022,1,0,0,0
PKY,2022,1,0,,
IYX,2022,1,0,,
OLV,2022,3,0,0,0
QNW,2022,7,0,0,0
HRR,2022,1,0,1,
HCI,2022,1,0,3,0
IBJ,2022,2,0,,
MBP,2022,4,0,19,0
DWP,2022,1,0,,
JFB,2022,2,0,0,0
EKR,2022,3,0,0,
NRD,2022,1,0,,
NGE,2022,1,0,0,2
PMP,2022,1944,0,0,1
MPB,2022,164,0,0,0
QFG,2022,126691,1,2,1
MLR,2022,182,0,0,0
LJS,2022,3212,0,8,1
OCY,2022,130,1,0,0
OYE,2022,192,0,0,6
OTN,2022,800,0,0,0
MPN,2022,163,1,0,0
JEY,2022,339,0,1,0
HXD,2022,88,0,0,1
CAL,2022,257,0,0,0
OCW,2022,232,0,1,0
LRY,2022,57,0,0,0
ELC,2022,165,2,0,5
FNL,2022,1105,5,17,1
IYO,2022,511,1,0,0
LWH,2022,40,1,0,0
JTO,2022,4,12,0,0
FYD,2022,45,1,0,0
MSH,2022,17,0,1,0
JOJ,2022,23,3,3,0
CEM,2022,16,0,7,0
NRA,2022,277,0,0,0
KFZ,2022,24,0,0,0
OXC,2022,161,0,0,0
DZN,2022,26,0,0,0
FAQ,2022,48,0,3,0
OVJ,2022,1,0,0,0
JDH,2022,75,0,0,0
QAQ,2022,2,0,0,0
KHJ,2022,3,0,0,0
MWJ,2022,6,0,0,2
JSO,2022,8,15,1,0
EJL,2022,19,0,0,1
GBB,2022,4,0,0,0
JET,2022,39,1,0,0
GET,2022,13,0,1,0
ICL,2022,1,0,0,0
CEO,2022,2,0,0,0
GCL,2022,3,0,0,0
FFX,2022,31,0,1,0
CFP,2022,7,0,1,1
EXJ,2022,1,0,,
LJX,2022,1,0,0,0
PZX,2022,14,0,0,0
HDC,2022,5,0,,
HBW,2022,2,0,0,1
FRK,2022,1,0,0,0
GAK,2022,20,0,0,0
EWD,2022,1,0,0,0
PBX,2022,7,0,0,0
CBQ,2022,1,0,,
FEI,2022,2,0,0,
GAE,2022,1,0,0,0
DPZ,2022,2,0,0,
HLG,2022,1,0,0,0
LKY,2022,1,0,0,
CGI,2022,1,0,0,0
HOA,2022,1,0,,
PBZ,2022,2,0,3,0
QOR,2022,2,0,0,0
OOW,2022,1,0,,
KES,2022,1,0,0,0
MPA,2022,3,0,0,0
DXX,2022,1,0,0,
ECR,2022,1,0,,
CET,2022,4,0,,
PLS,2022,2,1,0,
DSQ,2022,15790,21,11,8
BTS,2022,140,0,0,0
KRA,2022,536,2,2,0
FGB,2022,452,6,1,15
KPR,2022,27,3,8,4
MLZ,2022,40,0,0,0
HSD,2022,507,0,0,0
ETN,2022,247,3,1,2
ERL,2022,1564,0,0,0
HSN,2022,452,3,2,1
GAD,2022,80,1,3,4
NTG,2022,50,0,1,0
PKC,2022,31,0,0,1
NEW,2022,1521,2,3,1
DTX,2022,69,0,0,0
DWC,2022,599,0,5,0
GCY,2022,96,0,0,0
JSM,2022,36,6,0,1
IME,2022,6,8,0,0
OUR,2022,22,0,0,0
MTD,2022,144,1,0,0
MUZ,2022,104,0,0,0
CBI,2022,127,1,0,1
DRG,2022,43,0,0,1
MNR,2022,4,0,0,0
KTI,2022,129,0,1,0
NDC,2022,345,1,0,0
MZC,2022,6,0,0,0
QHZ,2022,1,0,0,
ORZ,2022,2,1,0,0
JIX,2022,11,0,8,2
NJT,2022,3,0,0,1
CEW,2022,188,2,0,2
LHW,2022,1,0,,
DYT,2022,8,0,0,0
ORG,2022,24,0,0,0
LRC,2022,25,0,1,2
OIR,2022,2,2,0,0
JOY,2022,2,0,0,1
CDX,2022,7,0,0,0
CFN,2022,1,2,1,
PBL,2022,2,0,,
QHQ,2022,9,0,0,0
FEC,2022,4,0,,
JDX,2022,10,0,0,0
NGX,2022,7,0,0,0
OUY,2022,16,0,0,0
PHC,2022,4,2,0,0
LHC,2022,1,0,0,0
QOQ,2022,1,0,0,
GFE,2022,4,0,0,0
IKD,2022,17,0,0,1
LOK,2022,10,0,0,0
QEP,2022,1,0,1,3
LSR,2022,1,0,0,1
HQA,2022,5,0,0,0
GDH,2022,2,0,0,0
NTR,2022,1,0,0,
HRZ,2022,2,0,0,0
OSN,2022,2,1,0,
GGK,2022,1,1,,
JFJ,2022,1,0,0,0
PSR,2022,2,0,0,
POW,2022,1,0,,
QRX,2022,1,0,,
LNR,2022,91,0,0,0
LGW,2022,23022,8,11,15
PZE,2022,15340,0,2,0
KFM,2022,292,0,1,2
LWR,2022,1074,0,0,0
LRJ,2022,170,4,1,0
NQO,2022,341,1,1,0
FTD,2022,136,0,6,2
JJE,2022,3954,4,20,33
CAW,2022,302,4,1,5
MAL,2022,21,1,0,0
LWK,2022,8,0,0,2
GFF,2022,68,0,0,0
KOD,2022,1275,3,1,0
MJO,2022,254,1,1,2
DZI,2022,62,0,0,0
EJK,2022,1,0,,
KOL,2022,3,0,0,0
INO,2022,28,1,0,0
OHV,2022,12,0,1,0
KRI,2022,2,0,0,
OCT,2022,10,1,0,0
PZI,2022,7,0,0,1
KGN,2022,13,3,6,0
QGZ,2022,1,0,0,
CBL,2022,19,0,0,0
FGX,2022,60,1,0,0
HHE,2022,26,0,0,0
LFM,2022,3,0,0,2
HQB,2022,3,0,0,0
MQN,2022,61,0,0,0
LLI,2022,11,1,0,1
PQP,2022,1,2,2,
OFU,2022,13,0,0,0
OYB,2022,1,0,0,0
OHM,2022,3,4,6,5
QSY,2022,1,0,0,0
BSK,2022,4,0,1,0
KKY,2022,1,0,0,0
IWJ,2022,3,0,0,0
HPT,2022,1,0,0,
HBS,2022,4,0,0,
FBX,2022,7,0,,
OQB,2022,1,0,0,0
JYR,2022,1,0,,
PHU,2022,7,0,,
KWH,2022,5,0,0,0
QAJ,2022,6,0,0,0
GFJ,2022,1,0,0,0
GEE,2022,1,0,0,
QCI,2022,2,0,0,
KGI,2022,1,0,0,1
LJB,2022,2,1,,
JNL,2022,8,0,0,
BWC,2022,4,0,0,
FEZ,2022,2,1,0,
MFD,2022,1,0,,
FXY,2022,2,0,0,1
JWK,2022,1,0,,
NXA,2022,4,1,3,
BXP,2022,1,0,0,
JMG,2022,2,0,0,0
CGS,2022,1,1,0,1
PVD,2022,1,0,,
HQY,2022,1,0,0,
MBE,2022,1,0,,
KAL,2022,1,0,1,
EKP,2022,1,0,0,0
PQF,2023,6283,0,0,0
MXC,2023,823,0,0,0
MAX,2023,571,6,2,8
MJP,2023,746,1,0,0
QGP,2023,69,0,0,0
EOQ,2023,5043,42,7,27
DTC,2023,215,0,0,0
DXY,2023,915,0,0,0
MXD,2023,1760,1,1,0
EGS,2023,115,1,0,0
BTL,2023,730,0,8,0
OBJ,2023,694,0,1,2
HTJ,2023,375,0,0,0
DWM,2023,108,0,0,0
NAD,2023,1617,0,0,2
KWT,2023,362,1,0,0
MNB,2023,209,0,1,1
OAD,2023,318,0,0,0
PZP,2023,254,0,0,0
QEW,2023,162,0,2,1
GXN,2023,32,0,0,0
MPB,2023,202,0,0,0
MEH,2023,334,0,0,1
MWS,2023,67,2,3,0
NPU,2023,287,0,0,0
QMG,2023,63,0,0,0
GDY,2023,98,0,1,4
EQL,2023,25,0,0,0
ISY,2023,23,0,0,0
MAF,2023,205,0,0,0
FPP,2023,41,0,0,0
JTO,2023,19,0,0,0
EXG,2023,18,0,0,0
PTI,2023,9,0,0,0
FCM,2023,48,2,1,0
OHA,2023,15,0,2,0
CKG,2023,3,0,0,3
ETD,2023,4,1,9,0
MIC,2023,1,0,0,
HWK,2023,9,0,0,0
KIC,2023,12,0,0,0
HRM,2023,23,0,0,0
NHI,2023,25,0,0,0
NEK,2023,14,0,0,0
FEN,2023,3,0,0,
QIT,2023,4,0,0,0
HCH,2023,10,2,0,0
KAE,2023,1,0,0,1
MXJ,2023,140,0,0,0
JGX,2023,10,0,,
IKD,2023,6,0,1,0
PNE,2023,5,0,0,
NKC,2023,4,0,0,0
MQE,2023,37,0,0,0
MCB,2023,2,0,,
QRF,2023,370,1,,
OHM,2023,7,6,5,9
IKK,2023,3,1,0,
CDQ,2023,2,2,0,0
CCO,2023,1,0,,
NDY,2023,2,0,2,0
PTX,2023,2,0,0,
NVP,2023,2,0,0,
QON,2023,2,0,0,
DIO,2023,1,0,,
PMT,2023,2,0,0,0
LMD,2023,7,0,0,0
HQB,2023,3,0,0,4
HMZ,2023,1,0,1,
QWK,2023,3,0,0,1
KLT,2023,3,0,0,0
DYE,2023,3480,0,0,0
FGE,2023,1598,19,8,1
HIF,2023,890,2,0,0
NIG,2023,129,0,5,0
MTA,2023,2060,7,0,0
GAN,2023,342,0,2,0
MCX,2023,701,0,0,0
KXF,2023,9,1,0,0
NDP,2023,210,1,2,4
BTR,2023,1326,124,1,1
QBN,2023,39,0,0,0
LTI,2023,964,0,0,0
HBB,2023,178,0,0,2
NZU,2023,240,1,0,0
BTI,2023,324,3,0,0
NHL,2023,407,0,1,2
CAL,2023,263,0,0,0
BRZ,2023,67,0,0,0
FDA,2023,60,0,0,0
MPK,2023,7,0,0,0
QAN,2023,207,0,1,1
KMF,2023,6,0,0,0
IMD,2023,183,0,3,0
OGO,2023,184,0,0,0
DRX,2023,113,0,0,0
HXZ,2023,33,0,0,0
KNF,2023,33,0,0,0
PRC,2023,31,0,0,0
QCA,2023,58,0,1,0
LBS,2023,5,0,0,1
GAO,2023,5,0,0,0
MSW,2023,4,1,0,1
MWP,2023,3,0,0,0
JFY,2023,35,0,0,0
PQA,2023,3,0,0,0
PRI,2023,12,0,0,0
JQX,2023,27,0,0,0
PWY,2023,9,0,2,
PLA,2023,6,0,0,
OAR,2023,14,0,2,0
OQG,2023,18,1,0,0
KNN,2023,1,3,0,6
MSH,2023,70,1,0,0
LJH,2023,34,0,0,0
OGV,2023,2,1,,
LWK,2023,4,0,2,0
EHL,2023,1,0,0,
NNW,2023,2,0,0,
HJZ,2023,2,0,,
GDX,2023,5,0,0,0
JSH,2023,8,0,0,1
CFP,2023,10,1,1,0
OBW,2023,2,0,,
MAC,2023,7,0,0,0
KQM,2023,10,1,1,1
QRL,2023,3,0,0,1
FMA,2023,2,0,,
MJK,2023,6,0,0,0
OFX,2023,1,2,9,1
MAO,2023,1,0,0,
JIQ,2023,1,0,0,0
JMM,2023,1,0,0,0
OYA,2023,1,1,,
BZN,2023,12,0,0,0
LDP,2023,1,0,0,0
JPK,2023,2,0,,
KQT,2023,4,0,0,6
QST,2023,1,0,0,0
NRN,2023,4,0,0,0
GJA,2023,2,0,,
DJZ,2023,1,0,0,
OLT,2023,5,0,0,0
LYZ,2023,1,0,0,0
GGL,2023,1,0,,
HFA,2023,1,0,0,0
FMF,2023,5194,30,100,7
HCG,2023,567,0,1,2
OOE,2023,231,0,0,0
DQY,2023,3036,19,6,15
DTE,2023,648,0,0,0
LRJ,2023,95,1,0,0
FZW,2023,598,0,1,0
HTQ,2023,574,0,0,0
NOU,2023,1249,1,3,0
KOT,2023,70,0,0,0
LNM,2023,16,0,0,0
HWX,2023,83,0,0,0
QHM,2023,153,0,0,0
FJS,2023,608,1,0,0
LWO,2023,15,0,0,0
QES,2023,18,0,0,0
PJQ,2023,152,0,0,0
POL,2023,23,0,2,0
OTP,2023,59,0,0,0
FTA,2023,105,2,0,0
PGQ,2023,27,0,0,0
JLS,2023,18,0,0,0
KWI,2023,76,0,0,0
HBF,2023,107,0,0,4
QLN,2023,40,0,,
KWL,2023,48,0,3,0
NEZ,2023,33,0,0,0
EIA,2023,51,0,0,0
KYX,2023,31,1,3,0
JWY,2023,9,0,0,
JIX,2023,12,8,2,1
GWJ,2023,6,0,0,1
KZI,2023,23,0,0,0
JHJ,2023,4,0,,
OFC,2023,8,0,0,0
MED,2023,9,0,0,0
PBX,2023,7,0,0,0
DYN,2023,4,0,0,0
EBW,2023,17,0,0,0
CCX,2023,11,0,1,0
QLD,2023,1,0,,
DYF,2023,8,0,14,0
PLV,2023,14,0,0,0
OUY,2023,3,0,0,
QOI,2023,1,0,0,0
MMO,2023,2,0,,
EBC,2023,2,0,0,0
MDX,2023,1,0,,
NGX,2023,8,0,0,0
JSD,2023,1,1,,
KTZ,2023,2,0,0,0
DWZ,2023,10,0,0,0
EZO,2023,7,0,0,
MYC,2023,2,0,,
EML,2023,1,0,0,0
GXP,2023,2,0,0,0
ISW,2023,1,1,4,
QBG,2023,1,0,0,0
PKF,2023,1,0,,
KHP,2023,3,0,0,2
KOI,2023,1,0,0,0
OFG,2023,1,3,7,
OHH,2023,1,0,0,0
OFD,2023,1,2,0,
LWE,2023,1,0,0,
DTG,2023,1,0,0,
MUI,2023,2,3,0,0
PHQ,2023,1,0,,
QAX,2023,1,0,0,
NVT,2023,1,0,,
EHZ,2023,1,0,0,
LWP,2023,12568,0,4,21
NAY,2023,10841,5,42,5
OYC,2023,24166,0,1,6
FMI,2023,4969,1,3,2
MBH,2023,1253,5,11,0
GEX,2023,2268,13,9,8
MOZ,2023,468,0,0,0
OLO,2023,1484,10,13,13
MBI,2023,2496,4,1,3
PZS,2023,10,0,0,0
DRF,2023,676,0,0,0
DWF,2023,469,0,15,4
CEC,2023,99,0,0,0
KCY,2023,345,7,1,3
KZH,2023,34,0,0,0
OTM,2023,27,0,0,0
NIE,2023,102,25,0,6
MPO,2023,74,1,0,0
HEB,2023,695,0,0,30
EZB,2023,176,0,0,0
LDF,2023,212,0,3,0
MND,2023,681,1,0,1
QDK,2023,78,0,0,0
OWN,2023,164,0,1,0
IZL,2023,75,12,10,51
MEC,2023,78,1,0,5
PKC,2023,45,0,1,0
BYY,2023,11,0,0,1
JGJ,2023,31,0,1,0
OUG,2023,1239,2,0,0
MPV,2023,68,0,0,0
PTD,2023,25,0,0,0
QFQ,2023,7,0,,
FZY,2023,79,0,0,0
GBZ,2023,5,1,0,0
MAJ,2023,8,0,0,0
KQO,2023,19,4,0,0
MVR,2023,28,0,0,0
LFD,2023,10,0,0,1
FFA,2023,11,0,5,0
FYA,2023,12,1,0,1
INI,2023,32,0,0,0
GBW,2023,27,0,,
JIF,2023,4,0,0,0
HEW,2023,17,0,0,0
NBZ,2023,2,0,,
CHI,2023,4,1,0,0
NQN,2023,1,0,,
LLH,2023,1,0,0,0
GEG,2023,1,0,0,
JYM,2023,1,0,,
EMX,2023,3,0,0,0
KCT,2023,30,3,0,3
GKG,2023,1,0,,
IYT,2023,2,0,0,
KSK,2023,1,0,,
CDM,2023,1,0,0,0
OBI,2023,1,0,0,
DWD,2023,1,0,0,
KRE,2023,2,0,,
FKQ,2023,3,0,0,
OKO,2023,1,0,,
OKV,2023,1,3,14,9
KLA,2023,2,0,0,
QAG,2023,1,0,,
QMC,2023,1,1,,
FHW,2023,3657,17,0,0
LZG,2023,21738,0,0,1
QFG,2023,185858,2,1,6
CGA,2023,1135,3,1,2
MAI,2023,1716,5,0,8
GAT,2023,2023,0,0,0
DTZ,2023,738,19,2,1
HWQ,2023,60,0,0,0
FGB,2023,457,1,15,0
HTD,2023,154,0,1,1
HWC,2023,3699,0,26,1
HWA,2023,2233,1,1,0
DRS,2023,147,15,0,1
KNQ,2023,318,0,0,0
GDJ,2023,29,0,3,0
HRY,2023,395,0,1,0
NGV,2023,2412,0,0,0
KDC,2023,14,0,1,1
GBX,2023,617,0,5,6
PFO,2023,472,0,0,0
DSR,2023,60,0,0,0
NTW,2023,20,0,0,0
KFZ,2023,22,0,0,0
QHS,2023,14,0,0,0
GDT,2023,72,0,0,0
FNJ,2023,59,0,0,0
OUP,2023,11,0,0,0
HFM,2023,3,0,0,0
OAZ,2023,8,0,,
IYD,2023,5,0,,
NWV,2023,25,0,0,0
QOR,2023,4,0,0,0
NWU,2023,3,5,9,6
HBT,2023,4,0,0,0
GFC,2023,7,0,0,0
KWD,2023,27,0,0,0
LPC,2023,23,0,0,0
MZA,2023,10,0,0,0
BWA,2023,3,0,0,0
LRC,2023,14,1,2,0
DZA,2023,1,0,0,1
PYX,2023,89,2,2,0
NHX,2023,6,2,0,1
GIM,2023,33,0,0,1
EZX,2023,5,0,0,0
ORZ,2023,7,0,0,0
PCI,2023,26,0,0,
MHE,2023,7,0,0,0
JJG,2023,5,0,0,0
BSJ,2023,5,0,0,0
HQD,2023,8,0,0,2
DRJ,2023,3,0,0,0
FKR,2023,2,0,0,
MVF,2023,4,0,0,0
GDF,2023,13,2,0,0
HNY,2023,4,0,0,0
NRB,2023,1,0,0,0
HFB,2023,1,0,1,0
PCB,2023,8,0,5,0
OXZ,2023,1,0,,
QUG,2023,4,0,0,1
MUH,2023,1,0,0,
MAU,2023,1,1,0,
KOG,2023,1,0,0,
ITH,2023,1,0,1,0
FEZ,2023,3,0,,
FGD,2023,1,0,,
KNM,2023,1,0,0,
QRJ,2023,1,0,0,0
FRN,2023,164068,36,36,40
ONB,2023,455,1,1,39
LMH,2023,1462,0,0,0
FMT,2023,175,1,2,0
EXS,2023,97,1,0,0
GAW,2023,1808,0,3,0
OAT,2023,78,0,0,0
LJE,2023,129,0,0,2
OEQ,2023,56,3,15,8
FRC,2023,20,5,1,1
GFA,2023,381,0,0,0
EMJ,2023,45,0,0,0
DQE,2023,48,0,0,0
LFJ,2023,44,0,0,0
JZO,2023,33,1,4,3
KAL,2023,3,1,,
CAD,2023,44,0,5,2
JJQ,2023,14,0,0,1
GBO,2023,142,0,0,0
OZA,2023,1,0,,
PTK,2023,7,0,,
OQS,2023,5,0,0,0
MIA,2023,12,0,0,0
FNG,2023,16,0,1,0
FLG,2023,9,0,1,1
NHJ,2023,17,0,3,0
KRR,2023,12,0,0,0
IQI,2023,3,3,0,0
KGI,2023,2,0,1,1
JIL,2023,15,0,1,1
QLX,2023,1,0,0,0
KXA,2023,6,0,0,0
IPS,2023,17,0,0,0
FPK,2023,14,0,0,1
CIC,2023,3,0,0,0
QOJ,2023,1,0,,
LNZ,2023,1,0,0,
QLZ,2023,1,0,,
JHR,2023,4,0,0,0
LRD,2023,1,0,,
QUF,2023,7,0,0,0
FKY,2023,4,0,,
FRZ,2023,4,1,0,0
GDI,2023,6,0,0,0
NUU,2023,4,2,0,0
DCF,2023,5,0,0,0
PLC,2023,1,0,,
GCD,2023,1,0,0,0
LKX,2023,1,0,,
HIL,2023,1,0,0,0
QFC,2023,1,0,0,
OSE,2023,1,0,,
DWG,2023,5,0,0,
QWC,2023,1,0,,
BZD,2023,27760,9,7,3
KRG,2023,1063,0,0,2
LIT,2023,1790,0,2,1
MHY,2023,3479,2,7,1
FTL,2023,7929,5,1,0
MOQ,2023,125,0,1,0
OWB,2023,7591,39,46,114
GCP,2023,100,0,2,1
MUU,2023,14,0,0,0
JKA,2023,4386,4,1,14
FBN,2023,105,1,1,0
IRT,2023,319,0,1,0
LZY,2023,77,0,0,1
GFD,2023,801,1,0,2
NGY,2023,32,1,0,1
KDQ,2023,92,4,8,0
MAL,2023,16,0,0,0
QAI,2023,29,2,0,0
PJE,2023,63,0,0,0
MNQ,2023,455,0,3,0
OCW,2023,226,1,0,0
GXY,2023,25,2,0,0
JDW,2023,72,0,0,0
OUR,2023,7,0,0,1
KZF,2023,83,0,0,1
HGM,2023,68,0,1,3
DZI,2023,63,0,0,0
MLS,2023,5,5,13,9
HHT,2023,5,0,0,0
FTJ,2023,1,0,,
KYZ,2023,14,1,1,0
CEO,2023,5,0,0,2
ODE,2023,28,0,0,2
IKZ,2023,20,0,0,0
EWL,2023,4,0,0,0
CAN,2023,19,1,0,0
GXI,2023,34,0,1,0
KGY,2023,17,0,0,0
PSQ,2023,4,2,0,0
GBQ,2023,32,0,0,0
LWH,2023,39,0,0,0
PNW,2023,19,0,1,0
NLF,2023,4,0,0,0
DHX,2023,15,0,0,0
PRN,2023,1,0,0,0
IWY,2023,1,0,,
DZP,2023,5,0,0,0
GCL,2023,2,0,0,0
DIP,2023,39,0,0,0
OLP,2023,2,0,0,0
HTC,2023,7,0,0,0
LHD,2023,1,0,,
MON,2023,4,0,0,0
QTC,2023,1,0,2,0
MUW,2023,1,0,,
MQX,2023,1,0,0,0
BZL,2023,1,0,,
KMN,2023,10,0,0,0
KPY,2023,1,0,,
JZW,2023,1,0,0,0
HJN,2023,1,0,0,0
NJM,2023,1,0,0,0
QAQ,2023,8,0,0,0
NPM,2023,4,0,0,0
OZO,2023,29436,0,1,1
MVK,2023,12860,0,0,0
NVN,2023,24767,0,0,0
KRD,2023,1365,1,2,3
HET,2023,820,4,1,0
IOY,2023,24,0,0,
HTO,2023,4398,0,1,0
HXC,2023,145,0,0,0
FZP,2023,1910,1,0,0
EFW,2023,99,0,0,1
NHA,2023,617,5,3,11
MDM,2023,209,0,5,1
GAP,2023,402,1,1,0
JCT,2023,110,0,0,0
KNX,2023,177,1,0,0
FDI,2023,209,0,0,2
FFT,2023,256,0,0,1
GCX,2023,58,3,1,2
KYF,2023,314,0,0,0
MSD,2023,540,1,17,5
GBA,2023,22,0,0,0
LLZ,2023,26,14,20,29
DQK,2023,340,4,29,3
FQO,2023,187,2,11,2
LOZ,2023,167,1,0,0
HTZ,2023,187,0,0,0
HWM,2023,72,0,0,0
LMG,2023,211,0,2,2
LGZ,2023,1032,0,0,5
IYE,2023,128,50,3,8
OCX,2023,46,0,0,0
KPS,2023,22,11,16,19
LNH,2023,157,17,122,126
ILS,2023,59,0,0,0
LOL,2023,36,0,0,0
GFE,2023,2,0,0,0
EZN,2023,82,0,1,1
LON,2023,451,0,6,2
ISH,2023,20,1,0,0
OCZ,2023,25,0,0,0
LTK,2023,6,0,0,0
JTY,2023,6,0,0,0
MMX,2023,40,0,0,0
JDP,2023,29,0,0,0
FEA,2023,20,0,0,0
KNC,2023,45,0,0,1
JHY,2023,3,0,,
GWG,2023,9,1,1,1
EWO,2023,3,4,0,0
FJI,2023,51,0,0,1
BSK,2023,51,1,0,0
PFJ,2023,10,0,0,0
POC,2023,2,0,0,
OLW,2023,18,0,0,0
QHP,2023,43,0,0,0
LYR,2023,2,1,,
HFN,2023,1,0,0,
CFJ,2023,3,0,0,0
DTN,2023,8,1,0,0
PLP,2023,6,0,0,0
DPT,2023,21,0,22,0
DQT,2023,4,0,1,
FER,2023,6,0,0,
MRJ,2023,9,0,0,0
OCV,2023,2,0,0,0
JAQ,2023,3,0,0,0
OCE,2023,9,0,0,0
FRK,2023,5,0,0,0
NYU,2023,4,0,0,0
FEW,2023,1,0,,
PUB,2023,1,0,0,
OMT,2023,1,0,0,
OGR,2023,3,5,15,10
PQC,2023,3,0,0,0
CKA,2023,4,0,0,0
LEG,2023,1,0,0,0
GFI,2023,2,0,0,
HCI,2023,2,3,0,0
DXQ,2023,19,0,1,6
EMR,2023,2,0,,
OJE,2023,2,0,,
IZD,2023,6,1,3,0
JPW,2023,3,0,,
JSL,2023,1,0,,
IDP,2023,2,0,6,1
QIU,2023,1,0,,
PHP,2023,1,0,0,0
PMP,2023,1814,0,1,0
NVZ,2023,8417,0,3,3
FET,2023,8188,2,1,0
GEI,2023,7148,42,46,16
OOK,2023,5493,0,0,0
JJE,2023,3764,20,33,27
HGI,2023,61,0,0,0
KSZ,2023,150,0,0,0
FTM,2023,482,12,16,0
HSD,2023,582,0,0,0
PHX,2023,1396,8,12,12
OXO,2023,274,3,4,2
MOM,2023,1875,8,3,1
MQC,2023,62,1,0,0
DXF,2023,282,0,0,4
NIO,2023,351,0,0,2
LZP,2023,107,0,0,0
IKT,2023,8,0,0,0
GXC,2023,7,0,0,0
PNY,2023,10,0,0,0
ITX,2023,138,4,1,26
DTD,2023,25,0,0,0
CAH,2023,40,2,1,7
KGG,2023,7,0,0,0
DXT,2023,116,2,11,0
NLH,2023,28,0,1,9
FYD,2023,18,0,0,0
MQL,2023,1,4,3,0
KHO,2023,257,0,0,0
LSZ,2023,184,2,0,0
BRY,2023,314,14,38,22
EZQ,2023,90,0,0,0
MRD,2023,30,0,0,0
CIG,2023,34,1,1,0
NLR,2023,1,0,0,
IDO,2023,4,0,0,0
PBZ,2023,246,3,0,0
MKQ,2023,77,0,0,0
GZB,2023,234,0,0,0
QRK,2023,12,0,0,0
KNH,2023,6,0,0,0
LHX,2023,11,0,0,0
ORY,2023,20,0,0,0
JQT,2023,6,0,0,0
BZC,2023,8,0,1,0
MUJ,2023,75,5,13,33
CBF,2023,13,0,0,0
JXB,2023,10,0,0,0
GCA,2023,11,0,0,0
JDZ,2023,65,0,0,0
EIC,2023,19,0,0,0
OXC,2023,26,0,0,0
LIP,2023,66,0,0,0
IKY,2023,23,0,0,0
PNR,2023,11,4,0,0
OWY,2023,35,0,0,0
DRO,2023,6,0,0,0
EFQ,2023,10,0,0,0
HTF,2023,8,0,2,0
EFA,2023,3,0,0,0
NUQ,2023,7,0,,
QLI,2023,1,0,,
BXR,2023,1,0,,
QPT,2023,11,0,0,0
LFQ,2023,1,0,,
FJD,2023,1,0,0,
KOB,2023,1,0,0,0
OFQ,2023,1,2,2,
KFJ,2023,2,0,,
OMZ,2023,1,0,0,
JLL,2023,1,0,,
JDY,2023,1,0,0,0
PLK,2023,2,0,,
FHF,2023,1,0,,
OJA,2023,1,0,2,1
GBJ,2023,2,0,,
DDC,2023,1,0,,
QCD,2023,115,0,0,
MQO,2023,1,0,,
QBP,2023,1,0,0,2
NBW,2023,7197,1,1,2
FPA,2023,10860,12,50,112
GWF,2023,150,0,3,1
LRO,2023,1913,37,78,62
PNJ,2023,2616,0,2,1
MOF,2023,89,0,1,0
PUU,2023,7,0,0,
HSB,2023,2201,9,5,22
JOH,2023,1226,4,0,1
MDP,2023,16,0,0,0
DSI,2023,1613,3,0,19
PXI,2023,10,0,0,1
MNL,2023,65,0,1,2
ESD,2023,8,0,0,0
MQP,2023,70,0,0,0
KRL,2023,17,0,0,
QKO,2023,6,2,0,
HAO,2023,12,0,0,0
NAC,2023,115,0,5,1
FST,2023,11,0,0,0
JJX,2023,22,4,2,2
MQR,2023,38,0,0,0
CEW,2023,82,0,2,1
HAE,2023,10,2,0,0
HSZ,2023,38,0,2,0
CAC,2023,39,7,0,0
QAV,2023,3,0,1,0
PJO,2023,20,0,0,0
DYT,2023,14,0,0,0
OKU,2023,1,0,,
PJY,2023,60,0,0,0
DEH,2023,4,0,0,0
OTE,2023,58,1,1,1
KST,2023,8,0,0,0
KHS,2023,25,4,0,1
HNO,2023,10,0,0,0
EAJ,2023,4,0,0,0
IZO,2023,3,0,,
ISA,2023,13,0,0,3
FMR,2023,10,0,0,0
JWJ,2023,26,0,0,0
EJR,2023,3,0,0,
OSN,2023,9,0,,
HDF,2023,2,1,1,0
HXO,2023,2,0,0,0
HHI,2023,1,0,0,
JDO,2023,5,0,0,0
MVU,2023,3,3,2,1
FZZ,2023,8,0,0,
NQW,2023,5,0,0,0
FZE,2023,14,0,0,0
KLP,2023,2,0,,
FWC,2023,10,0,0,0
QSR,2023,1,0,,
IQG,2023,1,0,0,0
OTK,2023,1,0,,
OHS,2023,3,0,0,0
QGC,2023,1,0,,
PFF,2023,1,2,1,0
OXF,2023,1,0,,
BTY,2023,1,0,0,
MTX,2023,3,0,,
EMS,2023,1,0,,
PTE,2023,1,0,,
JDH,2023,5,0,0,0
NTK,2023,2,0,0,
DRK,2023,1,0,,
FCE,2023,1,0,0,0
QYX,2023,69,0,0,0
DFX,2023,1,0,,
QLJ,2023,2,0,0,0
QVA,2023,1,0,1,
KJJ,2023,2,0,0,
DBJ,2023,1,0,,
OYK,2023,1,0,0,0
PKU,2023,9938,0,0,0
PDU,2023,71,1,0,0
DQX,2023,2047,0,9,1
LGW,2023,33287,11,15,4
ERL,2023,1715,0,0,0
ODG,2023,2061,0,0,0
FTD,2023,251,6,2,0
NDN,2023,311,0,0,0
KOD,2023,1156,1,0,2
KZL,2023,106,0,0,0
NJE,2023,578,0,0,0
OSI,2023,173,0,0,1
JAF,2023,1,4,,
DHA,2023,194,0,0,0
OFP,2023,6,0,0,5
MNH,2023,121,0,0,0
ODD,2023,15,0,0,0
MEG,2023,118,0,1,0
PTS,2023,54,0,0,0
FLL,2023,98,0,1,1
PBF,2023,45,0,0,0
CCL,2023,4,0,0,0
MBX,2023,61,0,0,0
FMH,2023,42,3,2,2
MNR,2023,13,0,0,0
GFJ,2023,1,0,0,
LNR,2023,83,0,0,0
PEK,2023,7,0,0,0
PLL,2023,23,0,0,
FMS,2023,29,0,0,0
INN,2023,22,0,0,0
IMG,2023,6,0,0,0
OGG,2023,9,0,0,0
HGP,2023,7,0,0,
OIY,2023,40,1,0,0
HDA,2023,30,0,0,0
JJH,2023,10,7,2,0
MLN,2023,8,0,0,0
JMG,2023,13,0,0,1
LQM,2023,30,0,0,0
DSS,2023,4,0,0,
LOJ,2023,3,0,0,0
JTS,2023,5,0,0,1
NAE,2023,5,0,0,0
PCE,2023,3,0,0,0
OAB,2023,10,1,0,0
FRI,2023,1,0,0,0
ORQ,2023,1,0,0,
HHF,2023,1,0,,
FQP,2023,7,0,0,0
QUH,2023,3,0,0,
INP,2023,3,0,0,0
PSY,2023,1,1,,
ERA,2023,3,0,0,1
NVM,2023,1,0,0,1
BXJ,2023,4,0,0,
INF,2023,1,0,0,
GYD,2023,3,0,,
OTJ,2023,1,0,,
PWB,2023,3,0,0,0
JWI,2023,2,0,0,
PHR,2023,1,0,,
FOH,2023,1,0,0,
PMX,2023,5,1,0,0
MTD,2023,184,0,0,0
LWS,2023,28514,66,17,3
FEM,2023,131,1,0,0
FAD,2023,690,0,0,4
KNW,2023,927,5,2,2
CAF,2023,105,1,0,0
NEP,2023,91,1,0,0
OVB,2023,321,0,0,0
HSX,2023,231,39,0,0
ILO,2023,12,0,0,0
MJN,2023,179,0,0,0
KRH,2023,323,0,0,0
FQH,2023,332,0,1,0
LRW,2023,7,1,5,2
DSY,2023,149,1,54,1
LPM,2023,116,2,2,2
NLQ,2023,16,1,1,1
JOS,2023,9,0,0,0
OTD,2023,52,0,0,0
MBL,2023,76,0,0,0
JOF,2023,20,0,,
KRB,2023,13,0,0,0
LSL,2023,19,0,0,0
GTY,2023,44,0,6,2
JTZ,2023,20,0,0,1
FSR,2023,11,0,0,0
IPR,2023,7,0,0,0
LLD,2023,1,0,0,0
MLA,2023,3,0,0,0
MIR,2023,22,0,0,0
NQX,2023,12,0,0,1
GDZ,2023,9,0,2,0
MVV,2023,1,0,0,
KNY,2023,13,1,1,0
QGH,2023,8,0,0,
OHV,2023,11,1,0,0
JAD,2023,2,1,0,0
QJH,2023,3,0,0,0
OBO,2023,3,0,0,0
MJA,2023,43,0,1,1
FNY,2023,1,1,,
QKL,2023,18,0,0,0
PDI,2023,1,0,0,
HKI,2023,1,0,0,
GAC,2023,3,0,0,0
EBZ,2023,7,0,0,0
HOY,2023,1,0,0,
LRT,2023,4,0,0,
MLO,2023,1,0,2,0
GBS,2023,2,0,0,0
MSX,2023,10,0,1,1
IDZ,2023,2,0,0,0
PXU,2023,1,0,1,0
OEA,2023,1,0,1,0
DEW,2023,1,0,1,
KYA,2023,1,0,,
FKK,2023,2,0,0,0
NOA,2023,3,0,0,0
JBF,2023,4,0,,
NDK,2023,1,0,,
OII,2023,1,1,,
EGJ,2023,1,0,2,
OZP,2023,143973,1,1,5
QLG,2023,39168,3,1,5
NDC,2023,459,0,0,2
FJL,2023,74,0,0,18
MCM,2023,5714,0,2,1
LEH,2023,11,0,0,1
LXB,2023,348,0,0,0
PKL,2023,848,4,0,0
JDQ,2023,98,0,0,0
DWC,2023,926,5,0,0
NPT,2023,8293,0,5,0
DXO,2023,192,0,0,0
KWA,2023,1468,20,0,0
IZI,2023,1203,0,0,0
FZT,2023,58,0,1,0
MUM,2023,53,0,0,0
NEY,2023,103,0,0,0
QEX,2023,25,0,0,0
PEP,2023,24,0,0,0
BZO,2023,37,7,2,3
NIV,2023,146,0,0,0
MPN,2023,130,0,0,0
GEH,2023,161,2,2,6
NPV,2023,252,0,0,0
JBP,2023,16,0,0,2
KZA,2023,4,0,0,
GCQ,2023,2,0,0,
KGS,2023,11,0,0,1
JSI,2023,36,0,0,6
OVD,2023,66,15,3,6
FIP,2023,140,1,1,0
GCB,2023,14,0,1,0
QFJ,2023,3,0,,
KIH,2023,29,0,0,0
FXZ,2023,6,0,0,
NHK,2023,8,0,0,0
KDD,2023,43,12,175,6
EMA,2023,6,2,2,0
LWL,2023,18,0,0,0
ORG,2023,83,0,0,0
PSZ,2023,12,0,0,0
IWJ,2023,1,0,0,0
LRP,2023,8,5,14,2
CGI,2023,7,0,0,
CBH,2023,22,0,8,0
QKS,2023,1,0,0,
DDR,2023,7,0,1,0
PJT,2023,2,0,0,0
BYD,2023,45,0,3,0
PMN,2023,1,0,,
PDJ,2023,16,1,0,0
DRG,2023,19,0,1,0
JID,2023,26,0,0,0
IPL,2023,9,0,0,0
CCM,2023,1,0,,
ONF,2023,3,0,0,0
KXG,2023,33,1,1,0
HPT,2023,1,0,,
EJF,2023,6,0,0,0
HNJ,2023,1,0,,
OBT,2023,1,0,0,
HBS,2023,1,0,,
OCM,2023,3,0,0,0
OOY,2023,1,0,,
JCF,2023,4,0,0,0
QHH,2023,2,0,0,
FXP,2023,2,0,0,0
LIB,2023,2,0,1,
LSR,2023,2,0,1,
DTI,2023,26,0,0,0
MZY,2023,1,0,0,
NRU,2023,2,0,0,0
JEH,2023,5,0,0,
FSD,2023,15,0,0,
PAW,2023,1,0,0,0
HLI,2023,2,0,0,
FTR,2023,28990,0,0,0
OSR,2023,1081,0,0,0
LKK,2023,4021,2,6,1
NRA,2023,274,0,0,0
FFH,2023,12,0,0,0
OCL,2023,99,0,0,0
DXC,2023,674,2,3,4
KRO,2023,743,25,4,1
JDX,2023,5,0,0,0
LRY,2023,46,0,0,0
HNR,2023,97,1,0,1
KLE,2023,7,0,1,0
JSK,2023,7,0,,
EYA,2023,26,0,0,0
FCL,2023,68,4,0,0
CJY,2023,29,0,0,2
QLC,2023,12,0,0,0
DZL,2023,100,0,0,0
NZK,2023,28,0,0,0
MWL,2023,1,0,0,
NIN,2023,46,0,0,0
JET,2023,17,0,0,0
DWB,2023,49,0,0,0
OWD,2023,15,1,0,0
PNB,2023,27,0,0,0
QEZ,2023,14,0,0,0
PTM,2023,3,0,2,
QHT,2023,45,0,0,0
CHP,2023,60,0,0,0
FRG,2023,13,0,0,0
DFH,2023,3,0,0,0
NFA,2023,22,0,0,0
MRH,2023,31,0,0,0
FCS,2023,4,0,0,0
NRZ,2023,2,0,0,0
MBP,2023,6,19,0,0
ONG,2023,3,0,2,0
KXQ,2023,1,0,0,
PCT,2023,1,0,,
NHW,2023,1,0,,
JEP,2023,8,0,,
GBB,2023,3,0,0,
OVJ,2023,7,0,0,0
LPG,2023,2,0,0,0
JTQ,2023,1,0,0,
QKW,2023,11,0,0,0
IMK,2023,2,0,0,1
DWL,2023,2,0,0,
PHL,2023,1,0,0,1
BZG,2023,2,0,1,0
LDQ,2023,1,0,0,
NZP,2023,1,0,0,
KIF,2023,7,0,0,0
QNO,2023,3,0,0,
PBY,2023,1,0,0,0
EJL,2023,9,0,1,1
IYI,2023,1,0,,
HFI,2023,1,0,0,
LTF,2023,1,0,,
NMK,2023,2,0,0,
MSF,2023,1,0,,
IZJ,2023,1,0,,
NSX,2023,1,0,,
FCO,2023,5,0,,
QKR,2023,1,0,0,
INW,2023,1,0,,
HXX,2023,1723,0,1,0
PNO,2023,301,0,0,0
NCF,2023,36,0,0,0
JDS,2023,357,0,0,2
FDF,2023,11664,8,3,0
DYB,2023,3756,18,14,8
NNX,2023,44,0,0,0
NJL,2023,1581,0,0,0
EZD,2023,551,4,0,0
DRA,2023,781,0,1,0
LHI,2023,1045,2,5,1
INX,2023,59,0,0,0
FAE,2023,159,0,0,0
NJD,2023,61,0,0,0
GXR,2023,11,0,0,0
HIH,2023,1444,4,1,3
DXE,2023,432,1,1,1
JOW,2023,57,1,0,3
LZA,2023,24,0,0,0
GNX,2023,61,0,0,0
LZD,2023,236,0,1,1
FPO,2023,1018,3,0,1
LEI,2023,245,0,0,0
JQW,2023,35,0,0,0
KWF,2023,6,0,0,0
JDC,2023,187,1,0,0
NAW,2023,37,0,0,0
NBC,2023,26,0,0,0
CAZ,2023,60,0,1,1
HDB,2023,23,0,0,0
PLS,2023,27,0,,
QHO,2023,12,0,0,0
EKX,2023,14,0,0,0
DRT,2023,46,1,2,0
FQL,2023,1,0,0,0
LYL,2023,5,1,0,0
OJG,2023,9,5,16,12
ETA,2023,5,0,0,0
KOO,2023,5,1,0,0
KOY,2023,2,0,,
GDG,2023,6,0,3,0
GET,2023,6,1,0,0
MID,2023,1,1,,
KZJ,2023,5,0,,
OZN,2023,2,1,1,2
DKZ,2023,7,0,0,0
OEV,2023,5,0,0,0
QBL,2023,2,0,,
FFG,2023,6,1,0,0
MOC,2023,1,0,,
QJQ,2023,39,1,,
DLZ,2023,7,0,0,
FEQ,2023,11,0,1,0
IXR,2023,1,0,0,
FAM,2023,4,0,0,0
JGQ,2023,4,0,0,0
HXL,2023,4,0,0,0
FFS,2023,6,0,0,
FCN,2023,5,1,0,0
QOF,2023,6,3,1,3
KYT,2023,1,1,,
OHY,2023,3,0,0,0
NAM,2023,3,0,,
EAG,2023,2,0,,
ING,2023,2,0,0,
HRZ,2023,1,0,0,
QFV,2023,24,0,1,0
EHD,2023,2,0,0,
FMW,2023,2,0,0,0
GYZ,2023,1,0,,
NJT,2023,1,0,1,4
MKY,2023,2,0,0,
DAO,2023,1,0,0,0
KNO,2023,1,0,0,0
QRR,2023,1,0,0,
JTA,2023,1,0,0,
MZP,2023,1,1,0,0
NEG,2023,2,0,0,0
NXA,2023,1,3,,
HXT,2023,4,0,0,0
MGB,2023,13483,3,0,0
DTK,2023,580,1,0,1
CBK,2023,24725,33,26,8
HAB,2023,731,0,0,0
OQI,2023,23,1,2,0
KTT,2023,552,2,1,1
NRY,2023,707,0,3,2
PCU,2023,258,0,0,0
OZT,2023,44,0,0,0
NUJ,2023,26,3,3,11
FBK,2023,60,2,9,0
CIX,2023,4,0,1,0
MOL,2023,2,0,0,0
LXT,2023,18,0,0,0
BZE,2023,125,0,0,2
KMK,2023,138,0,0,0
KPO,2023,59,0,2,8
MUZ,2023,116,0,0,0
PIF,2023,95,1,3,0
OOD,2023,125,0,0,0
HTY,2023,153,0,2,0
FED,2023,53,0,4,1
LCP,2023,27,0,3,2
HST,2023,18,0,1,0
LXG,2023,11,1,0,2
GEA,2023,73,0,1,0
FMZ,2023,19,11,2,0
MRZ,2023,27,1,0,0
DQR,2023,36,0,0,6
GAE,2023,12,0,0,0
FLE,2023,65,2,0,0
LWF,2023,2,0,0,
FDE,2023,21,8,14,16
PMF,2023,1,0,,
OUB,2023,49,0,0,0
KOA,2023,5,0,0,0
FGX,2023,46,0,0,0
LCX,2023,6,9,0,2
LRZ,2023,2,0,,
DTR,2023,18,1,0,0
IQK,2023,4,0,1,0
MQM,2023,14,0,0,0
OBR,2023,5,0,0,0
QMZ,2023,1,0,,
MPA,2023,8,0,0,1
PQO,2023,1,0,0,1
MMH,2023,5,0,0,0
OJF,2023,2,4,5,
MQF,2023,12,0,0,0
NQP,2023,2,0,0,0
LRQ,2023,1,2,0,0
LXA,2023,10,0,0,3
FHR,2023,1,0,,
QBX,2023,17,0,0,
QEY,2023,1,1,0,0
NOT,2023,1,0,,
FPF,2023,4,0,0,
FBW,2023,17,0,0,0
MAD,2023,2,0,0,0
DZG,2023,2,0,,
NGZ,2023,3,0,0,
KHJ,2023,1,0,0,
BXB,2023,15,0,1,0
KNA,2023,2,0,0,0
OFF,2023,7,8,5,6
BTG,2023,1,0,0,0
KLQ,2023,1,0,0,
ILX,2023,1,0,0,
KPM,2023,1,0,0,0
HIO,2023,1,0,0,
HRH,2023,2,0,,
PYT,2023,2,0,,
ONW,2023,1,0,0,
LKD,2023,1,2,0,0
QSU,2023,2,0,,
GEY,2023,1433,1,0,0
POE,2023,548,1,0,0
OOI,2023,218,2,3,1
HQE,2023,108,0,0,1
FAS,2023,327,2,0,0
LPO,2023,25,0,0,0
OMP,2023,142,0,4,1
GKT,2023,341,0,0,0
MFE,2023,431,0,2,0
PSV,2023,716,2,0,0
MUE,2023,29,1,0,4
BSP,2023,75,0,0,0
PFN,2023,67,0,0,0
HCC,2023,2,1,0,
PUI,2023,44,1,0,2
HFG,2023,36,0,0,0
FGA,2023,11,0,8,0
IOR,2023,164,0,0,0
KGW,2023,13,0,0,0
QII,2023,62,0,0,0
INO,2023,29,0,0,0
MAV,2023,220,0,4,1
CAT,2023,115,0,0,0
PEA,2023,78,0,0,4
PAO,2023,63,0,1,0
JGS,2023,97,4,0,1
CAW,2023,356,1,5,3
MZM,2023,47,0,0,0
HXG,2023,4,0,0,0
LKG,2023,10,0,0,0
KYW,2023,19,0,1,1
HBA,2023,29,0,23,0
NKG,2023,130,0,0,0
OJK,2023,6,4,10,8
CHH,2023,4,0,0,0
OFL,2023,5,0,2,
QLK,2023,57,0,0,0
JTW,2023,22,0,0,1
GCC,2023,2,0,0,0
MZI,2023,2,0,,
LKY,2023,2,0,,
MWG,2023,3,0,0,0
PIJ,2023,4,0,0,0
KEY,2023,1,0,,
NSC,2023,15,0,0,0
KRS,2023,3,0,,
GES,2023,28,0,0,0
GZJ,2023,37,0,0,0
KYG,2023,23,1,0,0
MDD,2023,7,0,0,0
EJI,2023,1,0,0,
DPW,2023,2,1,0,2
KDZ,2023,1,0,0,
PZX,2023,9,0,0,0
EKB,2023,1,0,0,
KWM,2023,1,0,,
LEJ,2023,2,1,0,0
KPI,2023,6,0,0,
PCC,2023,2,0,0,0
EMB,2023,1,0,0,0
QIJ,2023,3,0,0,0
OLV,2023,2,0,0,0
ILK,2023,5,0,0,0
QJA,2023,2,0,0,0
MKT,2023,2,0,0,0
EAP,2023,12,0,0,
IWB,2023,1,1,0,
DTA,2023,1,0,,
DFC,2023,6,0,2,0
QOT,2023,1,0,,
CGJ,2023,3,1,0,0
ECI,2023,4,1,0,
LII,2023,2,0,,
MYA,2023,1,0,0,0
OJT,2023,2,0,0,0
LRR,2023,1,0,0,0
QEH,2023,1,0,0,0
NWT,2023,1,0,,
GAM,2023,5050,0,7,0
MRA,2023,132,0,0,0
MIH,2023,3537,1,1,1
LPB,2023,1483,0,0,0
MJC,2023,1985,0,1,3
JWH,2023,8908,72,17,16
NXC,2023,427,0,2,0
JQP,2023,170,2,5,3
LYS,2023,386,0,0,0
HTN,2023,108,0,0,0
JEY,2023,492,1,0,0
FFL,2023,591,2,0,0
CCK,2023,1623,0,0,13
FOX,2023,3,0,0,0
GFO,2023,3,0,0,2
OSM,2023,158,0,0,0
DRE,2023,381,0,16,1
JOL,2023,196,3,1,0
KYJ,2023,24,0,0,1
FSA,2023,337,3,1,9
LZH,2023,280,0,0,0
JTC,2023,15,1,0,0
LGD,2023,118,0,0,1
OZI,2023,6,0,0,0
DWE,2023,285,0,0,0
LKF,2023,88,0,0,0
FPB,2023,38,0,0,0
BTA,2023,8,1,0,0
FBO,2023,29,1,0,0
MRG,2023,22,0,0,2
KMY,2023,4,0,0,0
ELC,2023,210,0,5,0
MQV,2023,120,4,2,2
GMQ,2023,6,0,0,
NEU,2023,139,0,3,2
HQF,2023,92,1,0,1
IZQ,2023,16,0,0,0
NAB,2023,14,0,0,0
MZC,2023,2,0,0,0
FHA,2023,1,0,,
MKW,2023,5,0,0,0
MWJ,2023,5,0,2,0
MOI,2023,6,0,0,0
KKY,2023,3,0,0,0
MGP,2023,3,0,0,
OCO,2023,5,0,,
LYC,2023,9,0,0,0
GKL,2023,1,0,0,
FWW,2023,1,0,0,0
MGZ,2023,23,1,0,1
CEK,2023,12,1,2,1
PJA,2023,8,0,0,0
JEC,2023,26,0,0,0
GZX,2023,4,0,0,0
INQ,2023,1,0,0,0
NFO,2023,1,0,0,0
KXE,2023,1,0,,
NAA,2023,2,0,0,
QMX,2023,1,0,,
FZQ,2023,2,0,0,0
HRT,2023,7,0,0,
GRM,2023,1,0,0,0
OUJ,2023,1,0,0,
MEA,2023,3949,0,3,3
PFV,2023,228,0,0,0
NIQ,2023,3075,0,0,0
MNS,2023,1312,0,3,2
MWH,2023,57,0,0,0
KWS,2023,1738,5,14,4
EZY,2023,1767,0,2,0
GFF,2023,96,0,0,0
KNS,2023,972,1,20,7
OAJ,2023,3,0,,
JLW,2023,162,0,2,4
MBF,2023,143,4,0,1
KWZ,2023,163,1,0,0
GZL,2023,30,0,3,0
GDC,2023,62,3,2,3
OHT,2023,6,0,0,
KGO,2023,27,2,0,0
FMQ,2023,47,0,0,0
FCX,2023,53,0,0,0
MLR,2023,140,0,0,0
OPR,2023,119,0,0,0
ILQ,2023,74,1,0,0
OSH,2023,17,0,0,0
GXH,2023,4,0,0,0
MMK,2023,34,0,0,0
NXB,2023,23,0,0,0
EPT,2023,44,0,0,0
GEN,2023,25,0,4,0
FPD,2023,54,0,0,0
MJH,2023,1,0,1,
KKX,2023,31,1,3,2
MQN,2023,39,0,0,0
GAX,2023,2,0,0,0
OHD,2023,6,6,10,9
HHL,2023,5,0,0,0
ELZ,2023,2,0,,
JES,2023,3,0,0,0
LDR,2023,3,0,,
HWJ,2023,9,1,1,0
NHB,2023,8,0,0,14
LZU,2023,5,0,0,0
OPJ,2023,1,0,0,
IPF,2023,8,1,0,0
QHW,2023,8,0,0,0
LFX,2023,7,0,0,0
NQB,2023,1,0,0,
CCT,2023,2,0,0,0
MGQ,2023,6,0,0,0
LOS,2023,1,0,0,
MYI,2023,2,0,,
QNN,2023,3,0,0,0
BXN,2023,4,0,4,
GZT,2023,2,0,0,0
MEB,2023,1246,0,0,0
LWR,2023,1587,0,0,0
LJT,2023,1215,0,0,13
FGC,2023,346,0,0,0
PHV,2023,812,0,0,1
HBE,2023,944,3,11,2
EXB,2023,10,0,0,0
MNT,2023,4546,2,1,1
OUT,2023,1179,1,0,3
MMI,2023,746,3,1,0
GCT,2023,199,0,0,0
PBI,2023,255,0,0,0
KGE,2023,8,0,0,0
DXN,2023,162,0,7,1
DTL,2023,46,2,1,2
KOC,2023,16,0,0,0
PJS,2023,541,0,0,0
PCH,2023,62,5,2,5
BTO,2023,402,1,31,0
FMK,2023,282,0,0,0
KWQ,2023,318,0,0,0
QOV,2023,12,0,0,0
KPA,2023,123,0,1,0
BSY,2023,197,5,1,8
CHL,2023,176,7,11,8
ODC,2023,43,0,0,0
HMX,2023,93,0,1,1
BYZ,2023,4,0,0,0
HXK,2023,12,1,1,0
LMF,2023,271,2,1,0
KTW,2023,30,0,0,0
GXQ,2023,107,1,2,0
HQA,2023,1,0,0,
BYX,2023,25,0,0,0
EFS,2023,32,0,0,0
PNZ,2023,4,0,0,0
FDX,2023,17,0,0,0
NTN,2023,26,0,0,0
FDC,2023,9,0,0,0
KSR,2023,20,0,0,0
HIS,2023,10,0,0,1
LBH,2023,8,2,0,0
NBE,2023,14,2,0,0
DWQ,2023,1,0,0,0
CJW,2023,2,0,0,0
DSJ,2023,16,4,0,0
PPB,2023,16,3,5,2
MIJ,2023,1,0,0,
OWI,2023,4,0,0,0
KLX,2023,1,0,,
QNR,2023,5,0,0,2
PGU,2023,2,0,,
NYE,2023,2,0,,
ODB,2023,8,0,0,0
LFK,2023,2,0,,
PUP,2023,1,0,0,0
HBO,2023,3,0,0,0
KRK,2023,1,0,,
FRW,2023,2,0,0,0
PJF,2023,3,0,0,0
FYC,2023,1,0,2,0
QFT,2023,2,0,,
KJG,2023,1,1,0,0
LZC,2023,1,0,1,0
CEP,2023,1,0,,
OIU,2023,1,0,0,0
GAR,2023,603,1,0,1
DTQ,2023,817,8,2,1
HNN,2023,355,2,29,8
OQY,2023,222,0,0,0
DZE,2023,532022,1,1,4
LCJ,2023,470,1,0,0
NWX,2023,823,0,0,0
OTO,2023,100,0,0,0
HTW,2023,1767,0,2,0
GFG,2023,52,0,0,0
QKP,2023,3429,1,0,2
JEQ,2023,559,0,0,0
CDP,2023,131,1,1,0
DXZ,2023,40,2,1,2
QQS,2023,1292,0,0,0
OMX,2023,12,0,0,0
MRU,2023,304,0,0,0
BSB,2023,288,0,0,1
LWJ,2023,71,2,0,0
BTS,2023,162,0,0,0
BTM,2023,46,9,9,2
LFZ,2023,36,0,0,1
PNF,2023,8,0,0,0
GEF,2023,18,0,0,0
ETB,2023,1,0,0,0
PGM,2023,3,0,0,0
NXT,2023,143,0,0,0
NOX,2023,1,0,0,1
LPN,2023,83,0,0,0
INK,2023,145,0,0,0
OHR,2023,141,3,3,1
BYG,2023,4,0,0,1
LLI,2023,20,0,1,6
IOD,2023,1,0,0,
EMF,2023,3,0,0,1
KRI,2023,5,0,,
KXJ,2023,12,0,0,5
OOG,2023,23,0,0,0
IFP,2023,8,0,0,0
BSS,2023,27,5,0,0
LIX,2023,8,0,0,0
GEC,2023,8,0,0,
MUQ,2023,7,0,0,0
DCN,2023,3,0,0,1
MAY,2023,8,0,0,0
QJI,2023,26,0,0,0
NSU,2023,1,1,1,0
QOW,2023,1,0,,
GWN,2023,3,0,0,0
ILH,2023,6,1,0,
GDH,2023,2,0,0,
KCF,2023,2,0,0,
CDZ,2023,10,0,2,2
LOE,2023,2,0,0,0
FOD,2023,4,0,0,0
OIV,2023,8,0,0,
HDJ,2023,2,0,,
MHK,2023,1,0,,
GZE,2023,1,0,,
HOT,2023,1,0,,
HPP,2023,2,0,0,0
MPR,2023,4,0,0,0
LZJ,2023,7,0,0,
DTB,2023,34224,0,0,0
NIK,2023,11798,61,6,0
BSZ,2023,5558,6,19,23
FDS,2023,9791,2,2,0
HCF,2023,56,2,0,0
CAE,2023,52,4,9,2
CAK,2023,69,0,0,1
LOM,2023,162,1,1,2
DQA,2023,391,9,9,5
NJK,2023,263,1,0,0
EYQ,2023,8,0,0,0
HTR,2023,9,0,0,0
OLM,2023,50,0,0,0
QMN,2023,550,2,1,0
NNZ,2023,1,0,,
MAQ,2023,34,0,2,2
NRC,2023,7,0,0,0
HTE,2023,11,0,0,0
FZM,2023,12,0,0,0
JXI,2023,15,1,0,0
ISS,2023,2,0,0,0
OFT,2023,23,2,8,4
JIN,2023,17,3,0,1
ITQ,2023,75,0,0,0
LJL,2023,1,0,0,
FIE,2023,55,0,0,0
NFB,2023,4,0,0,0
EKR,2023,2,0,,
MRC,2023,2,0,0,1
IDC,2023,1,0,,
NLN,2023,3,0,,
NDW,2023,1,0,0,0
OAF,2023,7,0,0,0
KCJ,2023,4,0,1,0
FTC,2023,5,0,0,0
MFJ,2023,1,0,,
OVK,2023,2,0,0,0
GCM,2023,2,0,0,0
EKP,2023,3,0,0,0
DOP,2023,4,4,0,0
EXM,2023,4,0,0,0
JFM,2023,1,5,0,0
FSZ,2023,3,0,0,
ICQ,2023,1,0,,
KYR,2023,1,0,0,
PJN,2023,2,0,0,
HTT,2023,2,0,,
LCG,2023,1,0,,
NWJ,2023,4,0,0,0
KIK,2023,1,0,0,
QBI,2023,9,1,0,0
MRR,2023,1,1,0,
DER,2023,1,0,0,
FMJ,2023,1,0,0,
PZE,2023,10561,2,0,0
FSY,2023,662,11,5,3
HHS,2023,3635,0,0,0
EZW,2023,5017,1,1,1
HAW,2023,2508,7,5,2
HWR,2023,1277,0,0,0
FNM,2023,191,2,0,1
QBJ,2023,271278,0,0,15
IKX,2023,12,0,1,0
PND,2023,137,0,0,0
PNG,2023,20,13,0,0
GAQ,2023,99,0,0,0
NKB,2023,915,2,6,3
DTX,2023,69,0,0,0
JAK,2023,302,37,23,42
LQC,2023,224,0,1,0
LRN,2023,140,0,0,0
QAD,2023,46,0,0,0
HIB,2023,3,0,0,3
FEO,2023,39,0,0,4
FCW,2023,178,1,0,0
NUC,2023,15,0,0,0
EPY,2023,1,0,,
PEN,2023,1,2,2,1
EFB,2023,115,1,0,0
FFX,2023,51,1,0,1
MDA,2023,8,0,0,
DXH,2023,4,0,0,0
OTL,2023,13,0,0,0
EYJ,2023,97,0,0,0
JSJ,2023,16,0,0,0
FDP,2023,6,0,0,0
KDW,2023,1,0,0,
HHD,2023,14,0,0,0
MCN,2023,45,0,1,0
MOS,2023,4,0,16,0
MVN,2023,24,0,1,4
EYB,2023,23,0,0,0
PJP,2023,8,0,0,
LZN,2023,13,7,0,0
NZC,2023,8,0,,
OPC,2023,1,0,,
JFP,2023,2,0,0,0
QBC,2023,1,0,0,0
EXH,2023,28,0,0,0
OBB,2023,2,0,,
GED,2023,1,0,0,
NEA,2023,9,0,0,0
IML,2023,1,0,,
JDK,2023,7,0,1,0
ECX,2023,3,0,0,
CFM,2023,1,0,,
NHG,2023,1,0,0,
PAY,2023,1,0,0,
JCW,2023,4,0,0,7
QWA,2023,1,0,,
FFI,2023,1,0,,
EIG,2023,1,0,0,
ECS,2023,1,0,0,
OWO,2023,1,0,0,0
KNT,2023,1848,2,9,19
KDJ,2023,2930,2,26,0
KDI,2023,2682,8,21,6
MNI,2023,121,1,0,0
HRX,2023,1821,0,3,1
QJR,2023,3177,3,1,2
FEB,2023,997,5,5,3
FCG,2023,426,2,4,0
OZD,2023,3840,11,19,5
FMP,2023,15,0,0,0
MKJ,2023,13703,14,8,20
MDB,2023,1232,1,4,2
BSO,2023,78,0,0,0
FSM,2023,168,2,2,1
LOD,2023,475,0,0,4
NEW,2023,1966,3,1,5
HSN,2023,796,2,1,0
FMG,2023,687,0,0,34
OCY,2023,114,0,0,0
IME,2023,5,0,0,1
MBB,2023,261,0,0,0
KDT,2023,25,0,0,
OYS,2023,7,0,0,0
MTF,2023,29,0,1,0
ITJ,2023,140,2,5,0
GAK,2023,33,0,0,0
MZO,2023,55,0,2,0
DRC,2023,106,0,1,0
OYE,2023,141,0,6,1
HHW,2023,12,0,0,0
DWH,2023,2,0,0,0
PQP,2023,2,2,,
CFT,2023,27,0,0,0
MQB,2023,51,1,0,1
OES,2023,18,11,25,7
KHE,2023,1,0,0,2
FGO,2023,14,0,0,0
FFK,2023,10,0,0,0
GWQ,2023,20,1,1,1
MLM,2023,54,1,0,0
JFT,2023,9,2,0,0
MTJ,2023,20,1,0,0
MIE,2023,4,0,0,0
HXP,2023,5,0,0,0
HQP,2023,8,0,0,0
FEG,2023,33,10,1,2
CGX,2023,19,0,0,0
MBS,2023,4,0,0,0
JSO,2023,12,1,0,1
JIT,2023,6,3,1,4
FBP,2023,4,0,0,
PGT,2023,5,0,0,0
KNK,2023,4,0,0,0
BRW,2023,2,0,0,0
NWO,2023,1,0,,
KGN,2023,21,6,0,0
NZG,2023,4,0,0,0
QEP,2023,8,1,3,0
HTS,2023,1,0,0,
HMY,2023,1,0,0,0
OLZ,2023,1,0,0,0
GIO,2023,2,0,0,13
IQZ,2023,1,0,1,0
PMU,2023,3,0,,
NPZ,2023,17,0,,
PAH,2023,151,0,0,0
NWB,2023,2176,5,7,1
KFM,2023,345,1,2,1
HQC,2023,1798,8,16,2
MAH,2023,738,0,0,0
QCB,2023,3682,4,0,0
GDW,2023,14568,2,5,4
OAE,2023,1299,1,7,6
JDI,2023,1624,4,3,5
CBI,2023,95,0,1,0
NQO,2023,248,1,0,1
IYO,2023,526,0,0,0
KRA,2023,823,2,0,0
LPL,2023,174,1,1,2
HXD,2023,98,0,1,1
PZK,2023,118,0,0,0
DWA,2023,436,0,0,0
JSG,2023,182,0,0,1
POH,2023,29,0,0,0
JZF,2023,2,0,0,0
PCD,2023,21,0,0,0
PGW,2023,199,1,2,1
NSA,2023,67,0,0,0
JOX,2023,50,0,0,0
PEW,2023,51,0,0,0
LBR,2023,2,0,0,0
GCY,2023,90,0,0,0
FHQ,2023,63,0,0,0
GZI,2023,1,0,0,0
GAG,2023,109,0,0,0
KNP,2023,1,0,0,0
KES,2023,1,0,0,
CBL,2023,9,0,0,0
KMI,2023,35,0,0,0
FAQ,2023,36,3,0,0
FQM,2023,10,0,2,1
JSC,2023,11,0,0,0
HCY,2023,4,0,1,0
KYS,2023,2,0,0,0
KMJ,2023,4,0,0,0
KMW,2023,24,0,1,0
DAP,2023,4,0,0,2
HFF,2023,4,0,,
FWB,2023,11,0,0,0
PJB,2023,5,0,0,
PPD,2023,1,0,1,3
ION,2023,2,0,0,0
PAM,2023,104,1,1,0
FZS,2023,2,0,1,0
OMC,2023,2,0,0,0
INB,2023,1,0,0,
LYG,2023,2,0,0,
HNQ,2023,2,0,1,2
EBF,2023,7,0,3,
HMF,2023,1,0,0,
CFL,2023,4,0,0,0
QIR,2023,7,0,0,0
OAS,2023,1,0,0,3
PJD,2023,2,0,0,0
PPL,2023,3,0,,
MFR,2023,2,0,0,0
PEO,2023,1,0,0,0
FTH,2023,1,0,0,
ISD,2023,4,0,0,
LOX,2023,1703,0,0,0
LJS,2023,2793,8,1,2
DQO,2023,386,2,51,1
LNQ,2023,164,0,0,0
LZO,2023,2053,15,5,7
PIO,2023,9,0,0,0
MLV,2023,671,0,0,0
NGT,2023,311,4,0,1
QHJ,2023,340,0,0,0
NCX,2023,371,0,0,0
EFT,2023,43,1,0,0
GDO,2023,362,0,0,0
KGC,2023,36,0,0,0
IOQ,2023,109,2,2,1
LOF,2023,148,0,4,0
LQR,2023,71,0,0,0
OJU,2023,4,1,3,2
FXR,2023,43,0,0,0
ITG,2023,3,0,0,0
DTS,2023,12,0,1,0
PDQ,2023,9,0,0,0
PQK,2023,71,0,0,0
LQE,2023,3,0,0,0
KXT,2023,4,0,0,0
DZJ,2023,22,0,0,0
JEA,2023,33,0,8,6
PID,2023,10,0,1,0
CFR,2023,29,0,0,0
HXI,2023,11,0,0,0
NQR,2023,19,0,0,0
OCT,2023,12,0,0,0
CGL,2023,5,0,0,1
NPL,2023,5,0,0,0
CDT,2023,7,2,0,0
HJO,2023,17,0,0,0
LHN,2023,7,1,7,0
PEZ,2023,6,0,0,
PRH,2023,1,0,,
MQG,2023,3,1,0,0
NSI,2023,1,0,,
NWW,2023,10,0,0,0
PRJ,2023,1,0,,
OAY,2023,2,0,0,0
FNP,2023,1,0,0,0
ILI,2023,1,0,0,
MRW,2023,1,0,0,0
HNW,2023,2,0,0,
NCE,2023,1,0,,
MBV,2023,7,0,0,
QVN,2023,2,0,0,
JBQ,2023,1,0,,
LTO,2023,1,0,0,
FWM,2023,10587,0,0,0
FKX,2023,3892,3,0,1
KYB,2023,304,0,1,0
HRS,2023,2013,8,2,21
JDG,2023,288,0,4,2
QLT,2023,281,3,1,0
LWQ,2023,451,0,0,0
FJK,2023,585,0,7,1
DBF,2023,3,0,0,0
JCX,2023,184,0,0,0
QPB,2023,28,0,1,0
KGX,2023,190,1,4,9
GKN,2023,120,0,0,0
BZA,2023,37,3,2,4
DZN,2023,38,0,0,0
MIX,2023,4,0,0,
KGZ,2023,55,0,0,4
QHR,2023,82,0,0,1
GAD,2023,79,3,4,1
CAG,2023,7,0,0,
GWO,2023,72,2,1,0
QBO,2023,41,0,0,0
HDD,2023,19,0,0,0
HIG,2023,32,1,0,0
LKN,2023,132,2,0,0
BYI,2023,9,0,0,0
BSN,2023,18,0,0,0
DZC,2023,2,0,0,0
MCH,2023,1,0,,
LOK,2023,11,0,0,0
NJR,2023,8,0,2,
HFX,2023,33,2,1,0
PZI,2023,2,0,1,0
KOX,2023,3,0,0,
CAX,2023,3,0,0,0
QNW,2023,1,0,0,1
ILY,2023,15,1,0,4
NBY,2023,5,0,0,0
MHC,2023,7,0,,
LYA,2023,17,0,0,0
IQA,2023,17,4,4,2
EBD,2023,5,0,,
NFK,2023,4,0,0,0
DXG,2023,12,0,0,0
EAZ,2023,2,0,0,0
QAJ,2023,5,0,0,
LNK,2023,2,0,,
KME,2023,2,1,0,0
BYS,2023,20,2,0,0
HLG,2023,9,0,0,0
HBG,2023,3,9,12,0
FAT,2023,1,0,0,0
JIY,2023,6,2,1,1
NOF,2023,2,0,0,0
IZZ,2023,1,0,9,0
UNK,2023,3,0,0,
LMB,2023,10,0,0,0
NZD,2023,3,0,,
QPP,2023,1,0,0,
LEE,2023,1,0,,
BXY,2023,1,0,0,
ICL,2023,1,0,0,
LDG,2023,1,0,0,
GAI,2023,1,0,0,
LFY,2023,1,0,0,
NDH,2023,1,0,,
OYU,2023,1,0,1,
MDS,2023,13720,0,0,1
EQJ,2023,258,0,1,0
EOB,2023,1337,1,2,0
HGX,2023,195,0,0,0
EZC,2023,1140,0,0,1
EZL,2023,772,2,2,1
IYN,2023,228,10,14,81
HWN,2023,82,0,0,0
FDT,2023,3043,5,0,1
MUD,2023,73,1,2,0
MFA,2023,54,0,0,0
FZX,2023,832,1,0,0
NIU,2023,247,0,0,0
MSR,2023,2,0,,
GXL,2023,9,0,,
CDD,2023,27,0,3,1
MRN,2023,98,3,0,2
EXE,2023,359,0,2,0
JTN,2023,4,0,32,0
HND,2023,13,0,0,0
GDM,2023,3,0,0,1
DPS,2023,53,3,6,4
HQO,2023,48,0,0,0
CEM,2023,30,7,0,5
QOH,2023,50,0,,
MYF,2023,250,1,0,0
HNF,2023,57,0,2,0
PHM,2023,4,0,0,0
PER,2023,11,0,1,3
FXY,2023,6,0,1,0
FWF,2023,25,0,0,0
ODU,2023,2,0,,
FSS,2023,15,0,0,0
MLZ,2023,92,0,0,2
IOL,2023,6,7,0,0
BYE,2023,8,0,0,0
OQB,2023,7,0,0,0
EKH,2023,5,0,,
QRY,2023,7,0,2,
FRL,2023,6,0,0,0
JJF,2023,1,0,0,
CBT,2023,13,2,0,0
LQL,2023,7,0,0,0
PLF,2023,4,0,0,0
NTM,2023,2,0,0,
OEZ,2023,24,14,43,27
CDX,2023,12,0,0,1
QCT,2023,1,0,0,1
NZW,2023,9,0,0,0
JSS,2023,1,0,,
FSQ,2023,1,0,0,
HBM,2023,8,2,0,0
PWH,2023,2,0,0,0
FLH,2023,9,0,0,0
OMA,2023,1,1,0,
KSF,2023,2,0,0,
CGN,2023,8,3,1,0
HWD,2023,3,0,0,0
OSP,2023,1,0,0,0
MMP,2023,1,2,0,
MVG,2023,1,0,0,0
QOS,2023,1,0,,
IMM,2023,1,0,,
EKW,2023,1,0,,
KAK,2023,1,0,,
ILZ,2023,1,0,,
OCC,2023,1,1,2,3
PBQ,2023,34,0,0,0
KNG,2023,2,0,0,0
JEB,2023,2,0,,
NQD,2023,2,0,0,0
FSH,2023,1,0,0,
KBN,2023,1,0,0,
OIP,2023,1,1,,
QMT,2023,1,0,,
PRL,2023,303,1,3,0
MCW,2023,571,1,2,1
LXH,2023,5148,10,8,4
HWE,2023,3370,0,0,0
ETN,2023,389,1,2,3
NTE,2023,351,17,0,0
MWI,2023,177,1,6,7
DSP,2023,6967,36,8,5
DSQ,2023,12988,11,8,7
OVE,2023,148,0,1,0
LFL,2023,4187,2,12,12
DWS,2023,18,5,0,1
NQQ,2023,6,0,0,0
PPM,2023,8,1,3,5
EKS,2023,264,0,0,1
MJO,2023,273,1,2,1
DRM,2023,762,0,1,2
OGE,2023,62,3,5,13
KWY,2023,178,0,2,2
DRB,2023,82,0,0,0
GAZ,2023,24,0,0,1
HTX,2023,14,0,1,0
BZR,2023,19,0,0,0
JDN,2023,8,0,0,
NPJ,2023,52,0,0,0
FOS,2023,20,0,0,6
MCZ,2023,2,1,2,
NTG,2023,12,1,0,0
LNX,2023,15,0,,
IZH,2023,6,0,0,0
ILJ,2023,13,0,0,0
MDI,2023,4,0,0,0
PAG,2023,1,0,,
FYI,2023,8,0,0,0
FZO,2023,21,0,0,0
FAF,2023,6,0,0,0
ELW,2023,13,0,0,0
JXM,2023,5,0,0,0
GAH,2023,8,0,0,0
KZD,2023,31,0,0,0
KXK,2023,9,0,0,0
JHX,2023,2,0,0,1
QPQ,2023,16,0,0,0
NSR,2023,1,0,,
OWL,2023,6,0,0,1
HIN,2023,9,0,0,0
FQZ,2023,2,1,,
FFO,2023,2,0,0,
OXQ,2023,6,6,11,2
NLM,2023,5,0,0,0
GQG,2023,5,0,0,0
KWH,2023,6,0,0,0
LIO,2023,6,0,0,1
BTQ,2023,24,0,1,0
PAB,2023,3,1,0,0
GYB,2023,6,0,4,0
PMC,2023,17,0,0,0
CJE,2023,11,1,0,1
DRQ,2023,8,0,0,0
QDA,2023,5,0,0,0
HLJ,2023,1,0,,
QVO,2023,1,0,,
HPC,2023,1,0,,
QSZ,2023,15,0,0,0
QNE,2023,1,0,,
LGE,2023,1,0,,
HNL,2023,1,0,,
NVY,2023,10339,0,0,2
NIP,2023,872,1,0,0
FOZ,2023,4410,5,1,11
NKE,2023,1464,0,2,5
FNL,2023,2151,17,1,0
NBH,2023,491,0,0,0
DRY,2023,41,0,0,2
GKZ,2023,152,1,2,14
GBM,2023,201,1,0,1
MZF,2023,88,0,0,1
LFR,2023,101,0,0,0
NKM,2023,2466,1,0,0
DSA,2023,28,0,0,1
GWM,2023,741,2,6,3
HWB,2023,347,0,1,0
GJS,2023,805,0,0,2
JAA,2023,32,14,3,6
PGN,2023,189,0,0,1
ITI,2023,223,2,2,3
GCI,2023,100,0,0,0
FAJ,2023,917,7,0,0
EOX,2023,12,1,2,
QAU,2023,132,2,2,0
NAJ,2023,3,0,0,0
GAB,2023,32,0,0,0
HBL,2023,264,0,0,2
LRK,2023,50,0,0,1
FRO,2023,197,3,2,11
QJP,2023,74,1,5,1
LDD,2023,264,1,3,0
MBG,2023,1,0,,
FWZ,2023,27,0,1,0
MAE,2023,127,0,0,0
LNS,2023,84,0,0,0
EWY,2023,97,0,0,0
OJH,2023,44,10,64,15
KMA,2023,4,0,0,0
JSM,2023,48,0,1,0
OWQ,2023,29,0,0,7
FDG,2023,2,0,0,0
PTY,2023,1,0,,
QJZ,2023,104,0,1,0
QHQ,2023,17,0,0,1
QRH,2023,3,0,0,0
OCJ,2023,2,0,0,0
KPR,2023,39,8,4,9
HQZ,2023,1,0,,
JDB,2023,29,0,1,1
IWZ,2023,1,0,,
GKP,2023,4,1,0,
PHC,2023,9,0,0,7
OZE,2023,1,0,1,2
JHS,2023,12,0,1,0
OHG,2023,9,1,6,
MTG,2023,5,0,0,1
DYJ,2023,11,0,0,0
JPA,2023,11,3,0,1
HOZ,2023,6,0,3,0
PMA,2023,3,0,0,
QNH,2023,1,0,,
HRR,2023,3,1,,
FSO,2023,16,1,1,0
EHJ,2023,1,0,,
OGQ,2023,1,0,0,0
PAD,2023,1,0,1,
HXW,2023,12,0,0,0
GHH,2023,6,1,0,0
MNK,2023,4,0,0,0
BYP,2023,1,0,0,
HGD,2023,1,0,,
HBW,2023,1,0,1,0
KGB,2023,2,0,0,0
OGK,2023,2,0,,
NXZ,2023,1,0,0,
QWR,2023,12,0,0,2
EID,2023,1,0,,
MHX,2023,2238,9,19,37
MRM,2023,551,0,0,0
MFK,2023,1039,0,0,1
LQY,2023,56,0,0,0
LPH,2023,5319,5,13,7
GAL,2023,121,3,0,0
FHN,2023,47,0,0,0
OTN,2023,1065,0,0,0
JDR,2023,173,0,0,0
ESW,2023,155,0,31,0
LZS,2023,127,0,0,0
DYG,2023,228,2,0,1
JXG,2023,1215,3,6,0
PPN,2023,29,0,0,0
IEO,2023,67,1,1,1
KWP,2023,332,5,0,0
GAA,2023,117,0,0,0
KPE,2023,126,0,22,0
LKB,2023,29,0,1,0
OLI,2023,2,0,,
HHE,2023,132,0,0,0
GXD,2023,54,2,0,0
PUM,2023,24,0,0,0
QSK,2023,26,0,0,0
OBP,2023,43,0,0,0
GXZ,2023,20,0,0,0
ODP,2023,36,3,0,2
DSH,2023,64,0,0,0
DXJ,2023,17,0,1,3
KCO,2023,8,0,0,0
FZD,2023,1,0,,
JAY,2023,11,0,0,0
OEM,2023,1,0,,
JOJ,2023,39,3,0,0
FWP,2023,6,0,0,1
NYV,2023,1,0,0,0
BSR,2023,19,0,3,0
HHK,2023,1,0,0,0
PML,2023,18,2,0,0
MKZ,2023,4,0,0,0
OFU,2023,19,0,0,0
OCH,2023,2,0,0,0
LTJ,2023,17,0,0,1
BYJ,2023,10,0,0,0
LJX,2023,5,0,0,2
IMP,2023,24,0,0,0
HBI,2023,1,0,0,0
FTY,2023,9,0,0,0
DML,2023,2,0,0,
HRQ,2023,7,0,2,1
HAM,2023,3,0,0,0
OMW,2023,2,0,0,0
CGZ,2023,9,0,0,0
QPY,2023,4,0,0,0
FON,2023,2,0,2,0
OKI,2023,3,0,5,
CIT,2023,2,1,0,0
DTJ,2023,2,0,,
FWX,2023,2,0,0,0
BTC,2023,1,2,0,0
NYI,2023,1,0,,
MNW,2023,2,0,0,
HGY,2023,1,0,0,0
QWM,2023,1,0,0,0
MSS,2023,330,0,0,0
HQL,2023,3872,1,0,2
JDL,2023,31,0,0,0
GCJ,2023,5981,22,15,6
DWJ,2023,3451,0,10,1
HBC,2023,661,0,0,0
HWT,2023,2596,0,1,0
CCW,2023,342,4,5,7
OJX,2023,4429,0,0,0
LYJ,2023,1754,0,2,2
BTT,2023,713,0,1,1
ONU,2023,481,0,0,0
KTI,2023,130,1,0,2
DZM,2023,33,0,0,0
LRS,2023,34,5,5,4
JHI,2023,145,6,1,0
CAI,2023,251,15,6,8
HXB,2023,46,0,1,0
DSK,2023,14,0,0,0
NIM,2023,171,0,0,2
OMD,2023,168,0,0,0
GZF,2023,520,0,1,0
QJY,2023,60,0,0,0
JIR,2023,2,0,3,1
OWT,2023,76,0,0,0
BWN,2023,50,0,0,0
JOQ,2023,10,0,0,0
PWI,2023,8,0,2,0
FXX,2023,21,4,2,0
KOE,2023,20,0,0,0
CHW,2023,22,0,0,0
QDY,2023,2,0,,
JQC,2023,4,0,0,0
PBJ,2023,1,0,0,0
KIJ,2023,6,0,0,0
MIB,2023,71,0,0,3
CCQ,2023,7,0,0,0
INM,2023,11,0,0,0
HOC,2023,9,0,0,0
JJY,2023,4,7,4,5
JXA,2023,2,0,0,
CAP,2023,11,0,0,0
FTN,2023,9,5,8,7
ICO,2023,1,0,,
EBI,2023,13,2,5,0
DHB,2023,6,0,0,14
HDX,2023,1,0,0,
NNK,2023,1,0,0,
LFM,2023,27,0,2,0
HKO,2023,10,0,0,0
OMB,2023,4,0,0,0
LNI,2023,1,4,12,0
LWW,2023,2,0,0,
HJI,2023,11,0,,
MJG,2023,1,0,2,0
NUH,2023,4,0,0,0
GYC,2023,2,0,0,0
EWD,2023,1,0,0,
KAG,2023,1,0,,
KBD,2023,1,0,0,0
NAI,2023,1,0,,
NVN,2024,21670,0,0,
GDW,2024,13139,5,4,
GDY,2024,110,1,4,
MFK,2024,1088,0,1,
KYF,2024,359,0,0,
LXH,2024,6251,8,4,
MGB,2024,13629,0,0,
DZL,2024,106,0,0,
MNH,2024,296,0,0,
QQS,2024,1269,0,0,
GFC,2024,13,0,0,
BTT,2024,493,1,1,
CAI,2024,116,6,8,
NEC,2024,7,0,0,
ODC,2024,96,0,0,
PAM,2024,406,1,0,
MEC,2024,78,0,5,
LNS,2024,39,0,0,
DWE,2024,216,0,0,
JSJ,2024,19,0,0,
NSA,2024,92,0,0,
GCB,2024,7,1,0,
FFG,2024,3,0,0,
GTY,2024,41,6,2,
NSC,2024,27,0,0,
GZL,2024,16,3,0,
MRH,2024,19,0,0,
KWI,2024,124,0,0,
GEN,2024,20,4,0,
NGY,2024,14,0,1,
DZP,2024,7,0,0,
NQR,2024,20,0,0,
GBO,2024,32,0,0,
BWN,2024,51,0,0,
PGO,2024,7,0,0,
BTM,2024,31,9,2,
HHK,2024,4,0,0,
HEW,2024,32,0,0,
QUF,2024,9,0,0,
ORY,2024,11,0,0,
FGH,2024,1,0,,
JIN,2024,7,0,1,
HNQ,2024,16,1,2,
NFK,2024,19,0,0,
QRY,2024,2,2,,
IPL,2024,6,0,0,
HTE,2024,11,0,0,
LBP,2024,3,0,0,
EXG,2024,3,0,0,
LCN,2024,1,0,,
QBI,2024,12,0,0,
DXK,2024,1,0,,
KWB,2024,4,0,,
MAL,2024,10,0,0,
NNX,2024,10,0,0,
JKC,2024,4,0,2,
GHH,2024,4,0,0,
BWK,2024,1,0,,
IFP,2024,2,0,0,
QHS,2024,3,0,0,
NVP,2024,3,0,,
JIO,2024,1,0,0,
QXB,2024,4,0,0,
JFJ,2024,1,0,0,
QJH,2024,2,0,0,
GEC,2024,3,0,,
QPP,2024,1,0,,
PKP,2024,2,0,0,
PWJ,2024,2,0,0,
OAP,2024,1,0,0,
NVK,2024,1,0,,
JSY,2024,2,0,0,
QYU,2024,1,0,0,
FCN,2024,1,0,0,
FZP,2024,2048,0,0,
ONU,2024,426,0,0,
HAB,2024,736,0,0,
JDI,2024,1808,3,5,
HTO,2024,4728,1,0,
MBI,2024,3740,1,3,
MRU,2024,265,0,0,
GAT,2024,2571,0,0,
MAF,2024,219,0,0,
QCB,2024,3551,0,0,
EFW,2024,87,0,1,
FWZ,2024,67,1,0,
LGZ,2024,852,0,5,
GIM,2024,314,0,1,
JGS,2024,94,0,1,
DZN,2024,68,0,0,
KXT,2024,7,0,0,
BRZ,2024,88,0,0,
ILS,2024,35,0,0,
QNR,2024,134,0,2,
OHR,2024,159,3,1,
FMQ,2024,57,0,0,
KQO,2024,20,0,0,
JQW,2024,15,0,0,
IZZ,2024,1,9,0,
KHP,2024,13,0,2,
MWI,2024,118,6,7,
PNR,2024,31,0,0,
IKZ,2024,7,0,0,
IMA,2024,2,9,,
OGR,2024,24,15,10,
DTS,2024,20,1,0,
LIM,2024,1,0,,
OHY,2024,5,0,0,
QGH,2024,8,0,,
JPA,2024,8,0,1,
ISH,2024,5,0,0,
PRI,2024,11,0,0,
FWX,2024,4,0,0,
FSD,2024,1,0,,
KFX,2024,1,0,,
NJD,2024,14,0,0,
KES,2024,5,0,,
IDZ,2024,13,0,0,
MYY,2024,2,0,0,
KDG,2024,1,0,,
LTK,2024,6,0,0,
DEH,2024,26,0,0,
BTY,2024,5,0,,
OWX,2024,2,0,0,
EKC,2024,1,0,0,
OCH,2024,2,0,0,
OAS,2024,2,0,3,
SBH,2024,1,0,0,
JWY,2024,1,0,,
FKO,2024,1,0,0,
FHW,2024,4032,0,0,
OZD,2024,18398,19,5,
OOK,2024,1254,0,0,
MHY,2024,4331,7,1,
MCW,2024,670,2,1,
PTD,2024,22,0,0,
KRG,2024,1535,0,2,
HWE,2024,3639,0,0,
FKX,2024,3749,0,1,
KRH,2024,401,0,0,
OVE,2024,141,1,0,
PND,2024,167,0,0,
JSG,2024,32,0,1,
JEY,2024,692,0,0,
OSM,2024,185,0,0,
OZT,2024,37,0,0,
HXD,2024,135,1,1,
MQV,2024,67,2,2,
OSH,2024,12,0,0,
GST,2024,1,0,,
GXQ,2024,55,2,0,
OQY,2024,210,0,0,
KHS,2024,30,0,1,
GWQ,2024,17,1,1,
PEW,2024,35,0,0,
IKY,2024,431,0,0,
PZP,2024,308,0,0,
JTW,2024,36,0,1,
OTE,2024,130,1,1,
GWG,2024,9,1,1,
LRC,2024,51,2,0,
CJY,2024,34,0,2,
POH,2024,34,0,0,
OFU,2024,26,0,0,
PUM,2024,45,0,0,
GDZ,2024,15,2,0,
HWK,2024,7,0,0,
LXT,2024,27,0,0,
OKR,2024,2,0,,
BTA,2024,13,0,0,
FTN,2024,25,8,7,
QCI,2024,2,0,,
KRN,2024,2,0,,
KST,2024,5,0,0,
OFP,2024,21,0,5,
OGI,2024,1,0,,
KWG,2024,6,0,,
PDQ,2024,4,0,0,
KLB,2024,1,0,,
ENZ,2024,1,0,,
PWB,2024,1,0,0,
GXJ,2024,3,0,,
MMH,2024,9,0,0,
QJB,2024,1,0,,
OPH,2024,1,0,,
PMX,2024,5,0,0,
KXQ,2024,1,0,,
MHW,2024,2,0,0,
LCX,2024,3,0,2,
QCT,2024,444,0,1,
GDH,2024,2,0,,
LPS,2024,1,1,,
QRB,2024,2,0,0,
GCZ,2024,1,0,6,
LQL,2024,5,0,0,
MCZ,2024,5,2,,
UNK,2024,1,0,,
PNF,2024,1,0,0,
NVZ,2024,6390,3,3,
QLG,2024,34578,1,5,
EJL,2024,25,1,1,
CGX,2024,32,0,0,
DHA,2024,260,0,0,
HCH,2024,9,0,0,
KPO,2024,252,2,8,
MEG,2024,111,1,0,
MCX,2024,791,0,0,
MNQ,2024,687,3,0,
DTE,2024,607,0,0,
QJP,2024,126,5,1,
NBH,2024,665,0,0,
BSP,2024,66,0,0,
PBF,2024,34,0,0,
PBI,2024,254,0,0,
BYS,2024,41,0,0,
HHD,2024,15,0,0,
DXT,2024,118,11,0,
DXG,2024,22,0,0,
LIP,2024,71,0,0,
NIN,2024,53,0,0,
OTP,2024,35,0,0,
KIC,2024,14,0,0,
JAY,2024,5,0,0,
HRQ,2024,3,2,1,
ODP,2024,55,0,2,
FFX,2024,59,0,1,
HGI,2024,44,0,0,
JRL,2024,4,0,,
ETB,2024,3,0,0,
NTN,2024,31,0,0,
JTZ,2024,9,0,1,
NVM,2024,4,0,1,
JQC,2024,2,0,0,
JAI,2024,1,0,,
FDX,2024,20,0,0,
FMP,2024,10,0,0,
NQQ,2024,6,0,0,
KRL,2024,4,0,,
KPS,2024,23,16,19,
IMC,2024,3,0,0,
QTG,2024,3,0,0,
NHB,2024,19,0,14,
FGO,2024,19,0,0,
PNG,2024,18,0,0,
LFM,2024,1,2,0,
JKR,2024,2,0,0,
KOG,2024,2,0,,
BYJ,2024,10,0,0,
GAI,2024,1,0,,
PVO,2024,1,0,,
GAS,2024,1,0,0,
MTI,2024,1,0,,
NHC,2024,4,0,0,
LRQ,2024,1,0,0,
QLP,2024,2,0,,
DWD,2024,1,0,,
NRU,2024,1,0,0,
FDF,2024,11988,3,0,
HQC,2024,2173,16,2,
HQL,2024,4118,0,2,
LOD,2024,484,0,4,
FGB,2024,567,15,0,
HXB,2024,35,1,0,
MBH,2024,1473,11,0,
NKM,2024,2548,0,0,
NIP,2024,1005,0,0,
EGS,2024,78,0,0,
GCY,2024,74,0,0,
INX,2024,78,0,0,
LZH,2024,311,0,0,
FNJ,2024,44,0,0,
QIR,2024,14,0,0,
ILQ,2024,102,0,0,
OPR,2024,256,0,0,
DRE,2024,318,16,1,
GXC,2024,6,0,0,
MOZ,2024,288,0,0,
OCZ,2024,37,0,0,
JIL,2024,21,1,1,
FNM,2024,248,0,1,
LPO,2024,9,0,0,
JJX,2024,30,2,2,
MAQ,2024,68,2,2,
NUC,2024,13,0,0,
KXK,2024,15,0,0,
MGZ,2024,3,0,1,
HIL,2024,1,0,0,
PJO,2024,16,0,0,
GXN,2024,35,0,0,
ESD,2024,16,0,0,
HND,2024,9,0,0,
MZA,2024,8,0,0,
HGY,2024,2,0,0,
DBI,2024,1,0,,
PRN,2024,1,0,0,
NPW,2024,133,0,0,
FFS,2024,5,0,,
DTM,2024,4,0,,
HXP,2024,8,0,0,
JHX,2024,2,0,1,
CGI,2024,3,0,,
FAM,2024,11,0,0,
NUP,2024,1,0,,
JTS,2024,21,0,1,
EXH,2024,56,0,0,
NWJ,2024,1,0,0,
HCY,2024,1,1,0,
NSM,2024,1,0,0,
PXU,2024,1,1,0,
LBS,2024,2,0,1,
GEH,2024,140,2,6,
FTR,2024,30044,0,0,
DTB,2024,25150,0,0,
MBF,2024,164,0,1,
HBE,2024,1142,11,2,
DQY,2024,3153,6,15,
GWF,2024,846,3,1,
OBJ,2024,1141,1,2,
GAG,2024,1117,0,0,
LKN,2024,159,0,0,
NUJ,2024,89,3,11,
LKF,2024,125,0,0,
LDF,2024,189,3,0,
KZF,2024,20,0,1,
HSD,2024,688,0,0,
OTL,2024,11,0,0,
CAE,2024,59,9,2,
NIH,2024,7,0,0,
MLR,2024,44,0,0,
MFA,2024,68,0,0,
MVR,2024,38,0,0,
FGX,2024,59,0,0,
HJO,2024,18,0,0,
EBF,2024,5,3,,
PID,2024,83,1,0,
PSZ,2024,16,0,0,
PDJ,2024,46,0,0,
BZR,2024,18,0,0,
DSA,2024,39,0,1,
LKG,2024,3,0,0,
KIH,2024,18,0,0,
HWN,2024,82,0,0,
HDD,2024,19,0,0,
QHT,2024,52,0,0,
KDP,2024,1,0,0,
JTC,2024,10,0,0,
QZI,2024,1413,0,2,
OES,2024,110,25,7,
OYU,2024,1,1,,
QAD,2024,34,0,0,
MUJ,2024,9,13,33,
KNN,2024,3,0,6,
GXR,2024,3,0,0,
ORK,2024,1,0,,
ETY,2024,1,0,0,
KNO,2024,1,0,0,
HDF,2024,4,1,0,
JIQ,2024,3,0,0,
QHE,2024,5,0,0,
OGW,2024,1,0,,
OXD,2024,3,0,0,
DRQ,2024,5,0,0,
FFH,2024,5,0,0,
OHS,2024,5,0,0,
HFW,2024,2,0,,
PPD,2024,2,1,3,
GFO,2024,2,0,2,
QSS,2024,1,0,,
KGI,2024,2,1,1,
KOH,2024,1,0,0,
HAM,2024,1,0,0,
ODG,2024,1897,0,0,
FDI,2024,275,0,2,
DYE,2024,3407,0,0,
CAN,2024,59,0,0,
GFD,2024,787,0,2,
MJC,2024,1958,1,3,
FSA,2024,364,1,9,
GFA,2024,496,0,0,
KWT,2024,595,0,0,
LQC,2024,300,1,0,
OMD,2024,253,0,0,
LHI,2024,1261,5,1,
OCW,2024,207,0,0,
NIG,2024,119,5,0,
GBM,2024,466,0,1,
CDZ,2024,11,2,2,
IZL,2024,35,10,51,
LLI,2024,20,1,6,
NEU,2024,240,3,2,
DRG,2024,25,1,0,
KNX,2024,161,0,0,
LOF,2024,171,4,0,
KTI,2024,148,0,2,
HIS,2024,7,0,1,
JSO,2024,4,0,1,
PCD,2024,15,0,0,
NLH,2024,47,1,9,
HXI,2024,6,0,0,
MGQ,2024,11,0,0,
QWM,2024,16,0,0,
PZS,2024,10,0,0,
HKO,2024,28,0,0,
EJF,2024,2,0,0,
HRM,2024,33,0,0,
EMX,2024,12,0,0,
FSZ,2024,7,0,,
PLH,2024,1,0,,
CDT,2024,5,0,0,
QNI,2024,2,0,1,
FNP,2024,3,0,0,
FXX,2024,21,2,0,
GEE,2024,3,0,,
HHL,2024,1,0,0,
QUM,2024,2,0,,
PIJ,2024,3,0,0,
DYN,2024,1,0,0,
FIE,2024,14,0,0,
NZH,2024,1,0,,
LTJ,2024,8,0,1,
JPI,2024,17,0,0,
NNK,2024,3,0,,
HQA,2024,1,0,,
GFE,2024,2,0,0,
PCM,2024,1,0,,
LQE,2024,2,0,0,
HQR,2024,3,0,,
KHE,2024,1,0,2,
HXO,2024,5,0,0,
ION,2024,1,0,0,
HNI,2024,1,0,0,
LRG,2024,1,0,1,
DAP,2024,1,0,2,
FPF,2024,1,0,,
DZC,2024,1,0,0,
NQD,2024,1,0,0,
OYX,2024,1,1,2,
FZF,2024,1,0,,
NRB,2024,1,0,0,
KNQ,2024,264,0,0,
NVY,2024,9255,0,2,
LXB,2024,229,0,0,
BSZ,2024,5959,19,23,
FED,2024,63,4,1,
HWC,2024,3516,26,1,
GCP,2024,108,2,1,
HTQ,2024,470,0,0,
KDJ,2024,3083,26,0,
GEX,2024,2192,9,8,
PAH,2024,284,0,0,
NKG,2024,205,0,0,
EOB,2024,1452,2,0,
FCM,2024,54,1,0,
QGP,2024,64,0,0,
OLW,2024,92,0,0,
JTN,2024,5,32,0,
FLE,2024,64,0,0,
ESW,2024,164,31,0,
HBF,2024,181,0,4,
PML,2024,60,0,0,
KSR,2024,24,0,0,
GCX,2024,65,1,2,
NZU,2024,141,0,0,
PTI,2024,36,0,0,
JHI,2024,248,1,0,
JOL,2024,273,1,0,
MSX,2024,31,1,1,
INI,2024,30,0,0,
HIG,2024,43,0,0,
NOA,2024,3,0,0,
JDR,2024,200,0,0,
GEA,2024,95,1,0,
PHM,2024,3,0,0,
OTD,2024,62,0,0,
LOL,2024,21,0,0,
MYF,2024,13,0,0,
OHV,2024,11,0,0,
GDJ,2024,67,3,0,
HQP,2024,21,0,0,
HBG,2024,11,12,0,
NIM,2024,262,0,2,
PGN,2024,30,0,1,
JGJ,2024,17,1,0,
CAK,2024,19,0,1,
KDT,2024,7,0,,
CAT,2024,75,0,0,
FMZ,2024,117,2,0,
QBX,2024,30,0,,
QNW,2024,8,0,1,
DQE,2024,47,0,0,
HJN,2024,2,0,0,
FDP,2024,22,0,0,
CFJ,2024,10,0,0,
GGW,2024,5,0,0,
QKF,2024,1,0,,
OTZ,2024,1,0,,
KIF,2024,10,0,0,
ILY,2024,18,0,4,
DML,2024,2,0,,
QSY,2024,3,0,0,
FRI,2024,4,0,0,
HCC,2024,5,0,,
BWH,2024,3,0,0,
JDJ,2024,1,0,0,
IMG,2024,4,0,0,
QKS,2024,1,0,,
CKG,2024,3,0,3,
PTA,2024,1,0,,
JIR,2024,3,3,1,
HGE,2024,1,0,0,
KRP,2024,1,0,0,
LPB,2024,1809,0,0,
FMF,2024,5049,100,7,
CEM,2024,42,0,5,
EZL,2024,1023,2,1,
FBN,2024,106,1,0,
ITX,2024,969,1,26,
LDD,2024,157,3,0,
FEG,2024,31,1,2,
CGA,2024,259,1,2,
QKP,2024,1391,0,2,
OMP,2024,134,4,1,
LYJ,2024,1508,2,2,
OVB,2024,322,0,0,
GFF,2024,122,0,0,
NFA,2024,55,0,0,
DXO,2024,188,0,0,
OUB,2024,19,0,0,
QAU,2024,153,2,0,
HLG,2024,12,0,0,
FFT,2024,237,0,1,
ODD,2024,12,0,0,
CBI,2024,75,1,0,
IRT,2024,77,1,0,
GXD,2024,63,0,0,
FLL,2024,114,1,1,
KDQ,2024,169,8,0,
DYF,2024,6,14,0,
ITQ,2024,103,0,0,
QBN,2024,17,0,0,
EZD,2024,116,0,0,
DPT,2024,166,22,0,
BSK,2024,130,0,0,
FAF,2024,18,0,0,
PXI,2024,34,0,1,
FRK,2024,4,0,0,
MUM,2024,34,0,0,
QHP,2024,41,0,0,
DTG,2024,3,0,,
LYZ,2024,2,0,0,
PWI,2024,73,2,0,
KIK,2024,1,0,,
LWO,2024,10,0,0,
KMY,2024,373,0,0,
CBL,2024,6,0,0,
MMX,2024,32,0,0,
MZC,2024,5,0,0,
KCF,2024,1,0,,
GAC,2024,8,0,0,
KNY,2024,5,1,0,
KBB,2024,2,0,,
QKW,2024,8,0,0,
KGG,2024,6,0,0,
FXP,2024,7,0,0,
FEN,2024,3,0,,
QLC,2024,1,0,0,
OZN,2024,7,1,2,
MAJ,2024,4,0,0,
HPP,2024,1,0,0,
CDM,2024,1,0,0,
HIM,2024,1,0,,
LDG,2024,1,0,,
KPI,2024,2,0,,
QCZ,2024,1,0,,
FXF,2024,1,0,,
HME,2024,1,0,,
KAE,2024,1,0,1,
JXE,2024,1,0,0,
MKT,2024,2,0,0,
IMK,2024,2,0,1,
OHH,2024,1,0,0,
FRW,2024,1,0,0,
NEG,2024,1,0,0,
BZD,2024,66746,7,3,
LOX,2024,1774,0,0,
MDS,2024,4044,0,1,
LKK,2024,4551,6,1,
LJT,2024,1871,0,13,
MAX,2024,717,2,8,
HHS,2024,845,0,0,
OWB,2024,7918,46,114,
GAW,2024,2318,3,0,
IKT,2024,9,0,0,
IYE,2024,80,3,8,
MBX,2024,73,0,0,
EGD,2024,1,0,,
BTI,2024,163,0,0,
NXT,2024,159,0,0,
QMN,2024,402,1,0,
OLT,2024,4,0,0,
GDG,2024,10,3,0,
MRN,2024,135,0,2,
DWM,2024,70,0,0,
HQO,2024,66,0,0,
MMK,2024,12,0,0,
NZK,2024,152,0,0,
LZA,2024,76,0,0,
CIG,2024,38,1,0,
BSJ,2024,4,0,0,
KGN,2024,15,0,0,
PDU,2024,90,0,0,
MQB,2024,88,0,1,
NLQ,2024,19,1,1,
EIA,2024,53,0,0,
EFA,2024,5,0,0,
MVU,2024,3,2,1,
FDC,2024,11,0,0,
NTH,2024,1,0,,
JLS,2024,7,0,0,
FSR,2024,15,0,0,
QHR,2024,55,0,1,
JQX,2024,78,0,0,
FBW,2024,2,0,0,
LEJ,2024,2,0,0,
QRJ,2024,4,0,0,
LMD,2024,8,0,0,
GYB,2024,4,4,0,
NJR,2024,14,2,,
PQO,2024,1,0,1,
EOX,2024,2,2,,
GAX,2024,4,0,0,
BWF,2024,11,0,0,
NOF,2024,2,0,0,
MVM,2024,1,0,,
PJD,2024,1,0,0,
JQB,2024,2,0,,
MMP,2024,1,0,,
NGE,2024,1,0,2,
OSP,2024,1,0,0,
---,2024,1,0,0,
KZE,2024,1,0,0,
KGB,2024,1,0,0,
OIR,2024,1,0,0,
FCQ,2024,1,0,0,
MLZ,2024,188,0,2,
OGO,2024,162,0,0,
PNO,2024,530,0,0,
DQK,2024,553,29,3,
DTZ,2024,531,2,1,
JXG,2024,1201,6,0,
MVK,2024,12191,0,0,
OLO,2024,2323,13,13,
LEI,2024,168,0,0,
OTN,2024,804,0,0,
MSD,2024,835,17,5,
PSV,2024,626,0,0,
HET,2024,3477,1,0,
GXI,2024,45,1,0,
LYS,2024,305,0,0,
LSZ,2024,109,0,0,
KYX,2024,20,3,0,
QYX,2024,400,0,0,
FJK,2024,417,7,1,
EFB,2024,100,0,0,
HSX,2024,171,0,0,
OCX,2024,21,0,0,
QJZ,2024,75,1,0,
HAO,2024,6,0,0,
CAC,2024,128,0,0,
EZB,2024,133,0,0,
LWH,2024,37,0,0,
MNR,2024,11,0,0,
HWX,2024,84,0,0,
IDP,2024,3,6,1,
QSZ,2024,15,0,0,
CDD,2024,33,3,1,
MOF,2024,95,1,0,
JXB,2024,2,0,0,
IKX,2024,7,1,0,
DXQ,2024,15,1,6,
EWD,2024,2,0,,
JET,2024,12,0,0,
OYK,2024,2,0,0,
FCS,2024,3,0,0,
LKD,2024,1,0,0,
DTW,2024,4,0,,
JHS,2024,14,1,0,
MUQ,2024,14,0,0,
DBF,2024,1,0,0,
LTO,2024,1,0,,
LFG,2024,1,0,,
BZN,2024,7,0,0,
RGV,2024,1,0,,
QWU,2024,26,1,2,
IOL,2024,4,0,0,
QWR,2024,87,0,2,
KOO,2024,26,0,0,
GYC,2024,3,0,0,
BYZ,2024,1,0,0,
EHL,2024,1,0,,
OLZ,2024,2,0,0,
MAC,2024,1,0,0,
EYC,2024,26,0,0,
QLW,2024,1,0,,
KNA,2024,1,0,0,
JFP,2024,8,0,0,
KBD,2024,1,0,0,
GCL,2024,2,0,0,
CIX,2024,3,1,0,
PRZ,2024,1,0,,
GZO,2024,2,0,,
SBA,2024,17,0,0,
GEG,2024,2,0,,
ODB,2024,2,0,0,
OLP,2024,1,0,0,
NSN,2024,1,0,,
FWM,2024,9355,0,0,
OZO,2024,11564,1,1,
MND,2024,913,0,1,
FOZ,2024,4741,1,11,
BTQ,2024,22,1,0,
DSY,2024,155,54,1,
MEB,2024,1413,0,0,
JKA,2024,4544,1,14,
NHA,2024,634,3,11,
NHL,2024,396,1,2,
GKZ,2024,113,2,14,
MEH,2024,346,0,1,
FSY,2024,538,5,3,
HTD,2024,173,1,1,
DZI,2024,57,0,0,
FEB,2024,879,5,3,
PIO,2024,6,0,0,
GDC,2024,91,2,3,
BTL,2024,664,8,0,
OEQ,2024,62,15,8,
GXH,2024,2,0,0,
PNB,2024,39,0,0,
BSO,2024,97,0,0,
KPE,2024,157,22,0,
HMX,2024,102,1,1,
QIJ,2024,3,0,0,
OAY,2024,2,0,0,
QES,2024,23,0,0,
FOS,2024,51,0,6,
HGP,2024,6,0,,
HFA,2024,6,0,0,
EZN,2024,49,1,1,
JBP,2024,23,0,2,
KMF,2024,6,0,0,
DFC,2024,16,2,0,
EZQ,2024,42,0,0,
LBH,2024,6,0,0,
HNO,2024,11,0,0,
MNW,2024,3,0,,
OCT,2024,9,0,0,
MUU,2024,5,0,0,
KGW,2024,19,0,0,
OHG,2024,3,6,,
KDW,2024,1,0,,
GKR,2024,1,0,,
OGJ,2024,6,4,1,
NTW,2024,12,0,0,
FCZ,2024,2,0,,
LMB,2024,9,0,0,
GRP,2024,6,0,,
JXI,2024,18,0,0,
HWJ,2024,17,1,0,
HOC,2024,9,0,0,
OJA,2024,4,2,1,
FFK,2024,8,0,0,
ORZ,2024,3,0,0,
HGH,2024,1,0,,
ERA,2024,2,0,1,
PEK,2024,5,0,0,
FEI,2024,2,0,,
DXH,2024,2,0,0,
PYO,2024,2,0,,
PEN,2024,7,2,1,
OVJ,2024,3,0,0,
LIH,2024,1,0,0,
PEU,2024,2,0,1,
QDS,2024,2,2,1,
DLJ,2024,1,0,0,
HLI,2024,2,0,,
EMF,2024,1,0,1,
MSH,2024,1,0,0,
GKB,2024,1,0,,
PMT,2024,1,0,0,
NWX,2024,871,0,0,
FGE,2024,1924,8,1,
MMI,2024,913,1,0,
HQE,2024,104,0,1,
KRB,2024,38,0,0,
HWT,2024,2409,1,0,
MQP,2024,97,0,0,
OJX,2024,3336,0,0,
LJE,2024,47,0,2,
FRC,2024,21,1,1,
KDD,2024,58,175,6,
HCG,2024,547,1,2,
LRY,2024,45,0,0,
FTM,2024,378,16,0,
CCK,2024,1185,0,13,
FDE,2024,54,14,16,
FJI,2024,150,0,1,
FPO,2024,920,0,1,
KWZ,2024,143,0,0,
MQR,2024,70,0,0,
CDP,2024,41,1,0,
LFZ,2024,34,0,1,
HTN,2024,262,0,0,
GAL,2024,159,0,0,
HBC,2024,422,0,0,
OVD,2024,90,3,6,
MED,2024,8,0,0,
LJH,2024,13,0,0,
HQD,2024,3,0,2,
NAJ,2024,1,0,0,
MKW,2024,6,0,0,
MTF,2024,31,1,0,
PSQ,2024,8,0,0,
LPG,2024,1,0,0,
PRC,2024,64,0,0,
NJK,2024,172,0,0,
MKQ,2024,56,0,0,
IPR,2024,2,0,0,
EFS,2024,31,0,0,
FBP,2024,2,0,,
JDX,2024,6,0,0,
PEA,2024,99,0,4,
MQM,2024,17,0,0,
NEZ,2024,102,0,0,
LRP,2024,20,14,2,
GAK,2024,28,0,0,
CJE,2024,11,0,1,
EAZ,2024,6,0,0,
FTC,2024,4,0,0,
DAO,2024,3,0,0,
ISS,2024,3,0,0,
NWW,2024,11,0,0,
KQM,2024,29,1,1,
FEA,2024,11,0,0,
MBS,2024,25,0,0,
EIL,2024,1,0,,
FCB,2024,1,0,0,
PAA,2024,3,0,,
LYA,2024,7,0,0,
CAG,2024,3,0,,
DWQ,2024,4,0,0,
KNG,2024,3,0,0,
MNM,2024,1,0,,
MFR,2024,1,0,0,
OBR,2024,18,0,0,
KBA,2024,1,0,,
NSU,2024,7,1,0,
GZI,2024,1,0,0,
PQX,2024,20,0,0,
OCV,2024,1,0,0,
ECS,2024,1,0,,
NAA,2024,1,0,,
NMD,2024,2,0,,
PHL,2024,6,0,1,
DER,2024,2,0,,
FKQ,2024,6,0,,
NYV,2024,9,0,0,
QJT,2024,1,0,,
MVL,2024,1,0,0,
IZW,2024,1,0,,
NKE,2024,1495,2,5,
LGW,2024,34631,15,4,
FAD,2024,597,0,4,
MAI,2024,2283,0,8,
FMI,2024,4015,3,2,
HAW,2024,3725,5,2,
DSP,2024,7300,8,5,
EKS,2024,311,0,1,
OOI,2024,324,3,1,
JDQ,2024,115,0,0,
FJS,2024,147,0,0,
LOM,2024,197,1,2,
BTS,2024,171,0,0,
CAF,2024,100,0,0,
MAY,2024,8,0,0,
QKO,2024,4,0,,
PCH,2024,44,2,5,
MOI,2024,5,0,0,
KMI,2024,67,0,0,
CAH,2024,51,1,7,
PER,2024,3,1,3,
OQG,2024,20,0,0,
CIT,2024,8,0,0,
FPP,2024,26,0,0,
KYJ,2024,29,0,1,
JAA,2024,21,3,6,
GDF,2024,16,0,0,
OAB,2024,14,0,0,
OSL,2024,1,0,,
ETW,2024,2,0,0,
KDC,2024,14,1,1,
CCQ,2024,7,0,0,
GAO,2024,12,0,0,
QEZ,2024,17,0,0,
DHX,2024,15,0,0,
PCC,2024,6,0,0,
NCT,2024,3,0,,
NCD,2024,2,0,0,
NEA,2024,5,0,0,
LDP,2024,1,0,0,
PLA,2024,2,0,,
FWB,2024,6,0,0,
DFT,2024,1,0,,
MON,2024,5,0,0,
HIN,2024,29,0,0,
GEJ,2024,1,0,,
BXY,2024,1,0,,
KNK,2024,2,0,0,
KTN,2024,1,0,,
MIP,2024,1,0,,
EMB,2024,3,0,0,
MVG,2024,3,0,0,
MOL,2024,2,0,0,
PJF,2024,1,0,0,
NBW,2024,6080,1,2,
LJS,2024,4203,1,2,
GAR,2024,661,0,1,
HSB,2024,2819,5,22,
GWO,2024,149,1,0,
MZM,2024,82,0,0,
BSB,2024,280,0,1,
NCX,2024,338,0,0,
NIV,2024,56,0,0,
DTX,2024,77,0,0,
HGX,2024,118,0,0,
JDC,2024,175,0,0,
PUP,2024,11,0,0,
GET,2024,19,0,0,
KYH,2024,2,0,,
GAP,2024,451,1,0,
PQK,2024,78,0,0,
FPB,2024,47,0,0,
JCT,2024,76,0,0,
LNR,2024,151,0,0,
MRG,2024,32,0,2,
JDW,2024,64,0,0,
KZL,2024,55,0,0,
DRO,2024,4,0,0,
FXR,2024,17,0,0,
LFJ,2024,48,0,0,
HQF,2024,74,0,1,
PPB,2024,49,5,2,
QKL,2024,25,0,0,
HSZ,2024,7,2,0,
OUP,2024,6,0,0,
GWN,2024,4,0,0,
CBT,2024,25,0,0,
OEV,2024,23,0,0,
KMA,2024,3,0,0,
LXG,2024,11,0,2,
QTN,2024,4,0,0,
ONG,2024,11,2,0,
KOE,2024,22,0,0,
BYG,2024,9,0,1,
QUL,2024,1,0,,
POL,2024,11,2,0,
MDD,2024,12,0,0,
IZD,2024,6,3,0,
NWU,2024,1,9,6,
OFF,2024,28,5,6,
OWL,2024,2,0,1,
KHG,2024,1,0,0,
KQZ,2024,4,0,0,
OLV,2024,2,0,0,
JDY,2024,2,0,0,
NZE,2024,2,0,,
DOP,2024,2,0,0,
PBC,2024,1,0,,
IQA,2024,2,4,2,
NSB,2024,2,5,2,
LLD,2024,1,0,0,
OFZ,2024,1,0,,
QOQ,2024,1,0,,
JDN,2024,1,0,,
PNN,2024,1,0,,
PXH,2024,7,0,0,
PPG,2024,1,0,0,
DXY,2024,761,0,0,
MKJ,2024,14887,8,20,
HNR,2024,81,0,1,
HTW,2024,1414,2,0,
KOD,2024,1236,0,2,
OSR,2024,442,0,0,
CFP,2024,7,1,0,
GBX,2024,938,5,6,
JOH,2024,1085,0,1,
FZX,2024,869,0,0,
HHE,2024,28,0,0,
KPR,2024,32,4,9,
HFG,2024,20,0,0,
FMH,2024,39,2,2,
HTZ,2024,224,0,0,
CIC,2024,8,0,0,
PLV,2024,9,0,0,
OOD,2024,191,0,0,
JOJ,2024,24,0,0,
PJP,2024,3,0,,
DSR,2024,93,0,0,
MSW,2024,3,0,1,
GKN,2024,54,0,0,
QUG,2024,2,0,1,
QEX,2024,25,0,0,
INK,2024,177,0,0,
CGL,2024,7,0,1,
QPQ,2024,13,0,0,
CCT,2024,2,0,0,
OJU,2024,4,3,2,
NRC,2024,4,0,0,
LDQ,2024,1,0,,
HTX,2024,24,1,0,
JOY,2024,5,0,1,
LFY,2024,2,0,,
EYB,2024,12,0,0,
KKX,2024,19,3,2,
DHB,2024,10,0,14,
JDK,2024,5,1,0,
OOG,2024,71,0,0,
JOT,2024,1,0,,
EML,2024,2,0,0,
KXJ,2024,7,0,5,
PJT,2024,8,0,0,
NDW,2024,2,0,0,
KIJ,2024,8,0,0,
QIK,2024,11,0,0,
MXJ,2024,3,0,0,
LYP,2024,1,0,0,
LCO,2024,2,0,1,
NPM,2024,5,0,0,
PBZ,2024,9,0,0,
QGZ,2024,3,0,,
IXR,2024,1,0,,
EQH,2024,2,0,,
JHW,2024,1,0,0,
PFF,2024,1,1,0,
QAZ,2024,1,0,,
HJT,2024,1,0,,
OWE,2024,2,0,,
PZI,2024,5,1,0,
OGQ,2024,1,0,0,
ECI,2024,1,0,,
MJI,2024,1,0,,
DZE,2024,682419,1,4,
MSS,2024,373,0,0,
QCD,2024,360,0,,
ETN,2024,741,2,3,
GAE,2024,13,0,0,
NIO,2024,502,0,2,
MOM,2024,1900,3,1,
HWB,2024,285,1,0,
MCN,2024,38,1,0,
FDT,2024,2998,0,1,
KDI,2024,2427,21,6,
HQB,2024,3,0,4,
EZY,2024,2067,2,0,
FCW,2024,178,0,0,
CFT,2024,25,0,0,
QHJ,2024,911,0,0,
JDZ,2024,27,0,0,
BSY,2024,210,1,8,
PKL,2024,1204,0,0,
DZJ,2024,12,0,0,
LPN,2024,79,0,0,
KWQ,2024,415,0,0,
FCG,2024,442,4,0,
FRO,2024,231,2,11,
DRB,2024,114,0,0,
EWY,2024,99,0,0,
CAZ,2024,162,1,1,
LGD,2024,81,0,1,
FZY,2024,83,0,0,
QHW,2024,18,0,0,
MRA,2024,117,0,0,
MRD,2024,37,0,0,
PMC,2024,14,0,0,
LNM,2024,65,0,0,
DTN,2024,10,0,0,
LZY,2024,74,0,1,
HGM,2024,171,1,3,
NAB,2024,5,0,0,
CCL,2024,4,0,0,
BYE,2024,9,0,0,
ITG,2024,8,0,0,
LCP,2024,39,3,2,
OYS,2024,29,0,0,
DJG,2024,3,0,3,
LOS,2024,3,0,,
CEO,2024,5,0,2,
DXZ,2024,48,1,2,
POS,2024,1,0,0,
GWJ,2024,7,0,1,
OZG,2024,20,0,0,
MTG,2024,8,0,1,
PBQ,2024,16,0,0,
HFN,2024,4,0,,
PLP,2024,10,0,0,
BZC,2024,8,1,0,
PNE,2024,4,0,,
PWH,2024,16,0,0,
NYT,2024,1,0,,
OYB,2024,3,0,0,
IQI,2024,2,0,0,
NXW,2024,29,0,0,
LYK,2024,1,0,,
GCQ,2024,2,0,,
DRJ,2024,2,0,0,
DIH,2024,1,0,,
KOA,2024,2,0,0,
HNW,2024,9,0,,
POD,2024,2,0,0,
JOZ,2024,1,1,1,
BRW,2024,1,0,0,
DRN,2024,1,0,,
NLG,2024,3,0,0,
OFX,2024,32,9,1,
INQ,2024,1,0,0,
NAY,2024,12684,42,5,
CBK,2024,20024,26,8,
PNJ,2024,3346,2,1,
JJE,2024,4161,33,27,
IZI,2024,1330,0,0,
HWR,2024,1196,0,0,
GWM,2024,638,6,3,
CCW,2024,468,5,7,
FDA,2024,70,0,0,
MRM,2024,511,0,0,
ONB,2024,680,1,39,
HWM,2024,93,0,0,
OLM,2024,39,0,0,
FZO,2024,19,0,0,
QPB,2024,16,1,0,
GDI,2024,20,0,0,
HEB,2024,524,0,30,
MVN,2024,25,1,4,
NTG,2024,21,0,0,
EXE,2024,281,2,0,
PAW,2024,2,0,0,
FYA,2024,27,0,1,
KWL,2024,140,3,0,
FPD,2024,40,0,0,
HXZ,2024,34,0,0,
FMS,2024,29,0,0,
OCJ,2024,2,0,0,
DQR,2024,7,0,6,
KWD,2024,132,0,0,
LWJ,2024,54,0,0,
IQK,2024,3,1,0,
JTO,2024,3,0,0,
QEH,2024,13,0,0,
DTD,2024,33,0,0,
JIS,2024,1,1,,
OTM,2024,43,0,0,
LIX,2024,5,0,0,
HXL,2024,4,0,0,
OOB,2024,137,0,0,
GCC,2024,7,0,0,
MJG,2024,5,2,0,
PHP,2024,4,0,0,
QTI,2024,3,0,0,
PXK,2024,1,0,0,
QNN,2024,5,0,0,
HWI,2024,1,0,,
OXK,2024,2,0,,
MAU,2024,1,0,,
ETD,2024,2,9,0,
HBW,2024,3,1,0,
GRM,2024,2,0,0,
PBX,2024,2,0,0,
PGD,2024,2,0,0,
OKY,2024,1,0,,
MRR,2024,1,0,,
QOI,2024,1,0,0,
MTD,2024,373,0,0,
FTL,2024,8408,1,0,
HRX,2024,2390,3,1,
QFG,2024,266053,1,6,
HTJ,2024,370,0,0,
DWJ,2024,3313,10,1,
IYN,2024,264,14,81,
GAZ,2024,65,0,1,
GDT,2024,51,0,0,
FFL,2024,604,0,0,
NQO,2024,156,0,1,
NTE,2024,395,0,0,
MJA,2024,164,1,1,
DRM,2024,695,1,2,
HSN,2024,1064,1,0,
JDS,2024,463,0,2,
FZW,2024,440,1,0,
MFE,2024,245,2,0,
MNI,2024,113,0,0,
ELC,2024,219,5,0,
PPN,2024,44,0,0,
PIF,2024,106,3,0,
MLM,2024,62,0,0,
LQM,2024,34,0,0,
KNH,2024,9,0,0,
PQA,2024,5,0,0,
PRL,2024,446,3,0,
PKC,2024,53,1,0,
ILK,2024,17,0,0,
EBW,2024,14,0,0,
NHI,2024,11,0,0,
OMZ,2024,3,0,,
KMJ,2024,3,0,0,
MGP,2024,8,0,,
HBA,2024,27,23,0,
HXG,2024,10,0,0,
HXK,2024,5,1,0,
CDQ,2024,4,0,0,
PUI,2024,68,0,2,
MRZ,2024,40,0,0,
MWH,2024,68,0,0,
LZP,2024,106,0,0,
KOZ,2024,2,0,,
EZX,2024,4,0,0,
LRW,2024,18,5,2,
FRG,2024,21,0,0,
NGX,2024,11,0,0,
NEK,2024,34,0,0,
QTD,2024,1,0,0,
EZR,2024,1,0,,
QIT,2024,2,0,0,
OFR,2024,1,2,1,
OPJ,2024,1,0,,
NOX,2024,9,0,1,
BZG,2024,3,1,0,
KWH,2024,2,0,0,
PGT,2024,1,0,0,
JEC,2024,2,0,0,
EHD,2024,6,0,,
MBV,2024,3,0,,
PXE,2024,5,0,,
HHW,2024,6,0,0,
QST,2024,4,0,0,
IQG,2024,3,0,0,
MIJ,2024,2,0,,
EBA,2024,1,0,4,
JSC,2024,1,0,0,
BZT,2024,3,0,,
NPP,2024,1,0,,
QDK,2024,237,0,0,
KYM,2024,1,0,,
KJK,2024,1,0,,
GBS,2024,1,0,0,
GKP,2024,5,0,,
EIE,2024,1,0,,
MXK,2024,1,0,0,
PBY,2024,1,0,0,
KSS,2024,1,0,0,
MRC,2024,2,0,1,
LIT,2024,1888,2,1,
MCM,2024,5584,2,1,
DSI,2024,1303,0,19,
DSQ,2024,12969,8,7,
OXO,2024,192,4,2,
MTA,2024,2114,0,0,
HBL,2024,195,0,2,
GCI,2024,117,0,0,
DTC,2024,1061,0,0,
LQR,2024,68,0,0,
MIA,2024,23,0,0,
OYE,2024,35,6,1,
KHO,2024,167,0,0,
JEA,2024,35,8,6,
NPL,2024,17,0,0,
QEW,2024,159,2,1,
PGQ,2024,19,0,0,
LPM,2024,162,2,2,
KGY,2024,18,0,0,
FCX,2024,35,0,0,
GDX,2024,2,0,0,
OMC,2024,2,0,0,
NCF,2024,34,0,0,
KXG,2024,10,1,0,
HTF,2024,8,2,0,
OFT,2024,71,8,4,
PWG,2024,1,0,,
DCN,2024,5,0,1,
MLY,2024,2,0,0,
JSM,2024,21,1,0,
DSK,2024,12,0,0,
FYI,2024,6,0,0,
BSN,2024,10,0,0,
GCA,2024,13,0,0,
MLA,2024,9,0,0,
CHH,2024,8,0,0,
ISN,2024,3,0,0,
NBE,2024,24,0,0,
JFT,2024,4,0,0,
QQK,2024,135,1,0,
MBP,2024,1,0,0,
NJT,2024,3,1,4,
CFL,2024,5,0,0,
OIB,2024,1,4,,
JSI,2024,22,0,6,
NJC,2024,1,0,,
IDW,2024,2,1,,
PNY,2024,4,0,0,
OIV,2024,1,0,,
NUN,2024,2,0,0,
OZI,2024,8,0,0,
QEY,2024,1,0,0,
GZT,2024,8,0,0,
ELR,2024,1,0,0,
DAA,2024,1,0,,
ONF,2024,3,0,0,
FHM,2024,1,0,,
JAZ,2024,1,0,,
MQE,2024,20,0,0,
OLL,2024,1,0,0,
BYY,2024,3,0,1,
LRR,2024,1,0,0,
ETA,2024,8,0,0,
QWB,2024,1,1,,
JZW,2024,2,0,0,
NEI,2024,2,0,,
FPL,2024,3,0,,
IMI,2024,1,0,0,
QIH,2024,2,0,0,
HNY,2024,1,0,0,
JJY,2024,1,4,5,
DLZ,2024,1,0,,
JFM,2024,1,0,0,
PXY,2024,3,0,,
DSW,2024,1,0,,
DRF,2024,615,0,0,
FRN,2024,56641,36,40,
MEA,2024,4498,3,3,
DXE,2024,370,1,1,
HXC,2024,124,0,0,
NJL,2024,1232,0,0,
NGV,2024,2676,0,0,
BZA,2024,28,2,4,
OSI,2024,211,0,1,
FMK,2024,235,0,0,
DRC,2024,104,1,0,
PJQ,2024,107,0,0,
QJY,2024,42,0,0,
PJY,2024,54,0,0,
FWF,2024,20,0,0,
FQO,2024,138,11,2,
NPU,2024,276,0,0,
QAQ,2024,5,0,0,
QVN,2024,7,0,,
JDL,2024,27,0,0,
MQN,2024,60,0,0,
NWV,2024,31,0,0,
DRY,2024,69,0,2,
PCB,2024,12,5,0,
QHF,2024,2,0,,
CEK,2024,33,2,1,
PHC,2024,11,0,7,
FZE,2024,26,0,0,
OJG,2024,38,16,12,
OJK,2024,9,10,8,
OXC,2024,37,0,0,
SAK,2024,3,0,0,
KGC,2024,86,0,0,
ILJ,2024,11,0,0,
OHM,2024,32,5,9,
DYJ,2024,3,0,0,
PLF,2024,3,0,0,
NZW,2024,10,0,0,
PQE,2024,1,0,,
KLT,2024,1,0,0,
NLM,2024,4,0,0,
GMQ,2024,2,0,,
DFH,2024,13,0,0,
LEH,2024,14,0,1,
LZJ,2024,1,0,,
PJK,2024,1,0,0,
JDO,2024,2,0,0,
OVK,2024,2,0,0,
LCR,2024,1,0,,
KTZ,2024,2,0,0,
JDH,2024,6,0,0,
NHG,2024,1,0,,
NJM,2024,2,0,0,
OCC,2024,3,2,3,
OKE,2024,1,0,,
MAD,2024,2,0,0,
KOL,2024,2,0,0,
JWI,2024,4,0,,
KNM,2024,1,0,,
NQM,2024,1,0,0,
PLO,2024,4,0,0,
CBZ,2024,1,0,,
KGM,2024,1,0,,
KKY,2024,1,0,0,
HQG,2024,1,0,0,
NIK,2024,11538,6,0,
GAM,2024,7145,7,0,
LWS,2024,24879,17,3,
EZW,2024,5688,1,1,
MBB,2024,210,0,0,
HRS,2024,1827,2,21,
NXC,2024,8895,2,0,
QJR,2024,594,1,2,
KNT,2024,1560,9,19,
KRO,2024,833,4,1,
MPN,2024,236,0,0,
OGG,2024,8,0,0,
EBZ,2024,3,0,0,
KGO,2024,18,0,0,
DXC,2024,374,3,4,
PJE,2024,166,0,0,
FTA,2024,29,0,0,
KCT,2024,18,0,3,
DPS,2024,62,6,4,
NHJ,2024,40,3,0,
GNX,2024,3,0,0,
JDP,2024,30,0,0,
JCW,2024,259,0,7,
PZK,2024,253,0,0,
ORG,2024,116,0,0,
DXF,2024,355,0,4,
LMF,2024,134,1,0,
BTC,2024,5,0,0,
MOV,2024,3,0,,
OAT,2024,44,0,0,
JIY,2024,8,1,1,
CBF,2024,13,0,0,
NAC,2024,34,5,1,
CBH,2024,20,8,0,
LLZ,2024,42,20,29,
MRP,2024,2,0,,
DHR,2024,3,0,0,
NGL,2024,1,0,,
EPT,2024,15,0,0,
JZO,2024,29,4,3,
NXB,2024,4,0,0,
IZH,2024,5,0,0,
DCF,2024,9,0,0,
FON,2024,5,2,0,
FNG,2024,3,1,0,
OZE,2024,1,1,2,
JIH,2024,1,0,0,
JIT,2024,17,1,4,
PAB,2024,2,0,0,
OJT,2024,2,0,0,
HOI,2024,3,0,0,
LAO,2024,1,0,0,
ELW,2024,3,0,0,
QVV,2024,3,1,0,
KYS,2024,3,0,0,
KPM,2024,4,0,0,
LGH,2024,2,0,0,
LWL,2024,16,0,0,
OKP,2024,1,0,,
LYY,2024,5,0,0,
JFB,2024,1,0,0,
MIC,2024,2,0,,
FBM,2024,1,0,,
QGA,2024,1,0,,
FOD,2024,2,0,0,
OFQ,2024,1,2,,
QQH,2024,3,1,0,
FLH,2024,3,0,0,
FYC,2024,1,2,0,
EZO,2024,1,0,,
DWO,2024,6,0,,
JYQ,2024,1,0,,
FHN,2024,1,0,0,
NEO,2024,1,0,,
LDE,2024,1,0,0,
MXC,2024,964,0,0,
MDB,2024,400,4,2,
DYB,2024,3897,14,8,
PFO,2024,706,0,0,
KFM,2024,296,2,1,
DTQ,2024,857,2,1,
HXX,2024,1683,1,0,
MNT,2024,4772,1,1,
MHX,2024,2751,19,37,
GEY,2024,1425,0,0,
EKX,2024,19,0,0,
PJS,2024,491,0,0,
KPA,2024,97,1,0,
PCU,2024,413,0,0,
JMG,2024,11,0,1,
NIE,2024,123,0,6,
KRD,2024,1515,2,3,
IYO,2024,634,0,0,
PHV,2024,280,0,1,
KQT,2024,6,0,6,
GFG,2024,79,0,0,
FST,2024,40,0,0,
GAQ,2024,175,0,0,
EKP,2024,7,0,0,
MZF,2024,114,0,1,
FHQ,2024,69,0,0,
KZI,2024,11,0,0,
IEO,2024,61,1,1,
KYW,2024,13,1,1,
ITJ,2024,82,5,0,
ODE,2024,40,0,2,
GXZ,2024,57,0,0,
LZD,2024,206,1,1,
LRK,2024,184,0,1,
MTJ,2024,32,0,0,
IPS,2024,5,0,0,
QPT,2024,9,0,0,
NEP,2024,46,0,0,
NHX,2024,4,0,1,
OQI,2024,35,2,0,
PJA,2024,13,0,0,
JWJ,2024,18,0,0,
BWC,2024,1,0,,
LLH,2024,1,0,0,
FKK,2024,2,0,0,
NQP,2024,8,0,0,
OFG,2024,3,7,,
JAD,2024,5,0,0,
FPK,2024,8,0,1,
JTY,2024,6,0,0,
NFO,2024,4,0,0,
CDX,2024,8,0,1,
FAP,2024,2,0,0,
HXW,2024,25,0,0,
LOJ,2024,4,0,0,
ISY,2024,14,0,0,
MLS,2024,14,13,9,
PKB,2024,1,0,,
MKZ,2024,7,0,0,
LWW,2024,2,0,,
KNP,2024,16,0,0,
LHX,2024,3,0,0,
JAC,2024,2,0,0,
FMR,2024,10,0,0,
OWD,2024,5,0,0,
EMJ,2024,27,0,0,
NNL,2024,2,0,,
NDY,2024,3,2,0,
QZK,2024,16,0,0,
JEH,2024,1,0,,
GCE,2024,3,0,0,
MNZ,2024,1,0,0,
FQL,2024,1,0,0,
QJN,2024,1,0,,
DDX,2024,1,0,,
EWO,2024,2,0,0,
DQD,2024,1,0,,
OYH,2024,1,0,0,
CAX,2024,1,0,0,
LEA,2024,2,0,1,
CJW,2024,1,0,0,
HIH,2024,1601,1,3,
PQF,2024,21777,0,0,
EQJ,2024,365,1,0,
MNS,2024,1536,3,2,
JWH,2024,10740,17,16,
KTT,2024,517,1,1,
KWP,2024,431,0,0,
LPH,2024,5601,13,7,
PHX,2024,2120,12,12,
PYX,2024,1026,2,0,
LFL,2024,3952,12,12,
GKT,2024,439,0,0,
LWR,2024,1810,0,0,
IMD,2024,111,3,0,
IME,2024,12,0,1,
FGA,2024,23,8,0,
FAS,2024,310,0,0,
NPJ,2024,44,0,0,
GJS,2024,175,0,2,
GAN,2024,448,2,0,
JID,2024,5,0,0,
QAN,2024,128,1,1,
HCF,2024,123,0,0,
FEO,2024,220,0,4,
PKT,2024,4,0,0,
NIU,2024,173,0,0,
GXY,2024,50,0,0,
CHW,2024,23,0,0,
LPC,2024,11,0,0,
BZO,2024,45,2,3,
DEW,2024,4,1,,
FZM,2024,9,0,0,
DWH,2024,2,0,0,
DZM,2024,25,0,0,
JJG,2024,4,0,0,
KGE,2024,9,0,0,
MLO,2024,2,2,0,
NRZ,2024,1,0,0,
CEC,2024,275,0,0,
OQO,2024,2,0,0,
JOW,2024,29,0,3,
CCX,2024,23,1,0,
IMP,2024,7,0,0,
KOI,2024,2,0,0,
BYD,2024,10,3,0,
HQY,2024,2,0,,
PKW,2024,1,0,,
KXA,2024,2,0,0,
MQC,2024,8,0,0,
FDG,2024,3,0,0,
MDI,2024,20,0,0,
JHR,2024,2,0,0,
MIX,2024,2,0,,
MYN,2024,1,0,0,
MPA,2024,60,0,1,
EHZ,2024,1,0,,
MNU,2024,4,0,,
QFC,2024,1,0,,
GIO,2024,3,0,13,
EYK,2024,1,0,,
PUU,2024,2,0,,
QQV,2024,1,0,,
MQG,2024,1,0,0,
OWO,2024,2,0,0,
INF,2024,1,0,,
SAF,2024,248,0,0,
GJT,2024,2,0,0,
BXN,2024,4,4,,
EAT,2024,2,0,,
MZP,2024,2,0,0,
QKR,2024,1,0,,
QWW,2024,1,0,,
IWR,2024,1,0,,
HHT,2024,1,0,0,
GCJ,2024,5998,15,6,
GEI,2024,7820,46,16,
HIF,2024,1479,0,0,
LZG,2024,17767,0,1,
PKU,2024,9444,0,0,
MPV,2024,80,0,0,
KWA,2024,1166,0,0,
OAE,2024,2074,7,6,
NPV,2024,322,0,0,
NDP,2024,221,2,4,
FMG,2024,929,0,34,
JJQ,2024,7,0,1,
KRA,2024,942,0,0,
GCT,2024,296,0,0,
QJI,2024,14,0,0,
IZQ,2024,22,0,0,
KJG,2024,2,0,0,
DQO,2024,507,51,1,
DRS,2024,204,0,1,
MVV,2024,1,0,,
JJH,2024,12,2,0,
EFT,2024,40,0,0,
NEY,2024,141,0,0,
HWQ,2024,50,0,0,
NAD,2024,1750,0,2,
QRU,2024,2,0,0,
FEQ,2024,703,1,0,
QCA,2024,152,1,0,
PFN,2024,85,0,0,
HFX,2024,119,1,0,
FFA,2024,13,5,0,
MYA,2024,2,0,0,
OGE,2024,101,5,13,
INM,2024,8,0,0,
QOV,2024,3,0,0,
IKK,2024,2,0,,
LKB,2024,11,1,0,
FCK,2024,7,0,0,
CFR,2024,15,0,0,
OHD,2024,18,10,9,
LFX,2024,13,0,0,
QPY,2024,5,0,0,
HAE,2024,9,0,0,
NFB,2024,1,0,0,
LCD,2024,2,0,,
OJF,2024,1,5,,
LZC,2024,16,1,0,
OHA,2024,8,2,0,
KGS,2024,2,0,1,
JCE,2024,21,0,,
CGS,2024,1,0,1,
IRP,2024,4,0,1,
MWJ,2024,3,2,0,
OWI,2024,3,0,0,
LNI,2024,1,12,0,
KME,2024,2,0,0,
MWP,2024,1,0,0,
INP,2024,1,0,0,
HWP,2024,1,0,,
CZP,2024,2,0,0,
LIO,2024,4,0,1,
GTQ,2024,1,0,0,
EBI,2024,1,5,0,
KMN,2024,1,0,0,
HFM,2024,1,0,0,
OMA,2024,2,0,,
KEW,2024,2,0,0,
QBC,2024,1,0,0,
EOQ,2024,6008,7,27,
LTI,2024,442,0,0,
NWB,2024,2635,7,1,
FAJ,2024,886,0,0,
OUT,2024,1315,0,3,
ERL,2024,1574,0,0,
PZE,2024,4861,0,0,
FQH,2024,423,1,0,
GDO,2024,287,0,0,
JDG,2024,299,4,2,
LMH,2024,1366,0,0,
FCL,2024,58,0,0,
DSJ,2024,29,0,0,
JEQ,2024,568,0,0,
OWY,2024,24,0,0,
OAF,2024,7,0,0,
LRN,2024,87,0,0,
LWQ,2024,401,0,0,
FMT,2024,255,2,0,
OAD,2024,283,0,0,
CHL,2024,196,11,8,
MDM,2024,501,5,1,
FRL,2024,9,0,0,
QHQ,2024,32,0,1,
MZO,2024,55,2,0,
DQA,2024,539,9,5,
JQP,2024,102,5,3,
QII,2024,18,0,0,
KZD,2024,43,0,0,
JOS,2024,3,0,0,
GTZ,2024,4,1,0,
INN,2024,25,0,0,
KOC,2024,18,0,0,
MPO,2024,25,0,0,
BYI,2024,19,0,0,
KNC,2024,70,0,1,
LBI,2024,6,0,0,
LOK,2024,5,0,0,
MQF,2024,14,0,0,
HRT,2024,6,0,,
BSS,2024,14,0,0,
KNF,2024,13,0,0,
JIX,2024,15,2,1,
QEP,2024,8,3,0,
EWL,2024,8,0,0,
HTC,2024,25,0,0,
OQU,2024,7,4,,
HIR,2024,1,0,,
ISW,2024,3,4,,
FLG,2024,8,1,1,
MRJ,2024,12,0,0,
EIH,2024,7,6,0,
HBM,2024,5,0,0,
JXM,2024,5,0,0,
LWF,2024,8,0,,
FAT,2024,3,0,0,
IWJ,2024,2,0,0,
KWF,2024,1,0,0,
MQX,2024,1,0,0,
PCW,2024,1,0,0,
HIB,2024,2,0,3,
OIU,2024,1,0,0,
INB,2024,2,0,,
HTS,2024,1,0,,
LBR,2024,1,0,0,
NSP,2024,1,0,,
MSQ,2024,1,0,0,
IRQ,2024,1,0,0,
JAQ,2024,1,0,0,
JZG,2024,1,1,,
CCN,2024,1,0,,
FQP,2024,1,0,0,
OUY,2024,1,0,,
PLL,2024,3,0,,
LRO,2024,3008,78,62,
NJE,2024,717,0,0,
FDS,2024,9168,2,0,
DTK,2024,400,0,1,
DWC,2024,545,0,0,
LZO,2024,2560,5,7,
KWS,2024,2090,14,4,
FGC,2024,451,0,0,
FAE,2024,183,0,0,
KGZ,2024,44,0,4,
NRY,2024,634,3,2,
HTY,2024,283,2,0,
NGT,2024,327,0,1,
KMK,2024,104,0,0,
KTW,2024,123,0,0,
DTI,2024,7,0,0,
CHP,2024,65,0,0,
KGX,2024,220,4,9,
NBC,2024,13,0,0,
ITI,2024,141,2,3,
LNH,2024,276,122,126,
KZH,2024,26,0,0,
OKV,2024,4,14,9,
LXA,2024,14,0,3,
FQM,2024,5,2,1,
MUI,2024,2,0,0,
NAE,2024,13,0,0,
PEP,2024,24,0,0,
PZX,2024,35,0,0,
OEA,2024,8,1,0,
KSZ,2024,64,0,0,
BYX,2024,25,0,0,
GEF,2024,44,0,0,
FXY,2024,11,1,0,
OGZ,2024,3,0,0,
MDP,2024,35,0,0,
EYA,2024,27,0,0,
PNW,2024,41,1,0,
OCL,2024,58,0,0,
DZA,2024,2,0,1,
IOR,2024,134,0,0,
KSF,2024,2,0,,
GQG,2024,2,0,0,
DTR,2024,8,0,0,
NGZ,2024,1,0,,
KLE,2024,11,1,0,
NQW,2024,15,0,0,
NQX,2024,8,0,1,
JQT,2024,4,0,0,
EYQ,2024,7,0,0,
OJJ,2024,3,2,,
JIF,2024,1,0,0,
QVG,2024,2,0,0,
LEG,2024,14,0,0,
PPM,2024,6,3,5,
QAJ,2024,1,0,,
HCI,2024,3,0,0,
HBI,2024,2,0,0,
DEM,2024,1,0,,
EXS,2024,13,0,0,
QRL,2024,7,0,1,
HXT,2024,6,0,0,
ING,2024,4,0,,
FZQ,2024,2,0,0,
LYU,2024,3,0,0,
FRA,2024,1,0,,
JZF,2024,12,0,0,
KQJ,2024,2,0,,
PLQ,2024,3,0,0,
QBP,2024,1,0,2,
JPE,2024,2,0,,
JOP,2024,1,0,0,
MRV,2024,1,0,0,
DPZ,2024,1,0,,
ESE,2024,1,0,0,
PGM,2024,1,0,0,
HNN,2024,1837,29,8,
LPL,2024,289,1,2,
LWP,2024,10350,4,21,
FJL,2024,34,0,18,
DQX,2024,2191,9,1,
HNF,2024,30,2,0,
GCD,2024,4,0,0,
MPB,2024,178,0,0,
CAW,2024,446,5,3,
OEZ,2024,146,43,27,
PMW,2024,9,0,,
FTY,2024,12,0,0,
CAD,2024,254,5,2,
OBP,2024,49,0,0,
LNQ,2024,156,0,0,
OWT,2024,61,0,0,
GBA,2024,16,0,0,
KNW,2024,1250,2,2,
QWK,2024,27,0,1,
MNB,2024,208,1,1,
JCX,2024,103,0,0,
QRK,2024,9,0,0,
MNL,2024,65,1,2,
EQL,2024,35,0,0,
MIB,2024,32,0,3,
GAD,2024,110,4,1,
KFZ,2024,13,0,0,
CAP,2024,11,0,0,
QBO,2024,22,0,0,
LFD,2024,14,0,1,
CFN,2024,1,1,,
JES,2024,6,0,0,
GAB,2024,26,0,0,
JSH,2024,11,0,1,
EAJ,2024,2,0,0,
PFJ,2024,7,0,0,
QAI,2024,5,0,0,
QSW,2024,1,0,0,
QLX,2024,4,0,0,
QHO,2024,11,0,0,
GBZ,2024,4,0,0,
MBJ,2024,1,0,,
LHC,2024,4,0,0,
QLJ,2024,23,0,0,
PIG,2024,1,0,,
OBO,2024,3,0,0,
HMY,2024,2,0,0,
NKC,2024,5,0,0,
QRH,2024,3,0,0,
OLG,2024,1,0,,
PKN,2024,5,0,0,
HCJ,2024,1,0,,
PQC,2024,2,0,0,
NNI,2024,1,0,,
MSA,2024,1,0,,
FBQ,2024,1,0,0,
QOC,2024,1,0,0,
NLF,2024,1,0,0,
PEO,2024,1,0,0,
JXN,2024,1,0,,
GAH,2024,2,0,0,
HFB,2024,2,1,0,
EXQ,2024,1,0,,
NIQ,2024,3008,0,0,
DWB,2024,39,0,0,
IOY,2024,7,0,,
MXD,2024,2983,1,0,
NPT,2024,10922,5,0,
LCJ,2024,481,0,0,
LON,2024,418,6,2,
DWA,2024,387,0,0,
GZB,2024,313,0,0,
QHM,2024,45,0,0,
KOT,2024,14,0,0,
HEX,2024,1,0,0,
LWK,2024,8,2,0,
QMG,2024,112,0,0,
FIP,2024,174,1,0,
DXN,2024,269,7,1,
GES,2024,32,0,0,
PNZ,2024,9,0,0,
QSK,2024,58,0,0,
OQS,2024,6,0,0,
EMA,2024,4,2,0,
IKD,2024,10,1,0,
PAO,2024,84,1,0,
HDA,2024,14,0,0,
OJH,2024,124,64,15,
EYJ,2024,43,0,0,
GZJ,2024,12,0,0,
OWQ,2024,37,0,7,
LHN,2024,2,7,0,
GBQ,2024,7,0,0,
NBY,2024,3,0,0,
FBO,2024,30,0,0,
FHO,2024,5,0,0,
LRS,2024,19,5,4,
KYZ,2024,106,1,0,
NHK,2024,6,0,0,
CZW,2024,2,0,,
ILO,2024,10,0,0,
FWW,2024,3,0,0,
QGK,2024,5,0,,
LYL,2024,5,0,0,
KXF,2024,5,0,0,
JCF,2024,53,0,0,
LOE,2024,2,0,0,
ITW,2024,3,0,0,
HHI,2024,3,0,,
EBC,2024,1,0,0,
LZU,2024,1,0,0,
HGL,2024,14,0,0,
PFA,2024,25,0,0,
KLA,2024,1,0,,
LWA,2024,1,0,,
PMV,2024,1,0,,
PCE,2024,1,0,0,
PMA,2024,1,0,,
QXM,2024,4,0,0,
LJL,2024,2,0,,
HMN,2024,1,0,,
FRT,2024,6,0,,
MWG,2024,1,0,0,
LZI,2024,1,0,,
BTR,2024,1648,1,1,
PMP,2024,2049,1,0,
FPA,2024,45876,50,112,
OYC,2024,17322,1,6,
MAH,2024,616,0,0,
KNS,2024,1515,20,7,
OUG,2024,546,0,0,
HBB,2024,742,0,2,
MOQ,2024,180,1,0,
LQY,2024,81,0,0,
FZT,2024,81,1,0,
MAV,2024,416,4,1,
DYG,2024,226,0,1,
MIH,2024,3279,1,1,
LMG,2024,226,2,2,
NEW,2024,2091,1,5,
FTD,2024,144,2,0,
KYG,2024,90,0,0,
OCY,2024,129,0,0,
MIR,2024,40,0,0,
BTO,2024,418,31,0,
JDB,2024,162,1,1,
GZF,2024,661,1,0,
PFV,2024,207,0,0,
FBK,2024,94,9,0,
MUD,2024,138,2,0,
FSO,2024,15,1,0,
QLT,2024,112,1,0,
DWS,2024,48,0,1,
DRX,2024,60,0,0,
FAQ,2024,42,0,0,
QOL,2024,2,0,,
OMB,2024,21,0,0,
DYT,2024,10,0,0,
JFY,2024,34,0,0,
OMW,2024,2,0,0,
DWG,2024,6,0,,
EIC,2024,22,0,0,
ISA,2024,13,0,3,
MUE,2024,32,0,4,
EEG,2024,1,0,0,
EXB,2024,12,0,0,
MVF,2024,5,0,0,
IPF,2024,5,0,0,
MCY,2024,10,3,3,
OCM,2024,16,0,0,
DPW,2024,4,0,2,
GXP,2024,10,0,0,
KOB,2024,1,0,0,
NZG,2024,3,0,0,
PQD,2024,1,0,,
PBJ,2024,2,0,0,
HCZ,2024,3,0,,
EFQ,2024,7,0,0,
LYC,2024,5,0,0,
FZS,2024,1,1,0,
QOR,2024,1,0,0,
JCO,2024,1,0,,
DXX,2024,1,0,,
LWG,2024,1,0,0,
FMW,2024,4,0,0,
NXQ,2024,1,0,,
QTY,2024,2,0,0,
MPK,2024,1,0,0,
POE,2024,573,0,0,
OOE,2024,366,0,0,
QBJ,2024,340322,0,15,
BRY,2024,1571,38,22,
NRA,2024,262,0,0,
DRA,2024,1940,1,0,
NDN,2024,453,0,0,
PGW,2024,268,2,1,
MLV,2024,840,0,0,
FNL,2024,2279,1,0,
NKB,2024,1595,6,3,
GCM,2024,442,0,0,
MBL,2024,53,0,0,
EZC,2024,950,0,1,
NUU,2024,5,0,0,
NOU,2024,806,3,0,
QLK,2024,101,0,0,
OWN,2024,165,1,0,
GAA,2024,178,0,0,
MAE,2024,117,0,0,
LZS,2024,107,0,0,
LZN,2024,7,0,0,
CEW,2024,66,2,1,
OAR,2024,17,2,0,
DSH,2024,88,0,0,
NDC,2024,168,0,2,
JLW,2024,163,2,4,
LFR,2024,170,0,0,
MUZ,2024,77,0,0,
BWA,2024,10,0,0,
BZE,2024,172,0,2,
LOZ,2024,80,0,0,
BSR,2024,31,3,0,
MNK,2024,20,0,0,
QDA,2024,14,0,0,
CKA,2024,10,0,0,
KCJ,2024,5,1,0,
HST,2024,46,1,0,
JOQ,2024,8,0,0,
FWP,2024,9,0,1,
EXM,2024,3,0,0,
QYT,2024,23,3,0,
OTO,2024,110,0,0,
FCE,2024,10,0,0,
BTG,2024,8,0,0,
MQL,2024,5,3,0,
NYU,2024,15,0,0,
KRR,2024,25,0,0,
KYI,2024,1,0,,
GBL,2024,2,0,,
QOF,2024,30,1,3,
PTS,2024,41,0,0,
DDR,2024,31,1,0,
LSL,2024,17,0,0,
GDM,2024,5,0,1,
NDG,2024,1,0,0,
NUH,2024,7,0,0,
PWY,2024,5,2,,
MJK,2024,3,0,0,
DIP,2024,5,0,0,
HBT,2024,4,0,0,
JYG,2024,2,1,,
PTX,2024,3,0,,
OMX,2024,1,0,0,
JMM,2024,1,0,0,
BXB,2024,2,1,0,
IDO,2024,5,0,0,
IPG,2024,1,0,,
QDD,2024,2,0,,
LJX,2024,1,0,2,
NWM,2024,1,0,,
FNN,2024,3,0,0,
IQZ,2024,2,1,0,
KCO,2024,13,0,0,
HOZ,2024,3,3,0,
OJW,2024,2,0,,
MLN,2024,1,0,0,
DKZ,2024,1,0,0,
MJP,2024,1144,0,0,
FET,2024,13056,1,0,
OZP,2024,126899,1,5,
HWA,2024,2001,1,0,
KWY,2024,206,2,2,
JAK,2024,201,23,42,
DWF,2024,396,15,4,
FEM,2024,107,0,0,
HDB,2024,24,0,0,
LRJ,2024,113,0,0,
IOQ,2024,382,2,1,
HRY,2024,428,1,0,
FYD,2024,11,0,0,
HTR,2024,11,0,0,
FSM,2024,288,2,1,
MJO,2024,311,2,1,
DRT,2024,29,2,0,
KMW,2024,49,1,0,
KCZ,2024,1,0,,
QFV,2024,44,1,0,
MWS,2024,56,3,0,
OIY,2024,34,0,0,
KYB,2024,410,1,0,
CAL,2024,197,0,0,
FWC,2024,5,0,0,
DTL,2024,450,1,2,
MJN,2024,219,0,0,
LGC,2024,1,0,,
QAV,2024,7,1,0,
QJA,2024,14,0,0,
KCY,2024,104,1,3,
NAW,2024,53,0,0,
INO,2024,20,0,0,
JGQ,2024,10,0,0,
OUR,2024,14,0,1,
QBG,2024,1,0,0,
HBO,2024,2,0,0,
JOX,2024,30,0,0,
MHE,2024,7,0,0,
OFC,2024,8,0,0,
FOX,2024,6,0,0,
CGZ,2024,6,0,0,
MIE,2024,3,0,0,
QTC,2024,21,2,0,
FSS,2024,11,0,0,
MOS,2024,8,16,0,
CGN,2024,19,1,0,
OXQ,2024,12,11,2,
DXJ,2024,15,1,3,
MRW,2024,2,0,0,
HWD,2024,3,0,0,
OQB,2024,6,0,0,
KIL,2024,1,0,,
DWZ,2024,4,0,0,
KZA,2024,3,0,,
QYI,2024,17,0,0,
KOR,2024,1,0,,
ITH,2024,5,1,0,
NPS,2024,543,0,0,
CHI,2024,6,0,0,
NTM,2024,2,0,,
OCE,2024,3,0,0,
CGJ,2024,3,0,0,
QGM,2024,3,0,0,
MPR,2024,1,0,0,
QNP,2024,1,0,,
QKA,2024,5,0,0,
FRZ,2024,2,0,0,
NRN,2024,5,0,0,
GZX,2024,1,0,0,
NIQ,2025,2470,0,,
FWM,2025,8804,0,,
DRF,2025,506,0,,
LFR,2025,826,0,,
DSA,2025,68,1,,
SBA,2025,1161,0,,
GZF,2025,588,0,,
ODG,2025,3535,0,,
BTS,2025,206,0,,
JOH,2025,991,1,,
NHA,2025,847,11,,
HEW,2025,20,0,,
DEH,2025,12,0,,
CAK,2025,62,1,,
JEY,2025,1015,0,,
DQA,2025,407,5,,
JCX,2025,45,0,,
MWJ,2025,8,0,,
KGW,2025,15,0,,
MBF,2025,257,1,,
NTN,2025,42,0,,
HTF,2025,20,0,,
DHX,2025,19,0,,
DOF,2025,54,0,,
QAN,2025,176,1,,
OOI,2025,526,1,,
BSK,2025,42,0,,
FFA,2025,27,0,,
PBF,2025,62,0,,
PJF,2025,2,0,,
GEN,2025,29,0,,
LYY,2025,1,0,,
FKR,2025,3,0,,
CHW,2025,22,0,,
FWP,2025,18,1,,
MTJ,2025,23,0,,
HIB,2025,3,3,,
HDX,2025,1,0,,
NKC,2025,2,0,,
OHO,2025,1,0,,
JEA,2025,27,6,,
OFO,2025,1,0,,
HBT,2025,7,0,,
DZN,2025,31,0,,
NDG,2025,1,0,,
OFL,2025,9,2,,
JAY,2025,8,0,,
JQT,2025,5,0,,
EIB,2025,1,0,,
FBQ,2025,1,0,,
NRZ,2025,2,0,,
MZY,2025,2,0,,
MKY,2025,3,0,,
ESE,2025,1,0,,
QTI,2025,2,0,,
GBB,2025,3,0,,
JDH,2025,1,0,,
KGS,2025,3,1,,
JTC,2025,8,0,,
ILX,2025,1,0,,
OWO,2025,1,0,,
FPY,2025,1,0,,
PVF,2025,1,0,,
JKR,2025,1,0,,
DWI,2025,1,0,,
MKT,2025,2,0,,
KMN,2025,1,0,,
OWL,2025,1,1,,
FRJ,2025,1,0,,
NJL,2025,1093,0,,
KNT,2025,1451,19,,
FZT,2025,57,0,,
JXG,2025,1212,0,,
HAW,2025,3453,2,,
HRY,2025,296,0,,
NEW,2025,2523,5,,
DTX,2025,125,0,,
OUT,2025,1635,3,,
NIO,2025,647,2,,
MOL,2025,4,0,,
KSR,2025,11,0,,
FSA,2025,434,9,,
FAD,2025,634,4,,
LWQ,2025,333,0,,
KWT,2025,759,0,,
GCP,2025,180,1,,
DWE,2025,82,0,,
LKF,2025,95,0,,
OXC,2025,44,0,,
NOX,2025,7,1,,
GBZ,2025,12,0,,
LBS,2025,6,1,,
BTT,2025,1740,1,,
JTQ,2025,2,0,,
PZK,2025,438,0,,
PWI,2025,89,0,,
HTX,2025,16,0,,
PBJ,2025,4,0,,
LZD,2025,227,1,,
HNO,2025,10,0,,
PXH,2025,5,0,,
JMG,2025,13,1,,
PDJ,2025,42,0,,
OSM,2025,72,0,,
QHO,2025,349,0,,
FON,2025,69,0,,
NBE,2025,15,0,,
GZX,2025,5,0,,
JFJ,2025,1,0,,
MSQ,2025,1,0,,
KNG,2025,1,0,,
KGY,2025,14,0,,
OJK,2025,14,8,,
BXJ,2025,3,0,,
LXA,2025,28,3,,
HXG,2025,25,0,,
QAD,2025,20,0,,
OZE,2025,2,2,,
NLM,2025,11,0,,
HNC,2025,1,0,,
LCO,2025,12,1,,
OFP,2025,6,5,,
QDA,2025,4,0,,
IME,2025,6,1,,
DZA,2025,3,1,,
NFO,2025,4,0,,
JRJ,2025,1,0,,
EBA,2025,1,4,,
HBW,2025,3,0,,
JTO,2025,2,0,,
LIH,2025,1,0,,
LBK,2025,2,0,,
KBZ,2025,1,0,,
JID,2025,5,0,,
HDQ,2025,1,0,,
NBY,2025,1,0,,
JAD,2025,1,0,,
NQA,2025,2,1,,
MWL,2025,1,0,,
DJG,2025,1,3,,
MXK,2025,1,0,,
MKJ,2025,13330,20,,
FDT,2025,3926,1,,
DTC,2025,1176,0,,
KRH,2025,419,0,,
HIF,2025,1510,0,,
GAT,2025,2981,0,,
OCW,2025,328,0,,
MCX,2025,869,0,,
DXT,2025,92,0,,
EYA,2025,23,0,,
HCG,2025,535,2,,
EXE,2025,319,0,,
LIP,2025,111,0,,
MWI,2025,182,7,,
FJI,2025,145,1,,
NLH,2025,65,9,,
NIM,2025,591,2,,
DNQ,2025,1,0,,
HQE,2025,339,1,,
GFA,2025,382,0,,
DCF,2025,12,0,,
OFT,2025,53,4,,
EJL,2025,56,1,,
QJZ,2025,130,0,,
QSY,2025,13,0,,
DZI,2025,40,0,,
LEI,2025,165,0,,
NAW,2025,76,0,,
GDY,2025,115,4,,
GAE,2025,9,0,,
DZL,2025,71,0,,
HHW,2025,39,0,,
DLJ,2025,3,0,,
EYB,2025,11,0,,
HGM,2025,98,3,,
GCE,2025,3,0,,
CDQ,2025,6,0,,
MLO,2025,4,0,,
OTD,2025,55,0,,
EIG,2025,2,0,,
KZI,2025,2648,0,,
LJX,2025,7,2,,
KOX,2025,1,0,,
MLN,2025,2,0,,
IPF,2025,10,0,,
PMC,2025,8,0,,
SAK,2025,14,0,,
CAP,2025,2,0,,
QHZ,2025,2,0,,
HND,2025,22,0,,
KRP,2025,2,0,,
JFT,2025,10,0,,
GHH,2025,4,0,,
FMJ,2025,1,0,,
ODB,2025,10,0,,
FOX,2025,3,0,,
EJY,2025,1,0,,
HKP,2025,1,0,,
JFB,2025,1,0,,
FFD,2025,4,0,,
FNN,2025,1,0,,
HXA,2025,1,0,,
OGT,2025,1,0,,
PGT,2025,1,0,,
MFR,2025,1,0,,
JMM,2025,1,0,,
INQ,2025,3,0,,
GQG,2025,2,0,,
MQG,2025,1,0,,
IQA,2025,2,2,,
QBY,2025,1,0,,
KLQ,2025,1,0,,
LLH,2025,1,0,,
GXB,2025,1,0,,
HGY,2025,1,0,,
PFF,2025,2,0,,
JOY,2025,1,1,,
FYI,2025,2,0,,
GAC,2025,1,0,,
HQC,2025,1928,2,,
PYX,2025,549,0,,
NGV,2025,2833,0,,
ONU,2025,427,0,,
NRY,2025,567,2,,
ITX,2025,560,26,,
MVK,2025,12085,0,,
HTN,2025,194,0,,
LDD,2025,73,0,,
HQO,2025,102,0,,
HSN,2025,1640,0,,
NDP,2025,390,4,,
FTA,2025,19,0,,
QJP,2025,692,1,,
HRS,2025,2295,21,,
PAW,2025,4,0,,
DRY,2025,136,2,,
MUD,2025,132,0,,
MIR,2025,16,0,,
EKS,2025,327,1,,
GWO,2025,242,0,,
FBO,2025,26,0,,
MLS,2025,10,9,,
FOS,2025,55,6,,
LZH,2025,374,0,,
KCT,2025,49,3,,
IOR,2025,138,0,,
LGD,2025,91,1,,
FAM,2025,3,0,,
LRC,2025,44,0,,
MOI,2025,6,0,,
LRW,2025,19,2,,
CEO,2025,8,2,,
NIV,2025,82,0,,
JIX,2025,18,1,,
EFS,2025,9,0,,
NBN,2025,1,0,,
LMD,2025,16,0,,
KEW,2025,10,0,,
QHS,2025,7,0,,
NSU,2025,18,0,,
LQM,2025,17,0,,
IDO,2025,4,0,,
BTA,2025,12,0,,
PHC,2025,18,7,,
PAB,2025,4,0,,
NYU,2025,5,0,,
OLU,2025,1,0,,
QWN,2025,4,0,,
PTM,2025,25,2,,
MED,2025,9,0,,
MVU,2025,1,1,,
SAZ,2025,3,0,,
PXK,2025,1,0,,
CGN,2025,9,0,,
BRT,2025,1,0,,
PGI,2025,1,0,,
DKZ,2025,2,0,,
PRI,2025,6,0,,
QIX,2025,7,0,,
NVM,2025,2,1,,
OFR,2025,1,1,,
GXP,2025,1,0,,
ITW,2025,1,0,,
NHV,2025,1,0,,
SCV,2025,62,0,,
NOD,2025,1,0,,
QFG,2025,322042,6,,
KDJ,2025,2473,0,,
PFO,2025,1004,0,,
KWQ,2025,249,0,,
MNS,2025,1780,2,,
LTI,2025,298,0,,
GEX,2025,2791,8,,
GFD,2025,755,2,,
HWT,2025,2234,0,,
QEH,2025,5,0,,
BTR,2025,1792,1,,
LPM,2025,115,2,,
POD,2025,1,0,,
NDC,2025,299,2,,
DTK,2025,432,1,,
EGJ,2025,3,2,,
KPE,2025,224,0,,
QJY,2025,155,0,,
QAU,2025,124,0,,
LOM,2025,380,2,,
FFX,2025,32,1,,
FPK,2025,30,1,,
FRW,2025,9,0,,
FSY,2025,287,3,,
JBP,2025,18,2,,
LIO,2025,6,1,,
LWK,2025,14,0,,
BXB,2025,4,0,,
LWH,2025,34,0,,
LZY,2025,77,1,,
MTF,2025,66,0,,
CBH,2025,65,0,,
PUP,2025,6,0,,
BXK,2025,2,0,,
MQN,2025,34,0,,
NGX,2025,13,0,,
GZL,2025,12,0,,
EXG,2025,3,0,,
EQL,2025,27,0,,
MZA,2025,11,0,,
JDD,2025,1,0,,
GAH,2025,10,0,,
EBI,2025,34,0,,
OCG,2025,4,0,,
OWI,2025,6,0,,
QQG,2025,2,0,,
QRH,2025,6,0,,
KQM,2025,9,1,,
PHL,2025,6,1,,
HFI,2025,1,0,,
JPA,2025,11,1,,
EZX,2025,1,0,,
ELM,2025,1,0,,
PLR,2025,1,0,,
KQZ,2025,1,0,,
RCC,2025,2,0,,
LYC,2025,2,0,,
GNX,2025,91,0,,
FRZ,2025,3,0,,
FWB,2025,5,0,,
PCA,2025,2,0,,
CJW,2025,1,0,,
NTR,2025,4,0,,
FLN,2025,2,0,,
FHI,2025,1,0,,
MGB,2025,12658,0,,
KFM,2025,249,1,,
QCB,2025,1387,0,,
LNH,2025,1253,126,,
NEZ,2025,69,0,,
KWA,2025,1222,0,,
GFF,2025,71,0,,
NOU,2025,929,0,,
OCL,2025,46,0,,
NZK,2025,244,0,,
NCX,2025,273,0,,
LJH,2025,25,0,,
MTD,2025,391,0,,
HNY,2025,8,0,,
OJT,2025,3,0,,
PGM,2025,7,0,,
HQF,2025,106,1,,
EFW,2025,71,1,,
GEA,2025,70,0,,
FAJ,2025,2669,0,,
MDP,2025,54,0,,
FSM,2025,271,1,,
JOJ,2025,12,0,,
PEA,2025,60,4,,
ITJ,2025,134,0,,
MJN,2025,195,0,,
MUE,2025,38,4,,
OTE,2025,142,1,,
NLQ,2025,43,1,,
PAO,2025,84,0,,
LYZ,2025,2,0,,
MBB,2025,171,0,,
MUM,2025,32,0,,
PAM,2025,73,0,,
HWX,2025,101,0,,
NHJ,2025,34,0,,
PZI,2025,35,0,,
DZJ,2025,14,0,,
JHS,2025,10,0,,
BYI,2025,39,0,,
MUI,2025,25,0,,
LLZ,2025,132,29,,
EJR,2025,4,0,,
JDP,2025,43,0,,
QFV,2025,31,0,,
LCX,2025,6,2,,
JGJ,2025,22,0,,
JET,2025,12,0,,
FMS,2025,26,0,,
MLM,2025,8,0,,
HXB,2025,37,0,,
GKL,2025,1,0,,
HIN,2025,43,0,,
FQK,2025,1,0,,
BYE,2025,7,0,,
LWL,2025,27,0,,
MJK,2025,3,0,,
PNF,2025,8,0,,
KDP,2025,3,0,,
NEP,2025,28,0,,
FSS,2025,3,0,,
FPD,2025,10,0,,
ILO,2025,8,0,,
GAS,2025,3,0,,
PCW,2025,2,0,,
OCC,2025,2,3,,
ORT,2025,1,0,,
OJU,2025,2,2,,
JLS,2025,3,0,,
NDY,2025,10,0,,
PXO,2025,1,0,,
BSJ,2025,2,0,,
PBX,2025,4,0,,
HES,2025,1,0,,
OHT,2025,6,0,,
LNI,2025,1,0,,
FOH,2025,1,0,,
LNY,2025,1,0,,
SCZ,2025,7,0,,
NFB,2025,8,0,,
OHA,2025,8,0,,
FBS,2025,1,0,,
KFF,2025,7,3,,
OHH,2025,1,0,,
QBG,2025,1,0,,
BWH,2025,2,0,,
FRI,2025,2,0,,
SFA,2025,34,0,,
DWL,2025,2,0,,
PRN,2025,1,0,,
LEA,2025,1,1,,
IRQ,2025,1,0,,
PUB,2025,1,0,,
HET,2025,4546,0,,
FNL,2025,2736,0,,
DTQ,2025,1025,1,,
GEH,2025,172,6,,
ERL,2025,1480,0,,
HIH,2025,1702,3,,
GAP,2025,485,0,,
IRT,2025,71,0,,
KGC,2025,106,0,,
CAI,2025,107,8,,
MDB,2025,1967,2,,
NTE,2025,404,0,,
JAA,2025,29,6,,
PSV,2025,1467,0,,
QEW,2025,205,1,,
BTQ,2025,60,0,,
NAC,2025,84,1,,
KGX,2025,316,9,,
QRL,2025,131,1,,
MFE,2025,177,0,,
QWM,2025,8,0,,
CJE,2025,10,1,,
CIT,2025,10,0,,
OLW,2025,74,0,,
GBO,2025,71,0,,
FTD,2025,82,0,,
INO,2025,30,0,,
HWQ,2025,68,0,,
HGI,2025,41,0,,
PPB,2025,13,2,,
LCP,2025,22,2,,
GEF,2025,55,0,,
JDK,2025,6,0,,
KXK,2025,7,0,,
PPG,2025,4,0,,
ELW,2025,24,0,,
OCV,2025,1,0,,
FRL,2025,4,0,,
PQO,2025,1,1,,
DTN,2025,8,0,,
DYN,2025,2,0,,
HGL,2025,16,0,,
QGM,2025,43,0,,
EIC,2025,37,0,,
KHP,2025,9,2,,
JSY,2025,201,0,,
KRB,2025,24,0,,
EJI,2025,1,0,,
OED,2025,8,0,,
LKV,2025,2,0,,
LYA,2025,1,0,,
GTQ,2025,2,0,,
MVG,2025,9,0,,
KJJ,2025,2,0,,
LYG,2025,1,0,,
KJG,2025,25,0,,
FKJ,2025,1,0,,
OBI,2025,1,0,,
QNK,2025,1,0,,
MAD,2025,2,0,,
GCW,2025,1,0,,
JAC,2025,1,0,,
KSQ,2025,1,0,,
DYH,2025,1,0,,
IYT,2025,2,0,,
PQY,2025,1,0,,
JHW,2025,1,0,,
JCQ,2025,1,0,,
QBJ,2025,372771,15,,
LZG,2025,11982,1,,
JJE,2025,4403,27,,
GWF,2025,1037,1,,
MRD,2025,47,0,,
GAA,2025,348,0,,
FKX,2025,3170,1,,
NIK,2025,10870,0,,
HNR,2025,115,1,,
MQP,2025,169,0,,
DPS,2025,55,4,,
NKM,2025,2856,0,,
ILJ,2025,11,0,,
MTA,2025,657,0,,
HWE,2025,2832,0,,
LZS,2025,279,0,,
FRO,2025,190,11,,
LYJ,2025,1439,2,,
HWR,2025,1220,0,,
MNL,2025,142,2,,
HSX,2025,174,0,,
GDI,2025,14,0,,
DRE,2025,350,1,,
JSM,2025,65,0,,
FGA,2025,37,0,,
ITI,2025,644,3,,
CBL,2025,17,0,,
IRP,2025,9,1,,
MRU,2025,219,0,,
LZP,2025,102,0,,
PBZ,2025,6,0,,
BYS,2025,59,0,,
FMZ,2025,249,0,,
CEW,2025,38,1,,
PTS,2025,33,0,,
LOZ,2025,39,0,,
KYS,2025,9,0,,
CIC,2025,10,0,,
QNW,2025,2,1,,
CBT,2025,18,0,,
FJS,2025,137,0,,
IZD,2025,8,0,,
BWN,2025,15,0,,
BSR,2025,18,0,,
PIF,2025,82,0,,
LFZ,2025,54,1,,
PLQ,2025,2,0,,
GZJ,2025,13,0,,
ILY,2025,17,4,,
KIH,2025,93,0,,
KLE,2025,3,0,,
MYF,2025,49,0,,
KXG,2025,15,0,,
HJO,2025,20,0,,
JOS,2025,6,0,,
MPO,2025,15,0,,
PLO,2025,4,0,,
GXR,2025,11,0,,
MQF,2025,13,0,,
EBG,2025,1,0,,
HTM,2025,1,0,,
ITH,2025,3,0,,
JIO,2025,2,0,,
NRB,2025,1,0,,
DHB,2025,6,14,,
JXA,2025,3,0,,
CIX,2025,5,0,,
MQC,2025,5,0,,
HCY,2025,1,0,,
DYJ,2025,1,0,,
MZP,2025,12,0,,
PJN,2025,1,0,,
LPZ,2025,1,0,,
QJH,2025,3,0,,
JQO,2025,1,0,,
HDF,2025,1,0,,
FPA,2025,34568,112,,
OOK,2025,909,0,,
NPT,2025,12974,0,,
MEH,2025,453,1,,
DYB,2025,4567,8,,
JDC,2025,214,0,,
JDS,2025,505,2,,
HXD,2025,124,1,,
FJL,2025,68,18,,
QCA,2025,318,0,,
QDK,2025,64,0,,
OMX,2025,3,0,,
ITG,2025,4,0,,
OTP,2025,27,0,,
GAX,2025,3,0,,
NEY,2025,113,0,,
PFV,2025,193,0,,
FTN,2025,6,7,,
KJO,2025,5,0,,
ITQ,2025,45,0,,
CGX,2025,36,0,,
OZG,2025,41,0,,
KMW,2025,23,0,,
FDA,2025,119,0,,
DZD,2025,1,0,,
LQY,2025,52,0,,
QXM,2025,17,0,,
NWV,2025,11,0,,
HIL,2025,1,0,,
FFK,2025,6,0,,
PTI,2025,33,0,,
FXP,2025,36,0,,
NAE,2025,7,0,,
ISA,2025,16,3,,
QBP,2025,13,2,,
IWB,2025,3,0,,
GFE,2025,5,0,,
OAP,2025,11,0,,
LYL,2025,4,0,,
JTS,2025,98,1,,
NZW,2025,11,0,,
IKD,2025,43,0,,
MPK,2025,6,0,,
ORY,2025,5,0,,
KME,2025,3,0,,
FFH,2025,13,0,,
OYX,2025,4,2,,
HHD,2025,11,0,,
LFM,2025,18,0,,
JJQ,2025,21,1,,
KWD,2025,8,0,,
KXA,2025,14,0,,
MPR,2025,2,0,,
PS,2025,1,0,,
LHQ,2025,1,0,,
HJK,2025,1,1,,
FSP,2025,2,2,,
ISD,2025,2,0,,
OGQ,2025,1,0,,
ISN,2025,3,0,,
IKN,2025,3,0,,
QOV,2025,2,0,,
HOZ,2025,3,0,,
MCG,2025,1,0,,
MCW,2025,684,1,,
NXC,2025,4557,0,,
CAZ,2025,138,1,,
FLL,2025,75,1,,
DTZ,2025,984,1,,
MOM,2025,2210,1,,
OJX,2025,3367,0,,
MNB,2025,250,1,,
LOD,2025,362,4,,
MKQ,2025,38,0,,
CHL,2025,211,8,,
JEQ,2025,491,0,,
FLE,2025,71,0,,
HTJ,2025,407,0,,
DRC,2025,69,0,,
FAF,2025,14,0,,
PLJ,2025,2,0,,
BSO,2025,139,0,,
IMD,2025,65,0,,
CIG,2025,53,0,,
OUR,2025,10,1,,
EFB,2025,82,0,,
LYQ,2025,1,0,,
MSX,2025,19,1,,
EMJ,2025,43,0,,
KIF,2025,51,0,,
NQR,2025,59,0,,
NJK,2025,144,0,,
QWR,2025,25,2,,
PNR,2025,7,0,,
PFN,2025,89,0,,
SBZ,2025,1,0,,
JDL,2025,17,0,,
FZZ,2025,2,0,,
PIJ,2025,4,0,,
MMX,2025,49,0,,
QDF,2025,3,0,,
GTZ,2025,11,0,,
ONF,2025,5,0,,
NQQ,2025,2,0,,
QLC,2025,4,0,,
OKV,2025,7,9,,
MZC,2025,1,0,,
GFJ,2025,1,0,,
MBP,2025,2,0,,
HSZ,2025,4,0,,
KMB,2025,1,0,,
GJC,2025,1,0,,
INP,2025,1,0,,
M,2025,1,0,,
MMZ,2025,2,0,,
OBT,2025,2,0,,
 ,2025,1,0,,
DOP,2025,1,0,,
HXT,2025,6,0,,
MYA,2025,2,0,,
BZD,2025,59518,3,,
LWS,2025,24312,3,,
OYC,2025,12185,6,,
GBX,2025,1189,6,,
OUG,2025,395,0,,
FMI,2025,2475,2,,
LPH,2025,6218,7,,
BRY,2025,60852,22,,
PNJ,2025,4405,1,,
MHX,2025,3746,37,,
KWS,2025,2291,4,,
JKA,2025,6089,14,,
NGT,2025,215,1,,
KMY,2025,455,0,,
HWC,2025,2907,1,,
HBC,2025,641,0,,
HBE,2025,1927,2,,
DXQ,2025,18,6,,
GAN,2025,419,0,,
DSY,2025,166,1,,
BTO,2025,236,0,,
KMF,2025,12,0,,
OBP,2025,79,0,,
NPU,2025,315,0,,
JOX,2025,68,0,,
CFP,2025,17,0,,
LKG,2025,14,0,,
QHT,2025,50,0,,
MWH,2025,41,0,,
GDT,2025,109,0,,
DRT,2025,40,0,,
BYG,2025,24,1,,
PTD,2025,27,0,,
LHN,2025,11,0,,
BZA,2025,25,4,,
FZM,2025,12,0,,
CGZ,2025,6,0,,
KYJ,2025,31,1,,
OHY,2025,6,0,,
HQN,2025,1,0,,
EKX,2025,8,0,,
OFU,2025,19,0,,
LXT,2025,7,0,,
NWU,2025,2,6,,
OGJ,2025,9,1,,
LPK,2025,1,0,,
PLF,2025,2,0,,
HMF,2025,2,0,,
NRV,2025,1,0,,
EZQ,2025,104,0,,
GBS,2025,1,0,,
HMY,2025,2,0,,
LWG,2025,21,0,,
HBI,2025,1,0,,
MXJ,2025,1,0,,
OUJ,2025,1,0,,
OBO,2025,4,0,,
LAO,2025,1,0,,
GFO,2025,14,2,,
PJD,2025,1,0,,
LOL,2025,20,0,,
ODX,2025,1,0,,
FCK,2025,1,0,,
NXZ,2025,1,0,,
OLT,2025,3,0,,
PBY,2025,1,0,,
FKK,2025,1,0,,
DIC,2025,3,1,,
FHG,2025,4,0,,
MWP,2025,1,0,,
GRM,2025,8,0,,
SDE,2025,2,1,,
NHX,2025,3,1,,
PHM,2025,1,0,,
JZF,2025,2,0,,
ILH,2025,1,0,,
MDI,2025,1,0,,
OKI,2025,15,5,,
OFK,2025,9,0,,
IZI,2025,2195,0,,
HMX,2025,109,1,,
MJP,2025,1742,0,,
DXY,2025,808,0,,
MSD,2025,1061,5,,
CEM,2025,31,5,,
EZL,2025,1383,1,,
HHK,2025,10,0,,
HWA,2025,1928,0,,
KZL,2025,77,0,,
MZF,2025,1085,1,,
LCJ,2025,495,0,,
KRD,2025,1584,3,,
HTO,2025,1043,0,,
DRM,2025,685,2,,
PHV,2025,168,1,,
EGS,2025,83,0,,
PEP,2025,29,0,,
OGO,2025,141,0,,
HTY,2025,38,0,,
FMW,2025,2,0,,
OAT,2025,39,0,,
MZM,2025,81,0,,
FPB,2025,34,0,,
MSH,2025,10,0,,
ESW,2025,121,0,,
FZY,2025,53,0,,
MUQ,2025,11,0,,
MUZ,2025,57,0,,
DQE,2025,31,0,,
JDQ,2025,88,0,,
DDR,2025,5,0,,
PQK,2025,44,0,,
DWM,2025,73,0,,
LTJ,2025,14,1,,
HWM,2025,54,0,,
GWE,2025,1,0,,
KQO,2025,12,0,,
QHM,2025,60,0,,
LOE,2025,7,0,,
QPQ,2025,6,0,,
KWI,2025,121,0,,
KDC,2025,7,1,,
MQX,2025,1,0,,
IZH,2025,15,0,,
OHD,2025,14,9,,
PBN,2025,14,0,,
QOC,2025,2,0,,
KOA,2025,3,0,,
HHL,2025,8,0,,
NHN,2025,1,0,,
HXL,2025,2,0,,
FQL,2025,4,0,,
PEO,2025,2,0,,
PAD,2025,1,1,,
MLW,2025,2,0,,
LZW,2025,1,0,,
HMD,2025,1,0,,
KMD,2025,1,0,,
OIO,2025,1,0,,
LPG,2025,1,0,,
EFD,2025,1,0,,
DRO,2025,2,0,,
LDE,2025,3,0,,
KDZ,2025,1,0,,
FOK,2025,1,0,,
OAS,2025,1,3,,
KXT,2025,1,0,,
NMK,2025,1,0,,
NON,2025,1,0,,
PSQ,2025,1,0,,
NKQ,2025,1,0,,
DQY,2025,3067,15,,
HXX,2025,2142,0,,
FMG,2025,876,34,,
GAM,2025,9023,0,,
CAC,2025,126,0,,
EZC,2025,1246,1,,
FFT,2025,589,1,,
FZW,2025,439,0,,
GCB,2025,15,0,,
LSZ,2025,73,0,,
GFG,2025,110,0,,
GCY,2025,180,0,,
PGQ,2025,25,0,,
CCX,2025,22,0,,
MRN,2025,157,2,,
JEC,2025,2,0,,
HST,2025,20,0,,
PND,2025,145,0,,
KHO,2025,180,0,,
QJR,2025,369,2,,
FPP,2025,54,0,,
JSH,2025,19,1,,
QGU,2025,3,0,,
CDD,2025,45,1,,
KCJ,2025,8,0,,
DWQ,2025,5,0,,
CKA,2025,9,0,,
KMI,2025,80,0,,
HIG,2025,46,0,,
GDX,2025,3,0,,
LPO,2025,55,0,,
FED,2025,117,1,,
OLL,2025,2,0,,
OWQ,2025,42,7,,
CHI,2025,12,0,,
INK,2025,103,0,,
NUJ,2025,38,11,,
EKM,2025,6,0,,
BZN,2025,10,0,,
MRJ,2025,3,0,,
OAB,2025,10,0,,
NTW,2025,12,0,,
KXF,2025,5,0,,
GYE,2025,3,0,,
PJO,2025,2,0,,
JSO,2025,494,1,,
GFC,2025,11,0,,
HBM,2025,5,0,,
NOA,2025,8,0,,
NLR,2025,1,0,,
GDZ,2025,8,0,,
MMY,2025,2,0,,
OWD,2025,3,0,,
FHN,2025,7,0,,
DQT,2025,1,1,,
PRR,2025,1,0,,
QTG,2025,2,0,,
PCE,2025,3,0,,
KDN,2025,3,1,,
HCH,2025,2,0,,
DAR,2025,1,0,,
MYB,2025,1,0,,
OCY,2025,133,0,,
QHJ,2025,633,0,,
DRA,2025,4035,0,,
OZO,2025,3584,1,,
QZI,2025,4085,2,,
KQT,2025,12,6,,
KGI,2025,8,1,,
LGZ,2025,376,5,,
EQJ,2025,437,0,,
PCU,2025,297,0,,
FHW,2025,2547,0,,
JDI,2025,1655,5,,
DTD,2025,32,0,,
MVR,2025,90,0,,
NEU,2025,416,2,,
ILS,2025,46,0,,
FMK,2025,46,0,,
BTM,2025,36,2,,
MIA,2025,13,0,,
ODC,2025,89,0,,
LRJ,2025,70,0,,
MNR,2025,42,0,,
ISS,2025,1,0,,
PUI,2025,52,2,,
KGO,2025,21,0,,
QQH,2025,3,0,,
KXJ,2025,9,5,,
KRR,2025,36,0,,
OAR,2025,12,0,,
DTR,2025,43,0,,
LPC,2025,17,0,,
QES,2025,38,0,,
MNI,2025,79,0,,
MJH,2025,1,1,,
EXH,2025,13,0,,
OVN,2025,5,1,,
IMK,2025,10,1,,
JYL,2025,1,0,,
JJY,2025,13,5,,
JIQ,2025,10,0,,
QJI,2025,3,0,,
BZC,2025,3,0,,
QAQ,2025,14,0,,
PEN,2025,12,1,,
HAM,2025,2,0,,
LGH,2025,5,0,,
QWU,2025,6,2,,
HSA,2025,2,0,,
GGP,2025,3,0,,
HXK,2025,7,0,,
MRW,2025,3,0,,
PNY,2025,15,0,,
FCS,2025,3,0,,
PGO,2025,1,0,,
DAP,2025,2,2,,
MQL,2025,3,0,,
KAD,2025,1,0,,
LPF,2025,1,0,,
FXZ,2025,1,0,,
PBQ,2025,5,0,,
NHC,2025,2,0,,
LBP,2025,3,0,,
RHF,2025,1,0,,
OCH,2025,1,0,,
MND,2025,1088,1,,
LJS,2025,4375,2,,
NVY,2025,11504,2,,
MHY,2025,3393,1,,
NVZ,2025,6000,3,,
MXD,2025,3383,0,,
FET,2025,14594,0,,
DSI,2025,717,19,,
DWC,2025,670,0,,
MRG,2025,28,2,,
JOW,2025,24,3,,
NPS,2025,925,0,,
DSQ,2025,10473,7,,
LHI,2025,1335,1,,
HTQ,2025,309,0,,
LPB,2025,1185,0,,
CJY,2025,60,2,,
CFR,2025,16,0,,
LOK,2025,19,0,,
NKG,2025,154,0,,
SAF,2025,1484,0,,
FST,2025,28,0,,
FTM,2025,232,0,,
KOH,2025,3,0,,
DXG,2025,12,0,,
HRM,2025,56,0,,
KPR,2025,37,9,,
EFT,2025,11,0,,
EMK,2025,1,0,,
KIM,2025,1,0,,
OUB,2025,52,0,,
EPT,2025,14,0,,
JPI,2025,34,0,,
FWW,2025,1,0,,
QUH,2025,7,0,,
NIE,2025,74,6,,
HDB,2025,16,0,,
NSC,2025,7,0,,
BTG,2025,9,0,,
BYD,2025,52,0,,
LBH,2025,6,0,,
OYE,2025,40,1,,
JFP,2025,40,0,,
JOZ,2025,3,1,,
EIH,2025,1,0,,
PMT,2025,1,0,,
HXI,2025,3,0,,
OFX,2025,1,1,,
LSR,2025,1,1,,
HRG,2025,1,0,,
INE,2025,1,0,,
KWR,2025,1,0,,
KAE,2025,3,1,,
QHH,2025,1,0,,
MBD,2025,1,0,,
HXO,2025,1,0,,
DHR,2025,2,0,,
FJD,2025,1,0,,
QZZ,2025,30,0,,
DA,2025,1,0,,
OXD,2025,3,0,,
OUH,2025,3,0,,
NCD,2025,1,0,,
PCB,2025,1,0,,
DAQ,2025,1,0,,
OZP,2025,150503,5,,
KWP,2025,497,0,,
MAH,2025,564,0,,
DQO,2025,659,1,,
ETN,2025,1140,3,,
PML,2025,52,0,,
EZB,2025,151,0,,
GXI,2025,97,0,,
ONB,2025,942,39,,
FGB,2025,1308,0,,
HQP,2025,22,0,,
MRA,2025,91,0,,
LNR,2025,146,0,,
FNM,2025,127,1,,
GWG,2025,32,1,,
ELC,2025,287,0,,
DQR,2025,6,6,,
KWY,2025,179,2,,
KYG,2025,75,0,,
HHS,2025,751,0,,
LPN,2025,45,0,,
KNY,2025,3,0,,
NBC,2025,17,0,,
FCB,2025,1,0,,
QTN,2025,4,0,,
LNQ,2025,179,0,,
NAB,2025,12,0,,
OES,2025,115,7,,
DWZ,2025,1,0,,
EIA,2025,47,0,,
PXI,2025,52,1,,
QDB,2025,1,0,,
FXY,2025,9,0,,
OCJ,2025,6,0,,
OHS,2025,35,0,,
OQG,2025,16,0,,
HQG,2025,1,0,,
HRQ,2025,9,1,,
QRB,2025,5,0,,
FWF,2025,27,0,,
QNN,2025,6,0,,
MPA,2025,13,1,,
JTA,2025,3,0,,
FLK,2025,4,0,,
OQS,2025,5,0,,
MTG,2025,20,1,,
EWL,2025,12,0,,
LFD,2025,10,1,,
LTK,2025,4,0,,
INM,2025,15,0,,
FQM,2025,6,1,,
PGN,2025,4,1,,
PFC,2025,1,0,,
SEG,2025,43,0,,
PPM,2025,29,5,,
HHT,2025,1,0,,
MAL,2025,28,0,,
EBC,2025,6,0,,
DRJ,2025,3,0,,
FWX,2025,2,0,,
KTZ,2025,1,0,,
NJT,2025,7,4,,
GBP,2025,3,0,,
HGE,2025,4,0,,
KYR,2025,1,0,,
IDP,2025,1,1,,
QIR,2025,11,0,,
HEL,2025,1,0,,
FBW,2025,6,0,,
OIU,2025,1,0,,
FNP,2025,3,0,,
NTO,2025,1,0,,
BXP,2025,1,0,,
GFI,2025,4,0,,
DEI,2025,1,0,,
PEU,2025,1,1,,
GJT,2025,1,0,,
ERA,2025,2,1,,
PWE,2025,1,0,,
PWB,2025,1,0,,
HJN,2025,3,0,,
POS,2025,1,0,,
HXR,2025,2,0,,
EKC,2025,1,0,,
NKB,2025,1177,3,,
NBW,2025,4742,2,,
MPB,2025,190,0,,
HFX,2025,120,0,,
GKN,2025,51,0,,
PKL,2025,1175,0,,
JAK,2025,210,42,,
PKC,2025,88,0,,
BSB,2025,194,1,,
QKP,2025,732,2,,
MGQ,2025,5,0,,
IZL,2025,25,51,,
MLR,2025,47,0,,
LJE,2025,60,2,,
LXB,2025,255,0,,
CEC,2025,213,0,,
HOC,2025,77,0,,
GAQ,2025,84,0,,
LNS,2025,58,0,,
FLG,2025,11,1,,
MOF,2025,135,0,,
PDU,2025,182,0,,
GDC,2025,100,3,,
GJS,2025,106,2,,
PEW,2025,69,0,,
LFJ,2025,28,0,,
EYJ,2025,21,0,,
HNF,2025,20,0,,
NXW,2025,104,0,,
HFG,2025,32,0,,
KOE,2025,10,0,,
DXZ,2025,120,2,,
OLZ,2025,3,0,,
NHI,2025,14,0,,
PLV,2025,6,0,,
LSL,2025,42,0,,
OWT,2025,84,0,,
NHK,2025,2,0,,
QEZ,2025,21,0,,
MNK,2025,39,0,,
HTR,2025,8,0,,
QHW,2025,7,0,,
ELS,2025,1,0,,
FEG,2025,46,2,,
SBH,2025,1,0,,
JHR,2025,3,0,,
ILK,2025,32,0,,
LRY,2025,46,0,,
HQB,2025,7,4,,
QEP,2025,9,0,,
QRJ,2025,7,0,,
GWQ,2025,13,1,,
QWH,2025,2,0,,
LRP,2025,12,2,,
OWX,2025,2,0,,
CFL,2025,11,0,,
ION,2025,2,0,,
QVG,2025,16,0,,
LEG,2025,5,0,,
OUP,2025,4,0,,
EJF,2025,3,0,,
MRC,2025,74,1,,
OZN,2025,3,2,,
PKO,2025,1,0,,
DSB,2025,2,0,,
NOF,2025,3,0,,
IOD,2025,1,0,,
ONW,2025,1,0,,
NNW,2025,1,0,,
OEX,2025,1,0,,
ISH,2025,3,0,,
PWJ,2025,2,0,,
FCQ,2025,1,0,,
FAG,2025,1,0,,
EOQ,2025,6554,27,,
PKU,2025,11860,0,,
LWP,2025,11922,21,,
JWH,2025,9344,16,,
LMH,2025,1798,0,,
EZW,2025,6950,1,,
OSR,2025,8538,0,,
LWR,2025,1868,0,,
HSB,2025,2898,22,,
EMF,2025,5,1,,
GCT,2025,347,0,,
KWZ,2025,191,0,,
HSD,2025,761,0,,
MBL,2025,42,0,,
FEM,2025,116,0,,
OYB,2025,23,0,,
LKB,2025,14,0,,
LMF,2025,92,0,,
JIT,2025,7,4,,
OCM,2025,10,0,,
MNH,2025,91,0,,
DYT,2025,9,0,,
NIG,2025,99,0,,
FCL,2025,55,0,,
FDX,2025,11,0,,
GCZ,2025,1,6,,
OGR,2025,9,10,,
ONN,2025,5,0,,
INN,2025,35,0,,
ILQ,2025,245,0,,
OIY,2025,37,0,,
ISY,2025,27,0,,
QSZ,2025,37,0,,
MGZ,2025,8,1,,
LFX,2025,12,0,,
QNO,2025,1,0,,
JZW,2025,2,0,,
QAI,2025,11,0,,
CDT,2025,12,0,,
PSR,2025,6,0,,
HFA,2025,22,0,,
PAY,2025,2,0,,
EAZ,2025,4,0,,
EYD,2025,2,0,,
PKN,2025,3,0,,
KBN,2025,2,0,,
PSZ,2025,60,0,,
KNP,2025,12,0,,
FZS,2025,4,0,,
KGB,2025,4,0,,
QHP,2025,22,0,,
DPK,2025,1,0,,
LLD,2025,1,0,,
NAS,2025,1,0,,
FGO,2025,10,0,,
LWO,2025,10,0,,
FTY,2025,9,0,,
CDM,2025,3,0,,
CGL,2025,8,1,,
KIJ,2025,4,0,,
QOR,2025,1,0,,
OMW,2025,5,0,,
JKD,2025,3,0,,
JIH,2025,5,0,,
QWE,2025,1,0,,
LWE,2025,1,0,,
KWO,2025,1,0,,
PJB,2025,1,0,,
BYZ,2025,2,0,,
OBD,2025,1,0,,
FKO,2025,8,0,,
QMG,2025,130,0,,
MBI,2025,3859,3,,
OZD,2025,9787,5,,
FAE,2025,196,0,,
HEB,2025,450,30,,
QQS,2025,512,0,,
DPT,2025,53,0,,
PNO,2025,515,0,,
FZX,2025,630,0,,
GXC,2025,7,0,,
OTN,2025,443,0,,
IKY,2025,39,0,,
OSI,2025,163,1,,
NTG,2025,14,0,,
CAT,2025,81,0,,
HTZ,2025,139,0,,
FMP,2025,35,0,,
DWF,2025,1022,4,,
CCQ,2025,30,0,,
QHR,2025,28,1,,
HTC,2025,27,0,,
PQA,2025,2,0,,
PEB,2025,1,0,,
QOF,2025,10,3,,
GES,2025,37,0,,
OCE,2025,16,0,,
IPL,2025,5,0,,
QQU,2025,1,0,,
FYA,2025,14,1,,
BYX,2025,68,0,,
OBR,2025,13,0,,
KZF,2025,9,1,,
PPN,2025,42,0,,
EXB,2025,21,0,,
IMG,2025,9,0,,
CBR,2025,1,0,,
QON,2025,2,0,,
ESD,2025,53,0,,
HXP,2025,5,0,,
KOC,2025,49,0,,
BZR,2025,13,0,,
LYU,2025,5,0,,
PXU,2025,6,0,,
HDA,2025,9,0,,
KDL,2025,1,0,,
IXY,2025,1,0,,
KOT,2025,3,0,,
NQP,2025,8,0,,
QWK,2025,12,1,,
EKP,2025,2,0,,
IZZ,2025,2,0,,
MAC,2025,2,0,,
KMJ,2025,1,0,,
FRC,2025,9,1,,
DZC,2025,1,0,,
PDQ,2025,2,0,,
PRV,2025,1,0,,
NWJ,2025,4,0,,
KPM,2025,1,0,,
NII,2025,1,0,,
LRQ,2025,1,0,,
ITC,2025,1,0,,
FCN,2025,1,0,,
HXS,2025,1,0,,
FML,2025,1,0,,
DTB,2025,25562,0,,
DZE,2025,729635,4,,
FAS,2025,401,0,,
GEI,2025,7639,16,,
POE,2025,493,0,,
KYB,2025,432,0,,
GWM,2025,445,3,,
OLO,2025,3308,13,,
FCG,2025,641,0,,
MIB,2025,17,3,,
FCX,2025,143,0,,
KTT,2025,684,1,,
DXF,2025,678,4,,
GAL,2025,119,0,,
FFL,2025,506,0,,
NAD,2025,2641,2,,
OXO,2025,122,2,,
CAE,2025,61,2,,
FIP,2025,76,0,,
MJO,2025,255,1,,
ODP,2025,57,2,,
FIE,2025,32,0,,
IEO,2025,67,1,,
---,2025,1,0,,
QIT,2025,5,0,,
ORL,2025,3,0,,
JXB,2025,6,0,,
EYQ,2025,5,0,,
EAJ,2025,4,0,,
MMQ,2025,1,0,,
LZA,2025,70,0,,
HNQ,2025,10,2,,
MVL,2025,1,0,,
MUU,2025,9,0,,
KHE,2025,3,2,,
BSN,2025,6,0,,
HFM,2025,6,0,,
EMX,2025,16,0,,
MAO,2025,1,0,,
OSP,2025,1,0,,
GDG,2025,8,0,,
QII,2025,3,0,,
OEA,2025,2,0,,
PHP,2025,3,0,,
LDP,2025,4,0,,
CGJ,2025,3,0,,
MHE,2025,5,0,,
NLW,2025,1,0,,
ETD,2025,1,0,,
QAV,2025,10,0,,
EBP,2025,1,0,,
NKK,2025,1,0,,
MPD,2025,11,0,,
POC,2025,1,0,,
JNL,2025,1,0,,
PCI,2025,7,0,,
MPQ,2025,1,0,,
ONG,2025,1,0,,
NKP,2025,1,0,,
PTV,2025,1,0,,
CAW,2025,607,3,,
CAD,2025,2650,2,,
MDS,2025,2775,1,,
LOX,2025,1885,0,,
LZO,2025,3246,7,,
LXH,2025,6161,4,,
GDW,2025,11938,4,,
NBH,2025,555,0,,
MPN,2025,243,0,,
EZY,2025,2069,0,,
FEQ,2025,337,0,,
NJE,2025,819,0,,
NPV,2025,330,0,,
INX,2025,170,0,,
MAV,2025,66,1,,
LQC,2025,126,0,,
HWB,2025,287,0,,
MLV,2025,775,0,,
MMI,2025,810,0,,
JDR,2025,314,0,,
DQK,2025,436,3,,
OTM,2025,47,0,,
PJQ,2025,101,0,,
MEC,2025,76,5,,
MRH,2025,14,0,,
LKN,2025,68,0,,
QNR,2025,185,2,,
PBI,2025,236,0,,
OVD,2025,50,6,,
JDB,2025,38,1,,
FTH,2025,1,0,,
ICL,2025,4,0,,
QMN,2025,380,0,,
DRX,2025,246,0,,
DTL,2025,113,2,,
NHL,2025,194,2,,
EEG,2025,7,0,,
MPV,2025,91,0,,
PZS,2025,34,0,,
LRS,2025,34,4,,
LEH,2025,14,1,,
OFF,2025,16,6,,
PJY,2025,49,0,,
FDC,2025,21,0,,
CDX,2025,8,1,,
ODD,2025,5,0,,
DSK,2025,26,0,,
CGS,2025,2,1,,
QIJ,2025,1,0,,
MYN,2025,2,0,,
DZP,2025,1,0,,
CFJ,2025,14,0,,
PFX,2025,2,1,,
CAX,2025,4,0,,
HBA,2025,5,0,,
ETB,2025,5,0,,
NSB,2025,5,2,,
LBI,2025,3,0,,
MOS,2025,2,0,,
KYX,2025,11,0,,
DJR,2025,1,0,,
HNI,2025,1,0,,
FNG,2025,5,0,,
FZQ,2025,2,0,,
NYV,2025,1,0,,
GCD,2025,4,0,,
KGG,2025,16,0,,
HMZ,2025,11,1,,
GYB,2025,2,0,,
PKQ,2025,1,0,,
NWW,2025,13,0,,
JDY,2025,2,0,,
NTK,2025,2,0,,
PPD,2025,1,3,,
MLA,2025,162,0,,
PJK,2025,3,0,,
EBZ,2025,1,0,,
OJA,2025,1,1,,
MZE,2025,1,0,,
ODA,2025,3,0,,
HOI,2025,1,0,,
QZS,2025,2,1,,
DSP,2025,7486,5,,
NAY,2025,48843,5,,
HTW,2025,1516,0,,
NDN,2025,635,0,,
MEB,2025,1421,0,,
GAG,2025,1067,0,,
PJE,2025,263,0,,
DWJ,2025,2410,1,,
GCM,2025,611,0,,
FDS,2025,18839,0,,
FDI,2025,272,2,,
FDF,2025,17215,0,,
GAW,2025,2563,0,,
HWJ,2025,17,0,,
GAO,2025,27,0,,
FWZ,2025,52,0,,
FCW,2025,140,0,,
DTS,2025,17,0,,
OMD,2025,291,0,,
QKW,2025,23,0,,
NHB,2025,22,14,,
QZW,2025,2,0,,
DXO,2025,180,0,,
LNM,2025,61,0,,
NWX,2025,994,0,,
OOB,2025,226,0,,
PYR,2025,1,0,,
OTO,2025,79,0,,
FDE,2025,17,16,,
OEQ,2025,109,8,,
QKL,2025,27,0,,
EFQ,2025,51,0,,
QRU,2025,4,0,,
PNG,2025,31,0,,
CDP,2025,25,0,,
KNA,2025,5,0,,
IMC,2025,4,0,,
FMR,2025,10,0,,
FZO,2025,27,0,,
OLM,2025,37,0,,
GTY,2025,94,2,,
GET,2025,8,0,,
PEK,2025,3,0,,
FRG,2025,19,0,,
NAJ,2025,3,0,,
FSQ,2025,2,0,,
NQM,2025,1,0,,
JKC,2025,6,2,,
OFE,2025,1,0,,
QOI,2025,64,0,,
KWH,2025,8,0,,
IMP,2025,4,0,,
OSV,2025,2,0,,
QDO,2025,12,0,,
OYK,2025,2,0,,
DSS,2025,2,0,,
HQH,2025,1,0,,
QVA,2025,9,1,,
NEG,2025,2,0,,
OAY,2025,3,0,,
GYC,2025,2,0,,
KZE,2025,1,0,,
JSC,2025,10,0,,
CBN,2025,1,0,,
GIE,2025,1,0,,
PCC,2025,2,0,,
QTY,2025,2,0,,
EKB,2025,1,0,,
PJT,2025,3,0,,
KOI,2025,5,0,,
ELR,2025,1,0,,
FOD,2025,1,0,,
LJT,2025,4319,13,,
PQF,2025,37844,0,,
KNW,2025,1685,2,,
LIT,2025,2066,1,,
GAZ,2025,42,1,,
MAI,2025,2163,8,,
NSA,2025,571,0,,
IYO,2025,471,0,,
FEO,2025,353,4,,
GZB,2025,314,0,,
FMT,2025,357,0,,
LQR,2025,112,0,,
LLI,2025,26,6,,
FMQ,2025,15,0,,
HXW,2025,30,0,,
BZO,2025,70,3,,
BWA,2025,6,0,,
NPJ,2025,49,0,,
GDM,2025,5,1,,
OVE,2025,132,0,,
LED,2025,5,0,,
EZN,2025,83,1,,
IOQ,2025,139,1,,
HGX,2025,69,0,,
OWY,2025,28,0,,
ODE,2025,38,2,,
IWJ,2025,40,0,,
MBS,2025,6,0,,
LBE,2025,1,0,,
QIH,2025,5,0,,
NFA,2025,92,0,,
OCZ,2025,34,0,,
JQP,2025,118,3,,
SCR,2025,4,0,,
IKZ,2025,12,0,,
OCT,2025,13,0,,
KGN,2025,15,0,,
DEZ,2025,2,0,,
GBA,2025,22,0,,
DPW,2025,6,2,,
CFT,2025,23,0,,
NPM,2025,14,0,,
DZM,2025,11,0,,
JXI,2025,20,0,,
IFP,2025,10,0,,
NLG,2025,2,0,,
MJG,2025,1,0,,
FLC,2025,1,0,,
SCS,2025,1,0,,
QEY,2025,4,0,,
ILI,2025,1,0,,
KNK,2025,3,0,,
PLI,2025,1,0,,
GCL,2025,1,0,,
QRR,2025,3,0,,
SDQ,2025,2,0,,
LEJ,2025,1,0,,
DTI,2025,1,0,,
FRN,2025,52794,40,,
OOE,2025,511,0,,
PRL,2025,471,0,,
MCM,2025,5472,1,,
FMH,2025,75,2,,
FQH,2025,840,0,,
LPL,2025,215,2,,
FGC,2025,556,0,,
FOZ,2025,5151,11,,
KFZ,2025,15,0,,
OPR,2025,222,0,,
MVN,2025,22,4,,
GED,2025,1,0,,
DSR,2025,137,0,,
PJS,2025,423,0,,
MZO,2025,208,0,,
OEZ,2025,122,27,,
LRK,2025,655,1,,
ORG,2025,106,0,,
KRO,2025,914,1,,
OGE,2025,97,13,,
KTW,2025,96,0,,
IKX,2025,5,0,,
CAL,2025,85,0,,
NFK,2025,19,0,,
QYX,2025,107,0,,
BYY,2025,14,1,,
FXR,2025,3,0,,
KOO,2025,15,0,,
KPO,2025,96,8,,
DCN,2025,7,1,,
ETA,2025,4,0,,
FDP,2025,16,0,,
KNN,2025,10,6,,
OEV,2025,35,0,,
KLT,2025,4,0,,
MMH,2025,12,0,,
QUG,2025,5,1,,
DRG,2025,52,0,,
OJG,2025,6,12,,
KKY,2025,1,0,,
FMC,2025,1,0,,
QDS,2025,3,1,,
FTC,2025,8,0,,
OVK,2025,1,0,,
OLR,2025,5,0,,
MWG,2025,2,0,,
OHV,2025,20,0,,
OFD,2025,1,0,,
GXH,2025,5,0,,
IPR,2025,6,0,,
IQZ,2025,1,0,,
GCC,2025,4,0,,
JDJ,2025,2,0,,
GMB,2025,1,0,,
KBL,2025,1,0,,
QLX,2025,2,0,,
KOL,2025,1,0,,
KSI,2025,700,0,,
GYK,2025,1,0,,
SFI,2025,141,0,,
BSZ,2025,9240,23,,
LGW,2025,31098,4,,
HHE,2025,35,0,,
NKE,2025,1934,5,,
MRM,2025,447,0,,
KRG,2025,821,2,,
KNC,2025,112,1,,
DWA,2025,363,0,,
DYG,2025,263,1,,
KRA,2025,991,0,,
BTL,2025,168,0,,
GIM,2025,651,1,,
HAB,2025,475,0,,
CAF,2025,193,0,,
CCK,2025,1257,13,,
GBM,2025,317,1,,
CAH,2025,79,7,,
OAD,2025,195,0,,
JGS,2025,67,1,,
GZI,2025,3,0,,
LZU,2025,3,0,,
DRB,2025,153,0,,
QLK,2025,149,0,,
DXE,2025,309,1,,
FSO,2025,17,0,,
NLF,2025,3,0,,
HKO,2025,37,0,,
KNQ,2025,276,0,,
FBK,2025,84,0,,
FAT,2025,2,0,,
NQO,2025,764,1,,
EXS,2025,16,0,,
JES,2025,5,0,,
GXZ,2025,74,0,,
JCF,2025,116,0,,
LYP,2025,2,0,,
CHP,2025,86,0,,
DSJ,2025,7,0,,
JTW,2025,38,1,,
CBF,2025,24,0,,
GIO,2025,3,13,,
KKX,2025,24,2,,
OLS,2025,5,0,,
HDD,2025,17,0,,
NZG,2025,3,0,,
HIS,2025,21,1,,
LXG,2025,1244,2,,
FAQ,2025,16,0,,
MSW,2025,3,1,,
HBO,2025,4,0,,
GAB,2025,38,0,,
PWH,2025,8,0,,
OMB,2025,7,0,,
LQL,2025,19,0,,
JJF,2025,2,0,,
QZK,2025,68,0,,
HMT,2025,1,0,,
OVJ,2025,16,0,,
NQB,2025,6,0,,
QTB,2025,1,0,,
JHX,2025,1,1,,
KMA,2025,3,0,,
MHW,2025,1,0,,
QMM,2025,1,0,,
HLG,2025,2,0,,
FSH,2025,3,0,,
QXQ,2025,1,0,,
KOJ,2025,2,0,,
HKI,2025,1,0,,
KHJ,2025,1,0,,
SBF,2025,1,1,,
LRT,2025,4,0,,
QCT,2025,1,1,,
KQW,2025,1,0,,
DRQ,2025,3,0,,
GWN,2025,1,0,,
JJG,2025,5,0,,
MAX,2025,816,8,,
OWB,2025,14050,114,,
PZE,2025,1574,0,,
JOQ,2025,5,0,,
DTE,2025,632,0,,
NWB,2025,2872,1,,
MFK,2025,1297,1,,
MNT,2025,3555,1,,
QHQ,2025,26,1,,
GKT,2025,233,0,,
LMG,2025,227,2,,
QYI,2025,14,0,,
MAE,2025,180,0,,
FPO,2025,910,1,,
JDG,2025,263,2,,
DXN,2025,243,1,,
OQY,2025,179,0,,
GAK,2025,24,0,,
KNX,2025,193,0,,
NRC,2025,9,0,,
MKW,2025,8,0,,
QXB,2025,3,0,,
POL,2025,16,0,,
MRZ,2025,36,0,,
OHR,2025,149,1,,
KYF,2025,278,0,,
INI,2025,27,0,,
JQW,2025,12,0,,
MCN,2025,38,0,,
PJA,2025,17,0,,
NUC,2025,13,0,,
QGP,2025,46,0,,
JGQ,2025,4,0,,
PCH,2025,40,5,,
FYD,2025,15,0,,
QYT,2025,83,0,,
FRK,2025,12,0,,
JSG,2025,224,1,,
OQB,2025,10,0,,
OTL,2025,9,0,,
JTN,2025,7,0,,
MRI,2025,1,0,,
CEK,2025,7,1,,
QLO,2025,27,0,,
MNZ,2025,1,0,,
QRK,2025,9,0,,
JWJ,2025,8,0,,
KYW,2025,1,1,,
EMA,2025,9,0,,
MIE,2025,5,0,,
QLT,2025,2,0,,
NUN,2025,6,0,,
LKD,2025,3,0,,
OSH,2025,3,0,,
JCC,2025,1,0,,
NQL,2025,1,0,,
CZP,2025,1,0,,
OYH,2025,2,0,,
EMB,2025,3,0,,
IMI,2025,2,0,,
FHO,2025,1,0,,
QTD,2025,1,0,,
CCL,2025,1,0,,
MYY,2025,5,0,,
HLS,2025,2,0,,
QAX,2025,3,0,,
CGC,2025,1,0,,
NVE,2025,1,0,,
HEX,2025,1,0,,
KLZ,2025,3,0,,
QWD,2025,2,0,,
DQX,2025,2182,1,,
CBK,2025,13955,8,,
PRC,2025,272,0,,
FQO,2025,114,2,,
MOQ,2025,194,0,,
MDA,2025,3,0,,
FGE,2025,1922,1,,
IYN,2025,619,81,,
HWN,2025,179,0,,
MEG,2025,147,0,,
BSY,2025,164,8,,
GAR,2025,820,1,,
GAD,2025,107,1,,
GDO,2025,547,0,,
KYZ,2025,27,0,,
KTI,2025,197,2,,
GCI,2025,118,0,,
HBB,2025,1016,2,,
LDF,2025,138,0,,
PZP,2025,289,0,,
OMP,2025,139,1,,
MON,2025,2,0,,
MJA,2025,515,1,,
POH,2025,43,0,,
NCF,2025,39,0,,
DZS,2025,3,0,,
FEA,2025,8,0,,
IPS,2025,7,0,,
JDX,2025,8,0,,
GCX,2025,277,2,,
QJA,2025,6,0,,
NJD,2025,4,0,,
NQX,2025,15,1,,
FHQ,2025,15,0,,
CHH,2025,14,0,,
MDD,2025,7,0,,
JSI,2025,42,6,,
NPA,2025,1,0,,
KGE,2025,10,0,,
BSS,2025,10,0,,
FCM,2025,37,0,,
MQM,2025,2,0,,
JIN,2025,4,1,,
PQC,2025,1,0,,
OIE,2025,5,0,,
JDO,2025,1,0,,
OQO,2025,1,0,,
MAJ,2025,18,0,,
PKP,2025,2,0,,
LRR,2025,2,0,,
QSW,2025,2,0,,
MVJ,2025,1,0,,
LZN,2025,6,0,,
HQD,2025,2,2,,
DXH,2025,27,0,,
SCA,2025,4,0,,
OZI,2025,3,0,,
OJV,2025,2,0,,
KCB,2025,1,0,,
DWB,2025,1,0,,
NZP,2025,1,0,,
OWW,2025,2,0,,
CBS,2025,2,0,,
LHX,2025,1,0,,
SDD,2025,3,0,,
NFW,2025,1,0,,
ITZ,2025,1,0,,
NGE,2025,2,2,,
MOZ,2025,182,0,,
LFL,2025,3853,12,,
QLG,2025,20246,5,,
KCY,2025,120,3,,
MNQ,2025,945,0,,
HTE,2025,12,0,,
OWN,2025,196,0,,
DSH,2025,211,0,,
MBX,2025,82,0,,
FBJ,2025,1,0,,
GKZ,2025,76,14,,
QEX,2025,24,0,,
OQI,2025,45,0,,
BTI,2025,116,0,,
IZQ,2025,21,0,,
NIU,2025,182,0,,
MWS,2025,64,0,,
FLH,2025,4,0,,
QBI,2025,35,0,,
KSZ,2025,66,0,,
PUM,2025,48,0,,
BSF,2025,1,0,,
LYS,2025,26,0,,
MFA,2025,65,0,,
FQP,2025,19,0,,
JQX,2025,16,0,,
MAQ,2025,96,2,,
JIL,2025,16,1,,
PQX,2025,28,0,,
PMX,2025,5,0,,
EML,2025,1,0,,
GDJ,2025,21,0,,
PCD,2025,21,0,,
KPS,2025,36,19,,
LZC,2025,10,0,,
QUF,2025,15,0,,
CAN,2025,4,0,,
DFH,2025,10,0,,
GDF,2025,19,0,,
BTC,2025,15,0,,
PYC,2025,1,0,,
EAP,2025,1,0,,
MKZ,2025,1,0,,
SDA,2025,9,0,,
NQD,2025,2,0,,
QNQ,2025,4,0,,
KWF,2025,3,0,,
BYP,2025,1,0,,
PXC,2025,1,0,,
JYT,2025,1,0,,
DBF,2025,1,0,,
MQK,2025,1,0,,
ECX,2025,1,0,,
QGL,2025,1,0,,
LYT,2025,1,0,,
JXE,2025,1,0,,
LRO,2025,5538,62,,
HNN,2025,700,8,,
HRX,2025,2095,1,,
NVN,2025,23370,0,,
KDI,2025,2805,6,,
HQL,2025,5321,2,,
FGX,2025,217,0,,
JIY,2025,7,1,,
EWY,2025,105,0,,
BSP,2025,86,0,,
OVB,2025,335,0,,
JCT,2025,51,0,,
PKT,2025,5,0,,
CCT,2025,2,0,,
JOL,2025,279,0,,
HTD,2025,123,1,,
JLW,2025,104,4,,
DHA,2025,237,0,,
ORZ,2025,1,0,,
DXC,2025,448,4,,
HBL,2025,268,2,,
DYF,2025,4,0,,
HXZ,2025,33,0,,
MAF,2025,114,0,,
PGW,2025,217,1,,
NGY,2025,21,1,,
PEZ,2025,3,0,,
QBO,2025,17,0,,
DJZ,2025,3,0,,
PER,2025,6,3,,
NRA,2025,447,0,,
OGG,2025,11,0,,
CDZ,2025,18,2,,
PID,2025,19,0,,
MQR,2025,29,0,,
HIO,2025,1,0,,
KCO,2025,2,0,,
MQE,2025,37,0,,
JQC,2025,6,0,,
JZO,2025,44,3,,
FXX,2025,11,0,,
MUJ,2025,21,33,,
LIX,2025,7,0,,
DWS,2025,12,1,,
PZX,2025,44,0,,
JDZ,2025,20,0,,
JXM,2025,6,0,,
DIP,2025,2,0,,
LRG,2025,1,1,,
GXN,2025,24,0,,
NEC,2025,7,0,,
LHC,2025,6,0,,
NHP,2025,1,0,,
OMC,2025,2,0,,
NJM,2025,1,0,,
JTY,2025,35,0,,
FYC,2025,3,0,,
HOY,2025,2,0,,
BRW,2025,1,0,,
PLP,2025,2,0,,
NEA,2025,2,0,,
FFG,2025,4,0,,
QPT,2025,7,0,,
QYU,2025,5,0,,
QPY,2025,6,0,,
MRV,2025,1,0,,
QYM,2025,9,0,,
EXF,2025,2,0,,
FER,2025,3,0,,
MUH,2025,1,0,,
JOP,2025,2,0,,
ETW,2025,1,0,,
LNZ,2025,3,0,,
HMR,2025,8,0,,
KSS,2025,2,0,,
GZT,2025,1,0,,
KHG,2025,1,0,,
HPP,2025,2,0,,
QIG,2025,1,0,,
SEQ,2025,1,0,,
KLS,2025,1,0,,
JFM,2025,1,0,,
FMF,2025,4180,7,,
MLZ,2025,256,2,,
LKK,2025,5754,1,,
OZT,2025,34,0,,
NZU,2025,1128,0,,
JCW,2025,1614,7,,
FEB,2025,359,3,,
PHX,2025,2874,12,,
PAH,2025,238,0,,
PNB,2025,37,0,,
KHS,2025,41,1,,
KMK,2025,74,0,,
FJK,2025,1487,1,,
CGA,2025,59,2,,
NIN,2025,42,0,,
NEK,2025,51,0,,
FZE,2025,13,0,,
OBJ,2025,790,2,,
KGZ,2025,30,4,,
LRN,2025,83,0,,
NPW,2025,332,0,,
LOF,2025,162,0,,
IYE,2025,100,8,,
HXC,2025,116,0,,
HCF,2025,78,0,,
GXY,2025,59,0,,
LWJ,2025,52,0,,
NPL,2025,39,0,,
QHE,2025,1,0,,
KDD,2025,33,6,,
KNO,2025,6,0,,
QLJ,2025,3,0,,
FNJ,2025,58,0,,
JDW,2025,29,0,,
JFY,2025,60,0,,
FCE,2025,2,0,,
NUH,2025,7,0,,
QVV,2025,10,0,,
NNX,2025,14,0,,
LSB,2025,2,0,,
IDZ,2025,8,0,,
JIF,2025,5,0,,
GWJ,2025,1,1,,
NUU,2025,12,0,,
PCQ,2025,1,0,,
GBQ,2025,6,0,,
HWK,2025,5,0,,
IQK,2025,6,0,,
PNZ,2025,4,0,,
DWH,2025,1,0,,
MXZ,2025,1,0,,
E0Q,2025,1,0,,
KBD,2025,1,0,,
IOL,2025,1,0,,
LOJ,2025,5,0,,
NXB,2025,1,0,,
KWJ,2025,4,0,,
EAX,2025,1,0,,
OIR,2025,1,0,,
ETY,2025,1,0,,
CCW,2025,1562,7,,
FTR,2025,31090,0,,
PMP,2025,1967,0,,
DYE,2025,3144,0,,
MIH,2025,3310,1,,
GCJ,2025,5883,6,,
KOD,2025,1407,2,,
DRS,2025,189,1,,
OJH,2025,85,15,,
MQB,2025,138,1,,
KPA,2025,56,0,,
MXC,2025,1114,0,,
GXD,2025,87,0,,
HFB,2025,6,0,,
MQV,2025,57,2,,
KZH,2025,17,0,,
QQK,2025,166,0,,
OGP,2025,1,0,,
GXQ,2025,62,0,,
HBF,2025,114,4,,
OCX,2025,32,0,,
BRZ,2025,69,0,,
JHI,2025,267,0,,
EZD,2025,290,0,,
MAY,2025,2,0,,
KIC,2025,8,0,,
QPB,2025,16,0,,
JAQ,2025,3,0,,
KDQ,2025,95,0,,
LBR,2025,8,0,,
BWF,2025,3,0,,
GCA,2025,24,0,,
HAE,2025,9,0,,
KNF,2025,94,0,,
MMK,2025,5,0,,
NRN,2025,5,0,,
MLY,2025,4,0,,
NQW,2025,30,0,,
KNH,2025,7,0,,
PIB,2025,1,0,,
JJX,2025,50,2,,
HRZ,2025,4,0,,
MVF,2025,5,0,,
OXQ,2025,11,2,,
NSM,2025,1,0,,
ORQ,2025,11,0,,
DFC,2025,7,0,,
CKG,2025,4,3,,
NRU,2025,4,0,,
PUD,2025,1,0,,
LQE,2025,1,0,,
FAP,2025,41,0,,
PDI,2025,14,0,,
OMT,2025,3,0,,
QNI,2025,29,1,,
EWO,2025,13,0,,
MCY,2025,3,3,,
DXJ,2025,3,3,,
NRP,2025,1,0,,
OGZ,2025,2,0,,
GGW,2025,11,0,,
IKT,2025,3,0,,
OLP,2025,1,0,,
PGD,2025,1,0,,
KOB,2025,1,0,,
NIH,2025,1,0,,
QST,2025,5,0,,
OLV,2025,1,0,,
EFA,2025,3,0,,
QXJ,2025,1,0,,
EMN,2025,2,0,,
MEA,2025,3286,3,,
FTL,2025,3520,0,,
OAE,2025,1418,6,,
GEY,2025,963,0,,
MBH,2025,1563,0,,
MJC,2025,3779,3,,
MSS,2025,434,0,,
NIP,2025,846,0,,
NXT,2025,93,0,,
FZP,2025,1902,0,,
MDM,2025,324,1,,
KNS,2025,1515,7,,
PNW,2025,257,0,,
OOD,2025,111,0,,
JSJ,2025,329,0,,
EOB,2025,1338,0,,
BZE,2025,191,2,,
FBN,2025,119,0,,
LON,2025,689,2,,
IQG,2025,2,0,,
QSK,2025,171,0,,
EBW,2025,13,0,,
KZD,2025,41,0,,
CBI,2025,84,0,,
OYS,2025,84,0,,
KWL,2025,29,0,,
KST,2025,3,0,,
IQI,2025,7,0,,
FSR,2025,10,0,,
FWC,2025,7,0,,
OOG,2025,49,0,,
OHM,2025,19,9,,
LMB,2025,7,0,,
JJH,2025,27,0,,
EXM,2025,4,0,,
BZG,2025,1,0,,
OAF,2025,11,0,,
QIK,2025,5,0,,
EYC,2025,15,0,,
JTZ,2025,20,1,,
NZF,2025,2,0,,
DAO,2025,4,0,,
JIR,2025,2,1,,
OXH,2025,2,0,,
MPW,2025,1,0,,
PIO,2025,9,0,,
QTC,2025,3,0,,
QKA,2025,5,0,,
HAO,2025,7,0,,
PFJ,2025,7,0,,
FFO,2025,2,0,,
QTV,2025,1,0,,
QBN,2025,2,0,,
FDG,2025,2,0,,
HWD,2025,2,0,,
QIY,2025,1,0,,
OPP,2025,1,0,,
OFC,2025,3,0,,
QBC,2025,1,0,,
HBG,2025,2,0,,
QXH,2025,45,0,,
BYJ,2025,1,0,,
-,2025,6,0,,
NDW,2025,4,0,,
HCI,2025,1,0,,
PFA,2025,3,0,,
NOC,2025,1,0,,
LIB,2025,1,1,,
